  0
SECTION
  2
HEADER
  9
$ACADVER
  1
AC1009
  9
$DWGCODEPAGE
  3
ANSI_1252
  9
$INSBASE
 10
0.0
 20
0.0
 30
0.0
  9
$EXTMIN
 10
1e+20
 20
1e+20
 30
1e+20
  9
$EXTMAX
 10
-1e+20
 20
-1e+20
 30
-1e+20
  9
$LIMMIN
 10
0.0
 20
0.0
  9
$LIMMAX
 10
420.0
 20
297.0
  9
$ORTHOMODE
 70
0
  9
$REGENMODE
 70
1
  9
$FILLMODE
 70
1
  9
$DRAGMODE
 70
2
  9
$QTEXTMODE
 70
0
  9
$MIRRTEXT
 70
1
  9
$OSMODE
 70
20583
  9
$LTSCALE
 40
1.0
  9
$ATTMODE
 70
1
  9
$TEXTSIZE
 40
2.5
  9
$TRACEWID
 40
1.0
  9
$TEXTSTYLE
  7
Standard
  9
$CLAYER
  8
0
  9
$CELTYPE
  6
ByLayer
  9
$CECOLOR
 62
256
  9
$DIMSCALE
 40
1.0
  9
$DIMASZ
 40
2.5
  9
$DIMEXO
 40
0.625
  9
$DIMDLI
 40
3.75
  9
$DIMRND
 40
0.0
  9
$DIMDLE
 40
0.0
  9
$DIMEXE
 40
1.25
  9
$DIMTP
 40
0.0
  9
$DIMTM
 40
0.0
  9
$DIMTXT
 40
2.5
  9
$DIMCEN
 40
2.5
  9
$DIMTSZ
 40
0.0
  9
$DIMTOL
 70
0
  9
$DIMLIM
 70
0
  9
$DIMTIH
 70
0
  9
$DIMTOH
 70
0
  9
$DIMSE1
 70
0
  9
$DIMSE2
 70
0
  9
$DIMTAD
 70
1
  9
$DIMZIN
 70
8
  9
$DIMBLK
  1

  9
$DIMASO
 70
1
  9
$DIMSHO
 70
1
  9
$DIMPOST
  1

  9
$DIMAPOST
  1

  9
$DIMALT
 70
0
  9
$DIMALTD
 70
3
  9
$DIMALTF
 40
0.03937007874
  9
$DIMLFAC
 40
1.0
  9
$DIMTOFL
 70
1
  9
$DIMTVP
 40
0.0
  9
$DIMTIX
 70
0
  9
$DIMSOXD
 70
0
  9
$DIMSAH
 70
0
  9
$DIMBLK1
  1

  9
$DIMBLK2
  1

  9
$DIMSTYLE
  2
ISO-25
  9
$DIMCLRD
 70
0
  9
$DIMCLRE
 70
0
  9
$DIMCLRT
 70
0
  9
$DIMTFAC
 40
1.0
  9
$DIMGAP
 40
0.625
  9
$COORDS
 70
1
  9
$ATTDIA
 70
0
  9
$ATTREQ
 70
1
  9
$HANDLING
 70
1
  9
$LUNITS
 70
2
  9
$LUPREC
 70
4
  9
$SKETCHINC
 40
1.0
  9
$FILLETRAD
 40
10.0
  9
$AUNITS
 70
0
  9
$AUPREC
 70
2
  9
$MENU
  1
.
  9
$ELEVATION
 40
0.0
  9
$PELEVATION
 40
0.0
  9
$THICKNESS
 40
0.0
  9
$LIMCHECK
 70
0
  9
$CHAMFERA
 40
0.0
  9
$CHAMFERB
 40
0.0
  9
$SKPOLY
 70
0
  9
$TDCREATE
 40
2461317.9753356483
  9
$TDUPDATE
 40
2461317.9753472223
  9
$TDINDWG
 40
0.0
  9
$TDUSRTIMER
 40
0.0
  9
$USRTIMER
 70
1
  9
$ANGBASE
 50
0.0
  9
$ANGDIR
 70
0
  9
$PDMODE
 70
0
  9
$PDSIZE
 40
0.0
  9
$PLINEWID
 40
0.0
  9
$SPLFRAME
 70
0
  9
$SPLINETYPE
 70
6
  9
$SPLINESEGS
 70
8
  9
$HANDSEED
  5
D42
  9
$SURFTAB1
 70
6
  9
$SURFTAB2
 70
6
  9
$SURFTYPE
 70
6
  9
$SURFU
 70
6
  9
$SURFV
 70
6
  9
$UCSNAME
  2

  9
$UCSORG
 10
0.0
 20
0.0
 30
0.0
  9
$UCSXDIR
 10
1.0
 20
0.0
 30
0.0
  9
$UCSYDIR
 10
0.0
 20
1.0
 30
0.0
  9
$PUCSNAME
  2

  9
$PUCSORG
 10
0.0
 20
0.0
 30
0.0
  9
$PUCSXDIR
 10
1.0
 20
0.0
 30
0.0
  9
$PUCSYDIR
 10
0.0
 20
1.0
 30
0.0
  9
$USERI1
 70
0
  9
$USERI2
 70
0
  9
$USERI3
 70
0
  9
$USERI4
 70
0
  9
$USERI5
 70
0
  9
$USERR1
 40
0.0
  9
$USERR2
 40
0.0
  9
$USERR3
 40
0.0
  9
$USERR4
 40
0.0
  9
$USERR5
 40
0.0
  9
$WORLDVIEW
 70
1
  9
$SHADEDGE
 70
3
  9
$SHADEDIF
 70
70
  9
$TILEMODE
 70
1
  9
$MAXACTVP
 70
64
  9
$PLIMCHECK
 70
0
  9
$PEXTMIN
 10
1e+20
 20
1e+20
 30
1e+20
  9
$PEXTMAX
 10
-1e+20
 20
-1e+20
 30
-1e+20
  9
$PLIMMIN
 10
0.0
 20
0.0
  9
$PLIMMAX
 10
420.0
 20
297.0
  9
$UNITMODE
 70
0
  9
$VISRETAIN
 70
1
  9
$PLINEGEN
 70
0
  9
$PSLTSCALE
 70
1
  0
ENDSEC
  0
SECTION
  2
TABLES
  0
TABLE
  2
VPORT
 70
1
  0
VPORT
  5
23
  2
*Active
 70
0
 10
0.0
 20
0.0
 11
1.0
 21
1.0
 12
0.0
 22
0.0
 13
0.0
 23
0.0
 14
0.5
 24
0.5
 15
0.5
 25
0.5
 16
0.0
 26
0.0
 36
1.0
 17
0.0
 27
0.0
 37
0.0
 40
1000.0
 41
1.34
 42
50.0
 43
0.0
 44
0.0
 50
0.0
 51
0.0
 71
0
 72
1000
 73
1
 74
3
 75
0
 76
0
 77
0
 78
0
  0
ENDTAB
  0
TABLE
  2
LTYPE
 70
3
  0
LTYPE
  5
24
  2
ByBlock
 70
0
  3

 72
65
 73
0
 40
0.0
  0
LTYPE
  5
25
  2
ByLayer
 70
0
  3

 72
65
 73
0
 40
0.0
  0
LTYPE
  5
26
  2
Continuous
 70
0
  3

 72
65
 73
0
 40
0.0
  0
ENDTAB
  0
TABLE
  2
LAYER
 70
2
  0
LAYER
  5
27
  2
0
 70
0
 62
7
  6
Continuous
  0
LAYER
  5
28
  2
Defpoints
 70
0
 62
7
  6
Continuous
  0
ENDTAB
  0
TABLE
  2
STYLE
 70
1
  0
STYLE
  5
29
  2
Standard
 70
0
 40
0.0
 41
1.0
 50
0.0
 71
0
 42
2.5
  3
txt
  4

  0
ENDTAB
  0
TABLE
  2
VIEW
 70
0
  0
ENDTAB
  0
TABLE
  2
UCS
 70
0
  0
ENDTAB
  0
TABLE
  2
APPID
 70
3
  0
APPID
  5
2A
  2
ACAD
 70
0
  0
APPID
  5
D40
  2
HATCHBACKGROUNDCOLOR
 70
0
  0
APPID
  5
D41
  2
EZDXF
 70
0
  0
ENDTAB
  0
TABLE
  2
DIMSTYLE
 70
1
  0
DIMSTYLE
105
2B
  2
Standard
 70
0
  3

  4

  5

  6

  7

 40
1.0
 41
2.5
 42
0.625
 43
3.75
 44
1.25
 45
0.0
 46
0.0
 47
0.0
 48
0.0
140
2.5
141
2.5
142
0.0
143
0.03937007874
144
1.0
145
0.0
146
1.0
147
0.625
 71
0
 72
0
 73
0
 74
0
 75
0
 76
0
 77
1
 78
8
170
0
171
3
172
1
173
0
174
0
175
0
176
0
177
0
178
0
  0
ENDTAB
  0
ENDSEC
  0
SECTION
  2
BLOCKS
  0
BLOCK
  5
18
  8
0
  2
$Model_Space
 70
0
 10
0.0
 20
0.0
 30
0.0
  3
$Model_Space
  1

1001
EZDXF
1000
CREATED_BY_EZDXF
1000
1.4.4 @ 2026-10-03T14:24:29.171016+00:00
1000
WRITTEN_BY_EZDXF
1000
1.4.4 @ 2026-10-03T14:24:30.143770+00:00
  0
ENDBLK
  5
19
  8
0
  0
BLOCK
  5
1C
  8
0
  2
$Paper_Space
 70
0
 10
0.0
 20
0.0
 30
0.0
  3
$Paper_Space
  1

  0
ENDBLK
  5
1D
  8
0
  0
ENDSEC
  0
SECTION
  2
ENTITIES
  0
SOLID
  5
2D
  8
SHEET
 62
5
 10
0.0
 20
85.0
 30
0.0
 11
180.0
 21
85.0
 31
0.0
 12
0.0
 22
86.0
 32
0.0
 13
180.0
 23
86.0
 33
0.0
  0
SOLID
  5
2E
  8
SHEET
 62
5
 10
0.0
 20
83.0
 30
0.0
 11
180.0
 21
83.0
 31
0.0
 12
0.0
 22
84.0
 32
0.0
 13
180.0
 23
84.0
 33
0.0
  0
SOLID
  5
2F
  8
SHEET
 62
5
 10
41.0
 20
82.0
 30
0.0
 11
43.0
 21
82.0
 31
0.0
 12
41.0
 22
83.0
 32
0.0
 13
43.0
 23
83.0
 33
0.0
  0
SOLID
  5
30
  8
SHEET
 62
7
 10
43.0
 20
82.0
 30
0.0
 11
44.0
 21
82.0
 31
0.0
 12
43.0
 22
83.0
 32
0.0
 13
44.0
 23
83.0
 33
0.0
  0
SOLID
  5
31
  8
SHEET
 62
5
 10
0.0
 20
81.0
 30
0.0
 11
41.0
 21
81.0
 31
0.0
 12
0.0
 22
82.0
 32
0.0
 13
41.0
 23
82.0
 33
0.0
  0
SOLID
  5
32
  8
SHEET
 62
5
 10
42.0
 20
81.0
 30
0.0
 11
43.0
 21
81.0
 31
0.0
 12
42.0
 22
82.0
 32
0.0
 13
43.0
 23
82.0
 33
0.0
  0
SOLID
  5
33
  8
SHEET
 62
5
 10
44.0
 20
81.0
 30
0.0
 11
180.0
 21
81.0
 31
0.0
 12
44.0
 22
82.0
 32
0.0
 13
180.0
 23
82.0
 33
0.0
  0
SOLID
  5
34
  8
SHEET
 62
5
 10
40.0
 20
80.0
 30
0.0
 11
41.0
 21
80.0
 31
0.0
 12
40.0
 22
81.0
 32
0.0
 13
41.0
 23
81.0
 33
0.0
  0
SOLID
  5
35
  8
SHEET
 62
7
 10
41.0
 20
80.0
 30
0.0
 11
42.0
 21
80.0
 31
0.0
 12
41.0
 22
81.0
 32
0.0
 13
42.0
 23
81.0
 33
0.0
  0
SOLID
  5
36
  8
SHEET
 62
5
 10
42.0
 20
80.0
 30
0.0
 11
43.0
 21
80.0
 31
0.0
 12
42.0
 22
81.0
 32
0.0
 13
43.0
 23
81.0
 33
0.0
  0
SOLID
  5
37
  8
SHEET
 62
5
 10
44.0
 20
80.0
 30
0.0
 11
45.0
 21
80.0
 31
0.0
 12
44.0
 22
81.0
 32
0.0
 13
45.0
 23
81.0
 33
0.0
  0
SOLID
  5
38
  8
SHEET
 62
5
 10
40.0
 20
79.0
 30
0.0
 11
41.0
 21
79.0
 31
0.0
 12
40.0
 22
80.0
 32
0.0
 13
41.0
 23
80.0
 33
0.0
  0
SOLID
  5
39
  8
SHEET
 62
7
 10
41.0
 20
79.0
 30
0.0
 11
42.0
 21
79.0
 31
0.0
 12
41.0
 22
80.0
 32
0.0
 13
42.0
 23
80.0
 33
0.0
  0
SOLID
  5
3A
  8
SHEET
 62
5
 10
42.0
 20
79.0
 30
0.0
 11
43.0
 21
79.0
 31
0.0
 12
42.0
 22
80.0
 32
0.0
 13
43.0
 23
80.0
 33
0.0
  0
SOLID
  5
3B
  8
SHEET
 62
5
 10
44.0
 20
79.0
 30
0.0
 11
45.0
 21
79.0
 31
0.0
 12
44.0
 22
80.0
 32
0.0
 13
45.0
 23
80.0
 33
0.0
  0
SOLID
  5
3C
  8
SHEET
 62
5
 10
40.0
 20
78.0
 30
0.0
 11
41.0
 21
78.0
 31
0.0
 12
40.0
 22
79.0
 32
0.0
 13
41.0
 23
79.0
 33
0.0
  0
SOLID
  5
3D
  8
SHEET
 62
7
 10
41.0
 20
78.0
 30
0.0
 11
42.0
 21
78.0
 31
0.0
 12
41.0
 22
79.0
 32
0.0
 13
42.0
 23
79.0
 33
0.0
  0
SOLID
  5
3E
  8
SHEET
 62
5
 10
42.0
 20
78.0
 30
0.0
 11
43.0
 21
78.0
 31
0.0
 12
42.0
 22
79.0
 32
0.0
 13
43.0
 23
79.0
 33
0.0
  0
SOLID
  5
3F
  8
SHEET
 62
5
 10
44.0
 20
78.0
 30
0.0
 11
45.0
 21
78.0
 31
0.0
 12
44.0
 22
79.0
 32
0.0
 13
45.0
 23
79.0
 33
0.0
  0
SOLID
  5
40
  8
SHEET
 62
5
 10
40.0
 20
77.0
 30
0.0
 11
41.0
 21
77.0
 31
0.0
 12
40.0
 22
78.0
 32
0.0
 13
41.0
 23
78.0
 33
0.0
  0
SOLID
  5
41
  8
SHEET
 62
7
 10
41.0
 20
77.0
 30
0.0
 11
42.0
 21
77.0
 31
0.0
 12
41.0
 22
78.0
 32
0.0
 13
42.0
 23
78.0
 33
0.0
  0
SOLID
  5
42
  8
SHEET
 62
5
 10
42.0
 20
77.0
 30
0.0
 11
43.0
 21
77.0
 31
0.0
 12
42.0
 22
78.0
 32
0.0
 13
43.0
 23
78.0
 33
0.0
  0
SOLID
  5
43
  8
SHEET
 62
5
 10
44.0
 20
77.0
 30
0.0
 11
45.0
 21
77.0
 31
0.0
 12
44.0
 22
78.0
 32
0.0
 13
45.0
 23
78.0
 33
0.0
  0
SOLID
  5
44
  8
SHEET
 62
5
 10
40.0
 20
76.0
 30
0.0
 11
41.0
 21
76.0
 31
0.0
 12
40.0
 22
77.0
 32
0.0
 13
41.0
 23
77.0
 33
0.0
  0
SOLID
  5
45
  8
SHEET
 62
7
 10
41.0
 20
76.0
 30
0.0
 11
42.0
 21
76.0
 31
0.0
 12
41.0
 22
77.0
 32
0.0
 13
42.0
 23
77.0
 33
0.0
  0
SOLID
  5
46
  8
SHEET
 62
5
 10
42.0
 20
76.0
 30
0.0
 11
43.0
 21
76.0
 31
0.0
 12
42.0
 22
77.0
 32
0.0
 13
43.0
 23
77.0
 33
0.0
  0
SOLID
  5
47
  8
SHEET
 62
5
 10
44.0
 20
76.0
 30
0.0
 11
45.0
 21
76.0
 31
0.0
 12
44.0
 22
77.0
 32
0.0
 13
45.0
 23
77.0
 33
0.0
  0
SOLID
  5
48
  8
SHEET
 62
5
 10
40.0
 20
75.0
 30
0.0
 11
41.0
 21
75.0
 31
0.0
 12
40.0
 22
76.0
 32
0.0
 13
41.0
 23
76.0
 33
0.0
  0
SOLID
  5
49
  8
SHEET
 62
7
 10
41.0
 20
75.0
 30
0.0
 11
42.0
 21
75.0
 31
0.0
 12
41.0
 22
76.0
 32
0.0
 13
42.0
 23
76.0
 33
0.0
  0
SOLID
  5
4A
  8
SHEET
 62
5
 10
42.0
 20
75.0
 30
0.0
 11
43.0
 21
75.0
 31
0.0
 12
42.0
 22
76.0
 32
0.0
 13
43.0
 23
76.0
 33
0.0
  0
SOLID
  5
4B
  8
SHEET
 62
5
 10
44.0
 20
75.0
 30
0.0
 11
45.0
 21
75.0
 31
0.0
 12
44.0
 22
76.0
 32
0.0
 13
45.0
 23
76.0
 33
0.0
  0
SOLID
  5
4C
  8
SHEET
 62
5
 10
40.0
 20
74.0
 30
0.0
 11
41.0
 21
74.0
 31
0.0
 12
40.0
 22
75.0
 32
0.0
 13
41.0
 23
75.0
 33
0.0
  0
SOLID
  5
4D
  8
SHEET
 62
7
 10
41.0
 20
74.0
 30
0.0
 11
42.0
 21
74.0
 31
0.0
 12
41.0
 22
75.0
 32
0.0
 13
42.0
 23
75.0
 33
0.0
  0
SOLID
  5
4E
  8
SHEET
 62
5
 10
42.0
 20
74.0
 30
0.0
 11
43.0
 21
74.0
 31
0.0
 12
42.0
 22
75.0
 32
0.0
 13
43.0
 23
75.0
 33
0.0
  0
SOLID
  5
4F
  8
SHEET
 62
5
 10
44.0
 20
74.0
 30
0.0
 11
45.0
 21
74.0
 31
0.0
 12
44.0
 22
75.0
 32
0.0
 13
45.0
 23
75.0
 33
0.0
  0
SOLID
  5
50
  8
SHEET
 62
5
 10
40.0
 20
73.0
 30
0.0
 11
41.0
 21
73.0
 31
0.0
 12
40.0
 22
74.0
 32
0.0
 13
41.0
 23
74.0
 33
0.0
  0
SOLID
  5
51
  8
SHEET
 62
7
 10
41.0
 20
73.0
 30
0.0
 11
42.0
 21
73.0
 31
0.0
 12
41.0
 22
74.0
 32
0.0
 13
42.0
 23
74.0
 33
0.0
  0
SOLID
  5
52
  8
SHEET
 62
5
 10
42.0
 20
73.0
 30
0.0
 11
43.0
 21
73.0
 31
0.0
 12
42.0
 22
74.0
 32
0.0
 13
43.0
 23
74.0
 33
0.0
  0
SOLID
  5
53
  8
SHEET
 62
5
 10
44.0
 20
73.0
 30
0.0
 11
45.0
 21
73.0
 31
0.0
 12
44.0
 22
74.0
 32
0.0
 13
45.0
 23
74.0
 33
0.0
  0
SOLID
  5
54
  8
SHEET
 62
5
 10
40.0
 20
72.0
 30
0.0
 11
41.0
 21
72.0
 31
0.0
 12
40.0
 22
73.0
 32
0.0
 13
41.0
 23
73.0
 33
0.0
  0
SOLID
  5
55
  8
SHEET
 62
7
 10
41.0
 20
72.0
 30
0.0
 11
42.0
 21
72.0
 31
0.0
 12
41.0
 22
73.0
 32
0.0
 13
42.0
 23
73.0
 33
0.0
  0
SOLID
  5
56
  8
SHEET
 62
5
 10
42.0
 20
72.0
 30
0.0
 11
43.0
 21
72.0
 31
0.0
 12
42.0
 22
73.0
 32
0.0
 13
43.0
 23
73.0
 33
0.0
  0
SOLID
  5
57
  8
SHEET
 62
5
 10
44.0
 20
72.0
 30
0.0
 11
45.0
 21
72.0
 31
0.0
 12
44.0
 22
73.0
 32
0.0
 13
45.0
 23
73.0
 33
0.0
  0
SOLID
  5
58
  8
SHEET
 62
5
 10
40.0
 20
71.0
 30
0.0
 11
41.0
 21
71.0
 31
0.0
 12
40.0
 22
72.0
 32
0.0
 13
41.0
 23
72.0
 33
0.0
  0
SOLID
  5
59
  8
SHEET
 62
7
 10
41.0
 20
71.0
 30
0.0
 11
42.0
 21
71.0
 31
0.0
 12
41.0
 22
72.0
 32
0.0
 13
42.0
 23
72.0
 33
0.0
  0
SOLID
  5
5A
  8
SHEET
 62
5
 10
42.0
 20
71.0
 30
0.0
 11
43.0
 21
71.0
 31
0.0
 12
42.0
 22
72.0
 32
0.0
 13
43.0
 23
72.0
 33
0.0
  0
SOLID
  5
5B
  8
SHEET
 62
5
 10
44.0
 20
71.0
 30
0.0
 11
45.0
 21
71.0
 31
0.0
 12
44.0
 22
72.0
 32
0.0
 13
45.0
 23
72.0
 33
0.0
  0
SOLID
  5
5C
  8
SHEET
 62
5
 10
40.0
 20
70.0
 30
0.0
 11
41.0
 21
70.0
 31
0.0
 12
40.0
 22
71.0
 32
0.0
 13
41.0
 23
71.0
 33
0.0
  0
SOLID
  5
5D
  8
SHEET
 62
7
 10
41.0
 20
70.0
 30
0.0
 11
42.0
 21
70.0
 31
0.0
 12
41.0
 22
71.0
 32
0.0
 13
42.0
 23
71.0
 33
0.0
  0
SOLID
  5
5E
  8
SHEET
 62
5
 10
42.0
 20
70.0
 30
0.0
 11
43.0
 21
70.0
 31
0.0
 12
42.0
 22
71.0
 32
0.0
 13
43.0
 23
71.0
 33
0.0
  0
SOLID
  5
5F
  8
SHEET
 62
5
 10
44.0
 20
70.0
 30
0.0
 11
45.0
 21
70.0
 31
0.0
 12
44.0
 22
71.0
 32
0.0
 13
45.0
 23
71.0
 33
0.0
  0
SOLID
  5
60
  8
SHEET
 62
5
 10
40.0
 20
69.0
 30
0.0
 11
41.0
 21
69.0
 31
0.0
 12
40.0
 22
70.0
 32
0.0
 13
41.0
 23
70.0
 33
0.0
  0
SOLID
  5
61
  8
SHEET
 62
7
 10
41.0
 20
69.0
 30
0.0
 11
42.0
 21
69.0
 31
0.0
 12
41.0
 22
70.0
 32
0.0
 13
42.0
 23
70.0
 33
0.0
  0
SOLID
  5
62
  8
SHEET
 62
5
 10
42.0
 20
69.0
 30
0.0
 11
43.0
 21
69.0
 31
0.0
 12
42.0
 22
70.0
 32
0.0
 13
43.0
 23
70.0
 33
0.0
  0
SOLID
  5
63
  8
SHEET
 62
5
 10
44.0
 20
69.0
 30
0.0
 11
45.0
 21
69.0
 31
0.0
 12
44.0
 22
70.0
 32
0.0
 13
45.0
 23
70.0
 33
0.0
  0
SOLID
  5
64
  8
SHEET
 62
5
 10
40.0
 20
68.0
 30
0.0
 11
41.0
 21
68.0
 31
0.0
 12
40.0
 22
69.0
 32
0.0
 13
41.0
 23
69.0
 33
0.0
  0
SOLID
  5
65
  8
SHEET
 62
7
 10
41.0
 20
68.0
 30
0.0
 11
42.0
 21
68.0
 31
0.0
 12
41.0
 22
69.0
 32
0.0
 13
42.0
 23
69.0
 33
0.0
  0
SOLID
  5
66
  8
SHEET
 62
5
 10
42.0
 20
68.0
 30
0.0
 11
43.0
 21
68.0
 31
0.0
 12
42.0
 22
69.0
 32
0.0
 13
43.0
 23
69.0
 33
0.0
  0
SOLID
  5
67
  8
SHEET
 62
5
 10
44.0
 20
68.0
 30
0.0
 11
45.0
 21
68.0
 31
0.0
 12
44.0
 22
69.0
 32
0.0
 13
45.0
 23
69.0
 33
0.0
  0
SOLID
  5
68
  8
SHEET
 62
5
 10
40.0
 20
67.0
 30
0.0
 11
41.0
 21
67.0
 31
0.0
 12
40.0
 22
68.0
 32
0.0
 13
41.0
 23
68.0
 33
0.0
  0
SOLID
  5
69
  8
SHEET
 62
7
 10
41.0
 20
67.0
 30
0.0
 11
42.0
 21
67.0
 31
0.0
 12
41.0
 22
68.0
 32
0.0
 13
42.0
 23
68.0
 33
0.0
  0
SOLID
  5
6A
  8
SHEET
 62
5
 10
42.0
 20
67.0
 30
0.0
 11
43.0
 21
67.0
 31
0.0
 12
42.0
 22
68.0
 32
0.0
 13
43.0
 23
68.0
 33
0.0
  0
SOLID
  5
6B
  8
SHEET
 62
5
 10
44.0
 20
67.0
 30
0.0
 11
45.0
 21
67.0
 31
0.0
 12
44.0
 22
68.0
 32
0.0
 13
45.0
 23
68.0
 33
0.0
  0
SOLID
  5
6C
  8
SHEET
 62
5
 10
40.0
 20
66.0
 30
0.0
 11
41.0
 21
66.0
 31
0.0
 12
40.0
 22
67.0
 32
0.0
 13
41.0
 23
67.0
 33
0.0
  0
SOLID
  5
6D
  8
SHEET
 62
7
 10
41.0
 20
66.0
 30
0.0
 11
42.0
 21
66.0
 31
0.0
 12
41.0
 22
67.0
 32
0.0
 13
42.0
 23
67.0
 33
0.0
  0
SOLID
  5
6E
  8
SHEET
 62
5
 10
42.0
 20
66.0
 30
0.0
 11
43.0
 21
66.0
 31
0.0
 12
42.0
 22
67.0
 32
0.0
 13
43.0
 23
67.0
 33
0.0
  0
SOLID
  5
6F
  8
SHEET
 62
5
 10
44.0
 20
66.0
 30
0.0
 11
45.0
 21
66.0
 31
0.0
 12
44.0
 22
67.0
 32
0.0
 13
45.0
 23
67.0
 33
0.0
  0
SOLID
  5
70
  8
SHEET
 62
5
 10
74.0
 20
66.0
 30
0.0
 11
75.0
 21
66.0
 31
0.0
 12
74.0
 22
67.0
 32
0.0
 13
75.0
 23
67.0
 33
0.0
  0
SOLID
  5
71
  8
SHEET
 62
5
 10
40.0
 20
65.0
 30
0.0
 11
41.0
 21
65.0
 31
0.0
 12
40.0
 22
66.0
 32
0.0
 13
41.0
 23
66.0
 33
0.0
  0
SOLID
  5
72
  8
SHEET
 62
7
 10
41.0
 20
65.0
 30
0.0
 11
42.0
 21
65.0
 31
0.0
 12
41.0
 22
66.0
 32
0.0
 13
42.0
 23
66.0
 33
0.0
  0
SOLID
  5
73
  8
SHEET
 62
5
 10
42.0
 20
65.0
 30
0.0
 11
43.0
 21
65.0
 31
0.0
 12
42.0
 22
66.0
 32
0.0
 13
43.0
 23
66.0
 33
0.0
  0
SOLID
  5
74
  8
SHEET
 62
5
 10
44.0
 20
65.0
 30
0.0
 11
45.0
 21
65.0
 31
0.0
 12
44.0
 22
66.0
 32
0.0
 13
45.0
 23
66.0
 33
0.0
  0
SOLID
  5
75
  8
SHEET
 62
5
 10
72.0
 20
65.0
 30
0.0
 11
74.0
 21
65.0
 31
0.0
 12
72.0
 22
66.0
 32
0.0
 13
74.0
 23
66.0
 33
0.0
  0
SOLID
  5
76
  8
SHEET
 62
5
 10
75.0
 20
65.0
 30
0.0
 11
76.0
 21
65.0
 31
0.0
 12
75.0
 22
66.0
 32
0.0
 13
76.0
 23
66.0
 33
0.0
  0
SOLID
  5
77
  8
SHEET
 62
5
 10
40.0
 20
64.0
 30
0.0
 11
41.0
 21
64.0
 31
0.0
 12
40.0
 22
65.0
 32
0.0
 13
41.0
 23
65.0
 33
0.0
  0
SOLID
  5
78
  8
SHEET
 62
7
 10
41.0
 20
64.0
 30
0.0
 11
42.0
 21
64.0
 31
0.0
 12
41.0
 22
65.0
 32
0.0
 13
42.0
 23
65.0
 33
0.0
  0
SOLID
  5
79
  8
SHEET
 62
5
 10
42.0
 20
64.0
 30
0.0
 11
43.0
 21
64.0
 31
0.0
 12
42.0
 22
65.0
 32
0.0
 13
43.0
 23
65.0
 33
0.0
  0
SOLID
  5
7A
  8
SHEET
 62
5
 10
44.0
 20
64.0
 30
0.0
 11
45.0
 21
64.0
 31
0.0
 12
44.0
 22
65.0
 32
0.0
 13
45.0
 23
65.0
 33
0.0
  0
SOLID
  5
7B
  8
SHEET
 62
5
 10
71.0
 20
64.0
 30
0.0
 11
72.0
 21
64.0
 31
0.0
 12
71.0
 22
65.0
 32
0.0
 13
72.0
 23
65.0
 33
0.0
  0
SOLID
  5
7C
  8
SHEET
 62
7
 10
73.0
 20
64.0
 30
0.0
 11
74.0
 21
64.0
 31
0.0
 12
73.0
 22
65.0
 32
0.0
 13
74.0
 23
65.0
 33
0.0
  0
SOLID
  5
7D
  8
SHEET
 62
1
 10
74.0
 20
64.0
 30
0.0
 11
75.0
 21
64.0
 31
0.0
 12
74.0
 22
65.0
 32
0.0
 13
75.0
 23
65.0
 33
0.0
  0
SOLID
  5
7E
  8
SHEET
 62
7
 10
75.0
 20
64.0
 30
0.0
 11
76.0
 21
64.0
 31
0.0
 12
75.0
 22
65.0
 32
0.0
 13
76.0
 23
65.0
 33
0.0
  0
SOLID
  5
7F
  8
SHEET
 62
5
 10
76.0
 20
64.0
 30
0.0
 11
77.0
 21
64.0
 31
0.0
 12
76.0
 22
65.0
 32
0.0
 13
77.0
 23
65.0
 33
0.0
  0
SOLID
  5
80
  8
SHEET
 62
5
 10
78.0
 20
64.0
 30
0.0
 11
80.0
 21
64.0
 31
0.0
 12
78.0
 22
65.0
 32
0.0
 13
80.0
 23
65.0
 33
0.0
  0
SOLID
  5
81
  8
SHEET
 62
5
 10
40.0
 20
63.0
 30
0.0
 11
41.0
 21
63.0
 31
0.0
 12
40.0
 22
64.0
 32
0.0
 13
41.0
 23
64.0
 33
0.0
  0
SOLID
  5
82
  8
SHEET
 62
7
 10
41.0
 20
63.0
 30
0.0
 11
42.0
 21
63.0
 31
0.0
 12
41.0
 22
64.0
 32
0.0
 13
42.0
 23
64.0
 33
0.0
  0
SOLID
  5
83
  8
SHEET
 62
5
 10
42.0
 20
63.0
 30
0.0
 11
43.0
 21
63.0
 31
0.0
 12
42.0
 22
64.0
 32
0.0
 13
43.0
 23
64.0
 33
0.0
  0
SOLID
  5
84
  8
SHEET
 62
5
 10
44.0
 20
63.0
 30
0.0
 11
45.0
 21
63.0
 31
0.0
 12
44.0
 22
64.0
 32
0.0
 13
45.0
 23
64.0
 33
0.0
  0
SOLID
  5
85
  8
SHEET
 62
5
 10
70.0
 20
63.0
 30
0.0
 11
72.0
 21
63.0
 31
0.0
 12
70.0
 22
64.0
 32
0.0
 13
72.0
 23
64.0
 33
0.0
  0
SOLID
  5
86
  8
SHEET
 62
1
 10
72.0
 20
63.0
 30
0.0
 11
76.0
 21
63.0
 31
0.0
 12
72.0
 22
64.0
 32
0.0
 13
76.0
 23
64.0
 33
0.0
  0
SOLID
  5
87
  8
SHEET
 62
5
 10
77.0
 20
63.0
 30
0.0
 11
81.0
 21
63.0
 31
0.0
 12
77.0
 22
64.0
 32
0.0
 13
81.0
 23
64.0
 33
0.0
  0
SOLID
  5
88
  8
SHEET
 62
5
 10
40.0
 20
62.0
 30
0.0
 11
41.0
 21
62.0
 31
0.0
 12
40.0
 22
63.0
 32
0.0
 13
41.0
 23
63.0
 33
0.0
  0
SOLID
  5
89
  8
SHEET
 62
7
 10
41.0
 20
62.0
 30
0.0
 11
42.0
 21
62.0
 31
0.0
 12
41.0
 22
63.0
 32
0.0
 13
42.0
 23
63.0
 33
0.0
  0
SOLID
  5
8A
  8
SHEET
 62
5
 10
42.0
 20
62.0
 30
0.0
 11
43.0
 21
62.0
 31
0.0
 12
42.0
 22
63.0
 32
0.0
 13
43.0
 23
63.0
 33
0.0
  0
SOLID
  5
8B
  8
SHEET
 62
5
 10
44.0
 20
62.0
 30
0.0
 11
45.0
 21
62.0
 31
0.0
 12
44.0
 22
63.0
 32
0.0
 13
45.0
 23
63.0
 33
0.0
  0
SOLID
  5
8C
  8
SHEET
 62
5
 10
69.0
 20
62.0
 30
0.0
 11
71.0
 21
62.0
 31
0.0
 12
69.0
 22
63.0
 32
0.0
 13
71.0
 23
63.0
 33
0.0
  0
SOLID
  5
8D
  8
SHEET
 62
7
 10
71.0
 20
62.0
 30
0.0
 11
72.0
 21
62.0
 31
0.0
 12
71.0
 22
63.0
 32
0.0
 13
72.0
 23
63.0
 33
0.0
  0
SOLID
  5
8E
  8
SHEET
 62
1
 10
72.0
 20
62.0
 30
0.0
 11
77.0
 21
62.0
 31
0.0
 12
72.0
 22
63.0
 32
0.0
 13
77.0
 23
63.0
 33
0.0
  0
SOLID
  5
8F
  8
SHEET
 62
1
 10
78.0
 20
62.0
 30
0.0
 11
80.0
 21
62.0
 31
0.0
 12
78.0
 22
63.0
 32
0.0
 13
80.0
 23
63.0
 33
0.0
  0
SOLID
  5
90
  8
SHEET
 62
5
 10
81.0
 20
62.0
 30
0.0
 11
82.0
 21
62.0
 31
0.0
 12
81.0
 22
63.0
 32
0.0
 13
82.0
 23
63.0
 33
0.0
  0
SOLID
  5
91
  8
SHEET
 62
5
 10
89.0
 20
62.0
 30
0.0
 11
91.0
 21
62.0
 31
0.0
 12
89.0
 22
63.0
 32
0.0
 13
91.0
 23
63.0
 33
0.0
  0
SOLID
  5
92
  8
SHEET
 62
5
 10
98.0
 20
62.0
 30
0.0
 11
99.0
 21
62.0
 31
0.0
 12
98.0
 22
63.0
 32
0.0
 13
99.0
 23
63.0
 33
0.0
  0
SOLID
  5
93
  8
SHEET
 62
5
 10
101.0
 20
62.0
 30
0.0
 11
105.0
 21
62.0
 31
0.0
 12
101.0
 22
63.0
 32
0.0
 13
105.0
 23
63.0
 33
0.0
  0
SOLID
  5
94
  8
SHEET
 62
5
 10
40.0
 20
61.0
 30
0.0
 11
41.0
 21
61.0
 31
0.0
 12
40.0
 22
62.0
 32
0.0
 13
41.0
 23
62.0
 33
0.0
  0
SOLID
  5
95
  8
SHEET
 62
7
 10
41.0
 20
61.0
 30
0.0
 11
42.0
 21
61.0
 31
0.0
 12
41.0
 22
62.0
 32
0.0
 13
42.0
 23
62.0
 33
0.0
  0
SOLID
  5
96
  8
SHEET
 62
5
 10
42.0
 20
61.0
 30
0.0
 11
43.0
 21
61.0
 31
0.0
 12
42.0
 22
62.0
 32
0.0
 13
43.0
 23
62.0
 33
0.0
  0
SOLID
  5
97
  8
SHEET
 62
5
 10
44.0
 20
61.0
 30
0.0
 11
45.0
 21
61.0
 31
0.0
 12
44.0
 22
62.0
 32
0.0
 13
45.0
 23
62.0
 33
0.0
  0
SOLID
  5
98
  8
SHEET
 62
5
 10
68.0
 20
61.0
 30
0.0
 11
70.0
 21
61.0
 31
0.0
 12
68.0
 22
62.0
 32
0.0
 13
70.0
 23
62.0
 33
0.0
  0
SOLID
  5
99
  8
SHEET
 62
7
 10
70.0
 20
61.0
 30
0.0
 11
71.0
 21
61.0
 31
0.0
 12
70.0
 22
62.0
 32
0.0
 13
71.0
 23
62.0
 33
0.0
  0
SOLID
  5
9A
  8
SHEET
 62
5
 10
71.0
 20
61.0
 30
0.0
 11
72.0
 21
61.0
 31
0.0
 12
71.0
 22
62.0
 32
0.0
 13
72.0
 23
62.0
 33
0.0
  0
SOLID
  5
9B
  8
SHEET
 62
7
 10
72.0
 20
61.0
 30
0.0
 11
73.0
 21
61.0
 31
0.0
 12
72.0
 22
62.0
 32
0.0
 13
73.0
 23
62.0
 33
0.0
  0
SOLID
  5
9C
  8
SHEET
 62
1
 10
73.0
 20
61.0
 30
0.0
 11
79.0
 21
61.0
 31
0.0
 12
73.0
 22
62.0
 32
0.0
 13
79.0
 23
62.0
 33
0.0
  0
SOLID
  5
9D
  8
SHEET
 62
7
 10
79.0
 20
61.0
 30
0.0
 11
80.0
 21
61.0
 31
0.0
 12
79.0
 22
62.0
 32
0.0
 13
80.0
 23
62.0
 33
0.0
  0
SOLID
  5
9E
  8
SHEET
 62
5
 10
81.0
 20
61.0
 30
0.0
 11
82.0
 21
61.0
 31
0.0
 12
81.0
 22
62.0
 32
0.0
 13
82.0
 23
62.0
 33
0.0
  0
SOLID
  5
9F
  8
SHEET
 62
5
 10
91.0
 20
61.0
 30
0.0
 11
93.0
 21
61.0
 31
0.0
 12
91.0
 22
62.0
 32
0.0
 13
93.0
 23
62.0
 33
0.0
  0
SOLID
  5
A0
  8
SHEET
 62
5
 10
94.0
 20
61.0
 30
0.0
 11
95.0
 21
61.0
 31
0.0
 12
94.0
 22
62.0
 32
0.0
 13
95.0
 23
62.0
 33
0.0
  0
SOLID
  5
A1
  8
SHEET
 62
5
 10
96.0
 20
61.0
 30
0.0
 11
98.0
 21
61.0
 31
0.0
 12
96.0
 22
62.0
 32
0.0
 13
98.0
 23
62.0
 33
0.0
  0
SOLID
  5
A2
  8
SHEET
 62
5
 10
99.0
 20
61.0
 30
0.0
 11
101.0
 21
61.0
 31
0.0
 12
99.0
 22
62.0
 32
0.0
 13
101.0
 23
62.0
 33
0.0
  0
SOLID
  5
A3
  8
SHEET
 62
5
 10
105.0
 20
61.0
 30
0.0
 11
106.0
 21
61.0
 31
0.0
 12
105.0
 22
62.0
 32
0.0
 13
106.0
 23
62.0
 33
0.0
  0
SOLID
  5
A4
  8
SHEET
 62
5
 10
121.0
 20
61.0
 30
0.0
 11
125.0
 21
61.0
 31
0.0
 12
121.0
 22
62.0
 32
0.0
 13
125.0
 23
62.0
 33
0.0
  0
SOLID
  5
A5
  8
SHEET
 62
5
 10
129.0
 20
61.0
 30
0.0
 11
133.0
 21
61.0
 31
0.0
 12
129.0
 22
62.0
 32
0.0
 13
133.0
 23
62.0
 33
0.0
  0
SOLID
  5
A6
  8
SHEET
 62
5
 10
40.0
 20
60.0
 30
0.0
 11
41.0
 21
60.0
 31
0.0
 12
40.0
 22
61.0
 32
0.0
 13
41.0
 23
61.0
 33
0.0
  0
SOLID
  5
A7
  8
SHEET
 62
7
 10
41.0
 20
60.0
 30
0.0
 11
42.0
 21
60.0
 31
0.0
 12
41.0
 22
61.0
 32
0.0
 13
42.0
 23
61.0
 33
0.0
  0
SOLID
  5
A8
  8
SHEET
 62
5
 10
42.0
 20
60.0
 30
0.0
 11
43.0
 21
60.0
 31
0.0
 12
42.0
 22
61.0
 32
0.0
 13
43.0
 23
61.0
 33
0.0
  0
SOLID
  5
A9
  8
SHEET
 62
5
 10
44.0
 20
60.0
 30
0.0
 11
45.0
 21
60.0
 31
0.0
 12
44.0
 22
61.0
 32
0.0
 13
45.0
 23
61.0
 33
0.0
  0
SOLID
  5
AA
  8
SHEET
 62
5
 10
67.0
 20
60.0
 30
0.0
 11
68.0
 21
60.0
 31
0.0
 12
67.0
 22
61.0
 32
0.0
 13
68.0
 23
61.0
 33
0.0
  0
SOLID
  5
AB
  8
SHEET
 62
1
 10
69.0
 20
60.0
 30
0.0
 11
71.0
 21
60.0
 31
0.0
 12
69.0
 22
61.0
 32
0.0
 13
71.0
 23
61.0
 33
0.0
  0
SOLID
  5
AC
  8
SHEET
 62
5
 10
72.0
 20
60.0
 30
0.0
 11
73.0
 21
60.0
 31
0.0
 12
72.0
 22
61.0
 32
0.0
 13
73.0
 23
61.0
 33
0.0
  0
SOLID
  5
AD
  8
SHEET
 62
1
 10
73.0
 20
60.0
 30
0.0
 11
79.0
 21
60.0
 31
0.0
 12
73.0
 22
61.0
 32
0.0
 13
79.0
 23
61.0
 33
0.0
  0
SOLID
  5
AE
  8
SHEET
 62
5
 10
79.0
 20
60.0
 30
0.0
 11
81.0
 21
60.0
 31
0.0
 12
79.0
 22
61.0
 32
0.0
 13
81.0
 23
61.0
 33
0.0
  0
SOLID
  5
AF
  8
SHEET
 62
5
 10
87.0
 20
60.0
 30
0.0
 11
88.0
 21
60.0
 31
0.0
 12
87.0
 22
61.0
 32
0.0
 13
88.0
 23
61.0
 33
0.0
  0
SOLID
  5
B0
  8
SHEET
 62
1
 10
89.0
 20
60.0
 30
0.0
 11
92.0
 21
60.0
 31
0.0
 12
89.0
 22
61.0
 32
0.0
 13
92.0
 23
61.0
 33
0.0
  0
SOLID
  5
B1
  8
SHEET
 62
5
 10
92.0
 20
60.0
 30
0.0
 11
94.0
 21
60.0
 31
0.0
 12
92.0
 22
61.0
 32
0.0
 13
94.0
 23
61.0
 33
0.0
  0
SOLID
  5
B2
  8
SHEET
 62
5
 10
95.0
 20
60.0
 30
0.0
 11
96.0
 21
60.0
 31
0.0
 12
95.0
 22
61.0
 32
0.0
 13
96.0
 23
61.0
 33
0.0
  0
SOLID
  5
B3
  8
SHEET
 62
1
 10
97.0
 20
60.0
 30
0.0
 11
98.0
 21
60.0
 31
0.0
 12
97.0
 22
61.0
 32
0.0
 13
98.0
 23
61.0
 33
0.0
  0
SOLID
  5
B4
  8
SHEET
 62
7
 10
98.0
 20
60.0
 30
0.0
 11
99.0
 21
60.0
 31
0.0
 12
98.0
 22
61.0
 32
0.0
 13
99.0
 23
61.0
 33
0.0
  0
SOLID
  5
B5
  8
SHEET
 62
7
 10
100.0
 20
60.0
 30
0.0
 11
101.0
 21
60.0
 31
0.0
 12
100.0
 22
61.0
 32
0.0
 13
101.0
 23
61.0
 33
0.0
  0
SOLID
  5
B6
  8
SHEET
 62
1
 10
101.0
 20
60.0
 30
0.0
 11
105.0
 21
60.0
 31
0.0
 12
101.0
 22
61.0
 32
0.0
 13
105.0
 23
61.0
 33
0.0
  0
SOLID
  5
B7
  8
SHEET
 62
7
 10
105.0
 20
60.0
 30
0.0
 11
106.0
 21
60.0
 31
0.0
 12
105.0
 22
61.0
 32
0.0
 13
106.0
 23
61.0
 33
0.0
  0
SOLID
  5
B8
  8
SHEET
 62
5
 10
106.0
 20
60.0
 30
0.0
 11
107.0
 21
60.0
 31
0.0
 12
106.0
 22
61.0
 32
0.0
 13
107.0
 23
61.0
 33
0.0
  0
SOLID
  5
B9
  8
SHEET
 62
5
 10
112.0
 20
60.0
 30
0.0
 11
113.0
 21
60.0
 31
0.0
 12
112.0
 22
61.0
 32
0.0
 13
113.0
 23
61.0
 33
0.0
  0
SOLID
  5
BA
  8
SHEET
 62
5
 10
115.0
 20
60.0
 30
0.0
 11
116.0
 21
60.0
 31
0.0
 12
115.0
 22
61.0
 32
0.0
 13
116.0
 23
61.0
 33
0.0
  0
SOLID
  5
BB
  8
SHEET
 62
5
 10
119.0
 20
60.0
 30
0.0
 11
121.0
 21
60.0
 31
0.0
 12
119.0
 22
61.0
 32
0.0
 13
121.0
 23
61.0
 33
0.0
  0
SOLID
  5
BC
  8
SHEET
 62
7
 10
122.0
 20
60.0
 30
0.0
 11
124.0
 21
60.0
 31
0.0
 12
122.0
 22
61.0
 32
0.0
 13
124.0
 23
61.0
 33
0.0
  0
SOLID
  5
BD
  8
SHEET
 62
5
 10
125.0
 20
60.0
 30
0.0
 11
126.0
 21
60.0
 31
0.0
 12
125.0
 22
61.0
 32
0.0
 13
126.0
 23
61.0
 33
0.0
  0
SOLID
  5
BE
  8
SHEET
 62
5
 10
128.0
 20
60.0
 30
0.0
 11
129.0
 21
60.0
 31
0.0
 12
128.0
 22
61.0
 32
0.0
 13
129.0
 23
61.0
 33
0.0
  0
SOLID
  5
BF
  8
SHEET
 62
7
 10
131.0
 20
60.0
 30
0.0
 11
132.0
 21
60.0
 31
0.0
 12
131.0
 22
61.0
 32
0.0
 13
132.0
 23
61.0
 33
0.0
  0
SOLID
  5
C0
  8
SHEET
 62
5
 10
133.0
 20
60.0
 30
0.0
 11
134.0
 21
60.0
 31
0.0
 12
133.0
 22
61.0
 32
0.0
 13
134.0
 23
61.0
 33
0.0
  0
SOLID
  5
C1
  8
SHEET
 62
5
 10
40.0
 20
59.0
 30
0.0
 11
41.0
 21
59.0
 31
0.0
 12
40.0
 22
60.0
 32
0.0
 13
41.0
 23
60.0
 33
0.0
  0
SOLID
  5
C2
  8
SHEET
 62
7
 10
41.0
 20
59.0
 30
0.0
 11
42.0
 21
59.0
 31
0.0
 12
41.0
 22
60.0
 32
0.0
 13
42.0
 23
60.0
 33
0.0
  0
SOLID
  5
C3
  8
SHEET
 62
5
 10
42.0
 20
59.0
 30
0.0
 11
43.0
 21
59.0
 31
0.0
 12
42.0
 22
60.0
 32
0.0
 13
43.0
 23
60.0
 33
0.0
  0
SOLID
  5
C4
  8
SHEET
 62
5
 10
44.0
 20
59.0
 30
0.0
 11
45.0
 21
59.0
 31
0.0
 12
44.0
 22
60.0
 32
0.0
 13
45.0
 23
60.0
 33
0.0
  0
SOLID
  5
C5
  8
SHEET
 62
5
 10
67.0
 20
59.0
 30
0.0
 11
68.0
 21
59.0
 31
0.0
 12
67.0
 22
60.0
 32
0.0
 13
68.0
 23
60.0
 33
0.0
  0
SOLID
  5
C6
  8
SHEET
 62
7
 10
68.0
 20
59.0
 30
0.0
 11
69.0
 21
59.0
 31
0.0
 12
68.0
 22
60.0
 32
0.0
 13
69.0
 23
60.0
 33
0.0
  0
SOLID
  5
C7
  8
SHEET
 62
1
 10
69.0
 20
59.0
 30
0.0
 11
80.0
 21
59.0
 31
0.0
 12
69.0
 22
60.0
 32
0.0
 13
80.0
 23
60.0
 33
0.0
  0
SOLID
  5
C8
  8
SHEET
 62
5
 10
81.0
 20
59.0
 30
0.0
 11
83.0
 21
59.0
 31
0.0
 12
81.0
 22
60.0
 32
0.0
 13
83.0
 23
60.0
 33
0.0
  0
SOLID
  5
C9
  8
SHEET
 62
5
 10
87.0
 20
59.0
 30
0.0
 11
88.0
 21
59.0
 31
0.0
 12
87.0
 22
60.0
 32
0.0
 13
88.0
 23
60.0
 33
0.0
  0
SOLID
  5
CA
  8
SHEET
 62
5
 10
89.0
 20
59.0
 30
0.0
 11
90.0
 21
59.0
 31
0.0
 12
89.0
 22
60.0
 32
0.0
 13
90.0
 23
60.0
 33
0.0
  0
SOLID
  5
CB
  8
SHEET
 62
1
 10
90.0
 20
59.0
 30
0.0
 11
93.0
 21
59.0
 31
0.0
 12
90.0
 22
60.0
 32
0.0
 13
93.0
 23
60.0
 33
0.0
  0
SOLID
  5
CC
  8
SHEET
 62
5
 10
94.0
 20
59.0
 30
0.0
 11
96.0
 21
59.0
 31
0.0
 12
94.0
 22
60.0
 32
0.0
 13
96.0
 23
60.0
 33
0.0
  0
SOLID
  5
CD
  8
SHEET
 62
1
 10
96.0
 20
59.0
 30
0.0
 11
98.0
 21
59.0
 31
0.0
 12
96.0
 22
60.0
 32
0.0
 13
98.0
 23
60.0
 33
0.0
  0
SOLID
  5
CE
  8
SHEET
 62
5
 10
98.0
 20
59.0
 30
0.0
 11
99.0
 21
59.0
 31
0.0
 12
98.0
 22
60.0
 32
0.0
 13
99.0
 23
60.0
 33
0.0
  0
SOLID
  5
CF
  8
SHEET
 62
7
 10
99.0
 20
59.0
 30
0.0
 11
100.0
 21
59.0
 31
0.0
 12
99.0
 22
60.0
 32
0.0
 13
100.0
 23
60.0
 33
0.0
  0
SOLID
  5
D0
  8
SHEET
 62
1
 10
100.0
 20
59.0
 30
0.0
 11
102.0
 21
59.0
 31
0.0
 12
100.0
 22
60.0
 32
0.0
 13
102.0
 23
60.0
 33
0.0
  0
SOLID
  5
D1
  8
SHEET
 62
5
 10
102.0
 20
59.0
 30
0.0
 11
104.0
 21
59.0
 31
0.0
 12
102.0
 22
60.0
 32
0.0
 13
104.0
 23
60.0
 33
0.0
  0
SOLID
  5
D2
  8
SHEET
 62
1
 10
104.0
 20
59.0
 30
0.0
 11
106.0
 21
59.0
 31
0.0
 12
104.0
 22
60.0
 32
0.0
 13
106.0
 23
60.0
 33
0.0
  0
SOLID
  5
D3
  8
SHEET
 62
5
 10
106.0
 20
59.0
 30
0.0
 11
107.0
 21
59.0
 31
0.0
 12
106.0
 22
60.0
 32
0.0
 13
107.0
 23
60.0
 33
0.0
  0
SOLID
  5
D4
  8
SHEET
 62
5
 10
111.0
 20
59.0
 30
0.0
 11
112.0
 21
59.0
 31
0.0
 12
111.0
 22
60.0
 32
0.0
 13
112.0
 23
60.0
 33
0.0
  0
SOLID
  5
D5
  8
SHEET
 62
5
 10
113.0
 20
59.0
 30
0.0
 11
114.0
 21
59.0
 31
0.0
 12
113.0
 22
60.0
 32
0.0
 13
114.0
 23
60.0
 33
0.0
  0
SOLID
  5
D6
  8
SHEET
 62
7
 10
114.0
 20
59.0
 30
0.0
 11
115.0
 21
59.0
 31
0.0
 12
114.0
 22
60.0
 32
0.0
 13
115.0
 23
60.0
 33
0.0
  0
SOLID
  5
D7
  8
SHEET
 62
5
 10
115.0
 20
59.0
 30
0.0
 11
116.0
 21
59.0
 31
0.0
 12
115.0
 22
60.0
 32
0.0
 13
116.0
 23
60.0
 33
0.0
  0
SOLID
  5
D8
  8
SHEET
 62
5
 10
118.0
 20
59.0
 30
0.0
 11
119.0
 21
59.0
 31
0.0
 12
118.0
 22
60.0
 32
0.0
 13
119.0
 23
60.0
 33
0.0
  0
SOLID
  5
D9
  8
SHEET
 62
5
 10
120.0
 20
59.0
 30
0.0
 11
122.0
 21
59.0
 31
0.0
 12
120.0
 22
60.0
 32
0.0
 13
122.0
 23
60.0
 33
0.0
  0
SOLID
  5
DA
  8
SHEET
 62
7
 10
122.0
 20
59.0
 30
0.0
 11
124.0
 21
59.0
 31
0.0
 12
122.0
 22
60.0
 32
0.0
 13
124.0
 23
60.0
 33
0.0
  0
SOLID
  5
DB
  8
SHEET
 62
5
 10
124.0
 20
59.0
 30
0.0
 11
125.0
 21
59.0
 31
0.0
 12
124.0
 22
60.0
 32
0.0
 13
125.0
 23
60.0
 33
0.0
  0
SOLID
  5
DC
  8
SHEET
 62
7
 10
125.0
 20
59.0
 30
0.0
 11
126.0
 21
59.0
 31
0.0
 12
125.0
 22
60.0
 32
0.0
 13
126.0
 23
60.0
 33
0.0
  0
SOLID
  5
DD
  8
SHEET
 62
5
 10
126.0
 20
59.0
 30
0.0
 11
128.0
 21
59.0
 31
0.0
 12
126.0
 22
60.0
 32
0.0
 13
128.0
 23
60.0
 33
0.0
  0
SOLID
  5
DE
  8
SHEET
 62
7
 10
128.0
 20
59.0
 30
0.0
 11
129.0
 21
59.0
 31
0.0
 12
128.0
 22
60.0
 32
0.0
 13
129.0
 23
60.0
 33
0.0
  0
SOLID
  5
DF
  8
SHEET
 62
5
 10
129.0
 20
59.0
 30
0.0
 11
130.0
 21
59.0
 31
0.0
 12
129.0
 22
60.0
 32
0.0
 13
130.0
 23
60.0
 33
0.0
  0
SOLID
  5
E0
  8
SHEET
 62
7
 10
130.0
 20
59.0
 30
0.0
 11
132.0
 21
59.0
 31
0.0
 12
130.0
 22
60.0
 32
0.0
 13
132.0
 23
60.0
 33
0.0
  0
SOLID
  5
E1
  8
SHEET
 62
5
 10
132.0
 20
59.0
 30
0.0
 11
134.0
 21
59.0
 31
0.0
 12
132.0
 22
60.0
 32
0.0
 13
134.0
 23
60.0
 33
0.0
  0
SOLID
  5
E2
  8
SHEET
 62
5
 10
135.0
 20
59.0
 30
0.0
 11
136.0
 21
59.0
 31
0.0
 12
135.0
 22
60.0
 32
0.0
 13
136.0
 23
60.0
 33
0.0
  0
SOLID
  5
E3
  8
SHEET
 62
5
 10
40.0
 20
58.0
 30
0.0
 11
41.0
 21
58.0
 31
0.0
 12
40.0
 22
59.0
 32
0.0
 13
41.0
 23
59.0
 33
0.0
  0
SOLID
  5
E4
  8
SHEET
 62
7
 10
41.0
 20
58.0
 30
0.0
 11
42.0
 21
58.0
 31
0.0
 12
41.0
 22
59.0
 32
0.0
 13
42.0
 23
59.0
 33
0.0
  0
SOLID
  5
E5
  8
SHEET
 62
5
 10
42.0
 20
58.0
 30
0.0
 11
43.0
 21
58.0
 31
0.0
 12
42.0
 22
59.0
 32
0.0
 13
43.0
 23
59.0
 33
0.0
  0
SOLID
  5
E6
  8
SHEET
 62
5
 10
44.0
 20
58.0
 30
0.0
 11
45.0
 21
58.0
 31
0.0
 12
44.0
 22
59.0
 32
0.0
 13
45.0
 23
59.0
 33
0.0
  0
SOLID
  5
E7
  8
SHEET
 62
5
 10
66.0
 20
58.0
 30
0.0
 11
67.0
 21
58.0
 31
0.0
 12
66.0
 22
59.0
 32
0.0
 13
67.0
 23
59.0
 33
0.0
  0
SOLID
  5
E8
  8
SHEET
 62
1
 10
68.0
 20
58.0
 30
0.0
 11
81.0
 21
58.0
 31
0.0
 12
68.0
 22
59.0
 32
0.0
 13
81.0
 23
59.0
 33
0.0
  0
SOLID
  5
E9
  8
SHEET
 62
7
 10
81.0
 20
58.0
 30
0.0
 11
82.0
 21
58.0
 31
0.0
 12
81.0
 22
59.0
 32
0.0
 13
82.0
 23
59.0
 33
0.0
  0
SOLID
  5
EA
  8
SHEET
 62
5
 10
83.0
 20
58.0
 30
0.0
 11
84.0
 21
58.0
 31
0.0
 12
83.0
 22
59.0
 32
0.0
 13
84.0
 23
59.0
 33
0.0
  0
SOLID
  5
EB
  8
SHEET
 62
5
 10
89.0
 20
58.0
 30
0.0
 11
90.0
 21
58.0
 31
0.0
 12
89.0
 22
59.0
 32
0.0
 13
90.0
 23
59.0
 33
0.0
  0
SOLID
  5
EC
  8
SHEET
 62
1
 10
91.0
 20
58.0
 30
0.0
 11
94.0
 21
58.0
 31
0.0
 12
91.0
 22
59.0
 32
0.0
 13
94.0
 23
59.0
 33
0.0
  0
SOLID
  5
ED
  8
SHEET
 62
5
 10
94.0
 20
58.0
 30
0.0
 11
95.0
 21
58.0
 31
0.0
 12
94.0
 22
59.0
 32
0.0
 13
95.0
 23
59.0
 33
0.0
  0
SOLID
  5
EE
  8
SHEET
 62
7
 10
95.0
 20
58.0
 30
0.0
 11
96.0
 21
58.0
 31
0.0
 12
95.0
 22
59.0
 32
0.0
 13
96.0
 23
59.0
 33
0.0
  0
SOLID
  5
EF
  8
SHEET
 62
1
 10
96.0
 20
58.0
 30
0.0
 11
97.0
 21
58.0
 31
0.0
 12
96.0
 22
59.0
 32
0.0
 13
97.0
 23
59.0
 33
0.0
  0
SOLID
  5
F0
  8
SHEET
 62
7
 10
97.0
 20
58.0
 30
0.0
 11
98.0
 21
58.0
 31
0.0
 12
97.0
 22
59.0
 32
0.0
 13
98.0
 23
59.0
 33
0.0
  0
SOLID
  5
F1
  8
SHEET
 62
5
 10
98.0
 20
58.0
 30
0.0
 11
99.0
 21
58.0
 31
0.0
 12
98.0
 22
59.0
 32
0.0
 13
99.0
 23
59.0
 33
0.0
  0
SOLID
  5
F2
  8
SHEET
 62
1
 10
99.0
 20
58.0
 30
0.0
 11
101.0
 21
58.0
 31
0.0
 12
99.0
 22
59.0
 32
0.0
 13
101.0
 23
59.0
 33
0.0
  0
SOLID
  5
F3
  8
SHEET
 62
7
 10
101.0
 20
58.0
 30
0.0
 11
102.0
 21
58.0
 31
0.0
 12
101.0
 22
59.0
 32
0.0
 13
102.0
 23
59.0
 33
0.0
  0
SOLID
  5
F4
  8
SHEET
 62
5
 10
102.0
 20
58.0
 30
0.0
 11
104.0
 21
58.0
 31
0.0
 12
102.0
 22
59.0
 32
0.0
 13
104.0
 23
59.0
 33
0.0
  0
SOLID
  5
F5
  8
SHEET
 62
7
 10
104.0
 20
58.0
 30
0.0
 11
105.0
 21
58.0
 31
0.0
 12
104.0
 22
59.0
 32
0.0
 13
105.0
 23
59.0
 33
0.0
  0
SOLID
  5
F6
  8
SHEET
 62
1
 10
105.0
 20
58.0
 30
0.0
 11
106.0
 21
58.0
 31
0.0
 12
105.0
 22
59.0
 32
0.0
 13
106.0
 23
59.0
 33
0.0
  0
SOLID
  5
F7
  8
SHEET
 62
5
 10
106.0
 20
58.0
 30
0.0
 11
107.0
 21
58.0
 31
0.0
 12
106.0
 22
59.0
 32
0.0
 13
107.0
 23
59.0
 33
0.0
  0
SOLID
  5
F8
  8
SHEET
 62
5
 10
111.0
 20
58.0
 30
0.0
 11
112.0
 21
58.0
 31
0.0
 12
111.0
 22
59.0
 32
0.0
 13
112.0
 23
59.0
 33
0.0
  0
SOLID
  5
F9
  8
SHEET
 62
7
 10
112.0
 20
58.0
 30
0.0
 11
113.0
 21
58.0
 31
0.0
 12
112.0
 22
59.0
 32
0.0
 13
113.0
 23
59.0
 33
0.0
  0
SOLID
  5
FA
  8
SHEET
 62
5
 10
113.0
 20
58.0
 30
0.0
 11
115.0
 21
58.0
 31
0.0
 12
113.0
 22
59.0
 32
0.0
 13
115.0
 23
59.0
 33
0.0
  0
SOLID
  5
FB
  8
SHEET
 62
5
 10
118.0
 20
58.0
 30
0.0
 11
119.0
 21
58.0
 31
0.0
 12
118.0
 22
59.0
 32
0.0
 13
119.0
 23
59.0
 33
0.0
  0
SOLID
  5
FC
  8
SHEET
 62
7
 10
119.0
 20
58.0
 30
0.0
 11
120.0
 21
58.0
 31
0.0
 12
119.0
 22
59.0
 32
0.0
 13
120.0
 23
59.0
 33
0.0
  0
SOLID
  5
FD
  8
SHEET
 62
5
 10
120.0
 20
58.0
 30
0.0
 11
121.0
 21
58.0
 31
0.0
 12
120.0
 22
59.0
 32
0.0
 13
121.0
 23
59.0
 33
0.0
  0
SOLID
  5
FE
  8
SHEET
 62
5
 10
122.0
 20
58.0
 30
0.0
 11
124.0
 21
58.0
 31
0.0
 12
122.0
 22
59.0
 32
0.0
 13
124.0
 23
59.0
 33
0.0
  0
SOLID
  5
FF
  8
SHEET
 62
7
 10
125.0
 20
58.0
 30
0.0
 11
126.0
 21
58.0
 31
0.0
 12
125.0
 22
59.0
 32
0.0
 13
126.0
 23
59.0
 33
0.0
  0
SOLID
  5
100
  8
SHEET
 62
5
 10
126.0
 20
58.0
 30
0.0
 11
127.0
 21
58.0
 31
0.0
 12
126.0
 22
59.0
 32
0.0
 13
127.0
 23
59.0
 33
0.0
  0
SOLID
  5
101
  8
SHEET
 62
7
 10
127.0
 20
58.0
 30
0.0
 11
128.0
 21
58.0
 31
0.0
 12
127.0
 22
59.0
 32
0.0
 13
128.0
 23
59.0
 33
0.0
  0
SOLID
  5
102
  8
SHEET
 62
5
 10
128.0
 20
58.0
 30
0.0
 11
129.0
 21
58.0
 31
0.0
 12
128.0
 22
59.0
 32
0.0
 13
129.0
 23
59.0
 33
0.0
  0
SOLID
  5
103
  8
SHEET
 62
7
 10
129.0
 20
58.0
 30
0.0
 11
130.0
 21
58.0
 31
0.0
 12
129.0
 22
59.0
 32
0.0
 13
130.0
 23
59.0
 33
0.0
  0
SOLID
  5
104
  8
SHEET
 62
5
 10
130.0
 20
58.0
 30
0.0
 11
132.0
 21
58.0
 31
0.0
 12
130.0
 22
59.0
 32
0.0
 13
132.0
 23
59.0
 33
0.0
  0
SOLID
  5
105
  8
SHEET
 62
7
 10
133.0
 20
58.0
 30
0.0
 11
134.0
 21
58.0
 31
0.0
 12
133.0
 22
59.0
 32
0.0
 13
134.0
 23
59.0
 33
0.0
  0
SOLID
  5
106
  8
SHEET
 62
5
 10
135.0
 20
58.0
 30
0.0
 11
136.0
 21
58.0
 31
0.0
 12
135.0
 22
59.0
 32
0.0
 13
136.0
 23
59.0
 33
0.0
  0
SOLID
  5
107
  8
SHEET
 62
5
 10
40.0
 20
57.0
 30
0.0
 11
41.0
 21
57.0
 31
0.0
 12
40.0
 22
58.0
 32
0.0
 13
41.0
 23
58.0
 33
0.0
  0
SOLID
  5
108
  8
SHEET
 62
7
 10
41.0
 20
57.0
 30
0.0
 11
42.0
 21
57.0
 31
0.0
 12
41.0
 22
58.0
 32
0.0
 13
42.0
 23
58.0
 33
0.0
  0
SOLID
  5
109
  8
SHEET
 62
5
 10
42.0
 20
57.0
 30
0.0
 11
43.0
 21
57.0
 31
0.0
 12
42.0
 22
58.0
 32
0.0
 13
43.0
 23
58.0
 33
0.0
  0
SOLID
  5
10A
  8
SHEET
 62
5
 10
44.0
 20
57.0
 30
0.0
 11
45.0
 21
57.0
 31
0.0
 12
44.0
 22
58.0
 32
0.0
 13
45.0
 23
58.0
 33
0.0
  0
SOLID
  5
10B
  8
SHEET
 62
5
 10
62.0
 20
57.0
 30
0.0
 11
65.0
 21
57.0
 31
0.0
 12
62.0
 22
58.0
 32
0.0
 13
65.0
 23
58.0
 33
0.0
  0
SOLID
  5
10C
  8
SHEET
 62
5
 10
66.0
 20
57.0
 30
0.0
 11
69.0
 21
57.0
 31
0.0
 12
66.0
 22
58.0
 32
0.0
 13
69.0
 23
58.0
 33
0.0
  0
SOLID
  5
10D
  8
SHEET
 62
1
 10
69.0
 20
57.0
 30
0.0
 11
81.0
 21
57.0
 31
0.0
 12
69.0
 22
58.0
 32
0.0
 13
81.0
 23
58.0
 33
0.0
  0
SOLID
  5
10E
  8
SHEET
 62
5
 10
81.0
 20
57.0
 30
0.0
 11
86.0
 21
57.0
 31
0.0
 12
81.0
 22
58.0
 32
0.0
 13
86.0
 23
58.0
 33
0.0
  0
SOLID
  5
10F
  8
SHEET
 62
5
 10
90.0
 20
57.0
 30
0.0
 11
91.0
 21
57.0
 31
0.0
 12
90.0
 22
58.0
 32
0.0
 13
91.0
 23
58.0
 33
0.0
  0
SOLID
  5
110
  8
SHEET
 62
7
 10
91.0
 20
57.0
 30
0.0
 11
92.0
 21
57.0
 31
0.0
 12
91.0
 22
58.0
 32
0.0
 13
92.0
 23
58.0
 33
0.0
  0
SOLID
  5
111
  8
SHEET
 62
1
 10
92.0
 20
57.0
 30
0.0
 11
94.0
 21
57.0
 31
0.0
 12
92.0
 22
58.0
 32
0.0
 13
94.0
 23
58.0
 33
0.0
  0
SOLID
  5
112
  8
SHEET
 62
7
 10
94.0
 20
57.0
 30
0.0
 11
95.0
 21
57.0
 31
0.0
 12
94.0
 22
58.0
 32
0.0
 13
95.0
 23
58.0
 33
0.0
  0
SOLID
  5
113
  8
SHEET
 62
1
 10
95.0
 20
57.0
 30
0.0
 11
97.0
 21
57.0
 31
0.0
 12
95.0
 22
58.0
 32
0.0
 13
97.0
 23
58.0
 33
0.0
  0
SOLID
  5
114
  8
SHEET
 62
5
 10
97.0
 20
57.0
 30
0.0
 11
99.0
 21
57.0
 31
0.0
 12
97.0
 22
58.0
 32
0.0
 13
99.0
 23
58.0
 33
0.0
  0
SOLID
  5
115
  8
SHEET
 62
7
 10
99.0
 20
57.0
 30
0.0
 11
100.0
 21
57.0
 31
0.0
 12
99.0
 22
58.0
 32
0.0
 13
100.0
 23
58.0
 33
0.0
  0
SOLID
  5
116
  8
SHEET
 62
1
 10
100.0
 20
57.0
 30
0.0
 11
102.0
 21
57.0
 31
0.0
 12
100.0
 22
58.0
 32
0.0
 13
102.0
 23
58.0
 33
0.0
  0
SOLID
  5
117
  8
SHEET
 62
7
 10
102.0
 20
57.0
 30
0.0
 11
103.0
 21
57.0
 31
0.0
 12
102.0
 22
58.0
 32
0.0
 13
103.0
 23
58.0
 33
0.0
  0
SOLID
  5
118
  8
SHEET
 62
5
 10
104.0
 20
57.0
 30
0.0
 11
106.0
 21
57.0
 31
0.0
 12
104.0
 22
58.0
 32
0.0
 13
106.0
 23
58.0
 33
0.0
  0
SOLID
  5
119
  8
SHEET
 62
5
 10
110.0
 20
57.0
 30
0.0
 11
111.0
 21
57.0
 31
0.0
 12
110.0
 22
58.0
 32
0.0
 13
111.0
 23
58.0
 33
0.0
  0
SOLID
  5
11A
  8
SHEET
 62
5
 10
112.0
 20
57.0
 30
0.0
 11
113.0
 21
57.0
 31
0.0
 12
112.0
 22
58.0
 32
0.0
 13
113.0
 23
58.0
 33
0.0
  0
SOLID
  5
11B
  8
SHEET
 62
7
 10
113.0
 20
57.0
 30
0.0
 11
114.0
 21
57.0
 31
0.0
 12
113.0
 22
58.0
 32
0.0
 13
114.0
 23
58.0
 33
0.0
  0
SOLID
  5
11C
  8
SHEET
 62
5
 10
114.0
 20
57.0
 30
0.0
 11
115.0
 21
57.0
 31
0.0
 12
114.0
 22
58.0
 32
0.0
 13
115.0
 23
58.0
 33
0.0
  0
SOLID
  5
11D
  8
SHEET
 62
5
 10
116.0
 20
57.0
 30
0.0
 11
117.0
 21
57.0
 31
0.0
 12
116.0
 22
58.0
 32
0.0
 13
117.0
 23
58.0
 33
0.0
  0
SOLID
  5
11E
  8
SHEET
 62
5
 10
119.0
 20
57.0
 30
0.0
 11
122.0
 21
57.0
 31
0.0
 12
119.0
 22
58.0
 32
0.0
 13
122.0
 23
58.0
 33
0.0
  0
SOLID
  5
11F
  8
SHEET
 62
5
 10
124.0
 20
57.0
 30
0.0
 11
129.0
 21
57.0
 31
0.0
 12
124.0
 22
58.0
 32
0.0
 13
129.0
 23
58.0
 33
0.0
  0
SOLID
  5
120
  8
SHEET
 62
5
 10
133.0
 20
57.0
 30
0.0
 11
134.0
 21
57.0
 31
0.0
 12
133.0
 22
58.0
 32
0.0
 13
134.0
 23
58.0
 33
0.0
  0
SOLID
  5
121
  8
SHEET
 62
5
 10
40.0
 20
56.0
 30
0.0
 11
41.0
 21
56.0
 31
0.0
 12
40.0
 22
57.0
 32
0.0
 13
41.0
 23
57.0
 33
0.0
  0
SOLID
  5
122
  8
SHEET
 62
7
 10
41.0
 20
56.0
 30
0.0
 11
42.0
 21
56.0
 31
0.0
 12
41.0
 22
57.0
 32
0.0
 13
42.0
 23
57.0
 33
0.0
  0
SOLID
  5
123
  8
SHEET
 62
5
 10
42.0
 20
56.0
 30
0.0
 11
43.0
 21
56.0
 31
0.0
 12
42.0
 22
57.0
 32
0.0
 13
43.0
 23
57.0
 33
0.0
  0
SOLID
  5
124
  8
SHEET
 62
5
 10
44.0
 20
56.0
 30
0.0
 11
45.0
 21
56.0
 31
0.0
 12
44.0
 22
57.0
 32
0.0
 13
45.0
 23
57.0
 33
0.0
  0
SOLID
  5
125
  8
SHEET
 62
5
 10
61.0
 20
56.0
 30
0.0
 11
62.0
 21
56.0
 31
0.0
 12
61.0
 22
57.0
 32
0.0
 13
62.0
 23
57.0
 33
0.0
  0
SOLID
  5
126
  8
SHEET
 62
5
 10
63.0
 20
56.0
 30
0.0
 11
64.0
 21
56.0
 31
0.0
 12
63.0
 22
57.0
 32
0.0
 13
64.0
 23
57.0
 33
0.0
  0
SOLID
  5
127
  8
SHEET
 62
5
 10
65.0
 20
56.0
 30
0.0
 11
66.0
 21
56.0
 31
0.0
 12
65.0
 22
57.0
 32
0.0
 13
66.0
 23
57.0
 33
0.0
  0
SOLID
  5
128
  8
SHEET
 62
7
 10
66.0
 20
56.0
 30
0.0
 11
67.0
 21
56.0
 31
0.0
 12
66.0
 22
57.0
 32
0.0
 13
67.0
 23
57.0
 33
0.0
  0
SOLID
  5
129
  8
SHEET
 62
5
 10
67.0
 20
56.0
 30
0.0
 11
71.0
 21
56.0
 31
0.0
 12
67.0
 22
57.0
 32
0.0
 13
71.0
 23
57.0
 33
0.0
  0
SOLID
  5
12A
  8
SHEET
 62
1
 10
71.0
 20
56.0
 30
0.0
 11
77.0
 21
56.0
 31
0.0
 12
71.0
 22
57.0
 32
0.0
 13
77.0
 23
57.0
 33
0.0
  0
SOLID
  5
12B
  8
SHEET
 62
5
 10
77.0
 20
56.0
 30
0.0
 11
78.0
 21
56.0
 31
0.0
 12
77.0
 22
57.0
 32
0.0
 13
78.0
 23
57.0
 33
0.0
  0
SOLID
  5
12C
  8
SHEET
 62
1
 10
78.0
 20
56.0
 30
0.0
 11
81.0
 21
56.0
 31
0.0
 12
78.0
 22
57.0
 32
0.0
 13
81.0
 23
57.0
 33
0.0
  0
SOLID
  5
12D
  8
SHEET
 62
5
 10
81.0
 20
56.0
 30
0.0
 11
85.0
 21
56.0
 31
0.0
 12
81.0
 22
57.0
 32
0.0
 13
85.0
 23
57.0
 33
0.0
  0
SOLID
  5
12E
  8
SHEET
 62
5
 10
91.0
 20
56.0
 30
0.0
 11
92.0
 21
56.0
 31
0.0
 12
91.0
 22
57.0
 32
0.0
 13
92.0
 23
57.0
 33
0.0
  0
SOLID
  5
12F
  8
SHEET
 62
7
 10
92.0
 20
56.0
 30
0.0
 11
93.0
 21
56.0
 31
0.0
 12
92.0
 22
57.0
 32
0.0
 13
93.0
 23
57.0
 33
0.0
  0
SOLID
  5
130
  8
SHEET
 62
1
 10
93.0
 20
56.0
 30
0.0
 11
96.0
 21
56.0
 31
0.0
 12
93.0
 22
57.0
 32
0.0
 13
96.0
 23
57.0
 33
0.0
  0
SOLID
  5
131
  8
SHEET
 62
5
 10
97.0
 20
56.0
 30
0.0
 11
99.0
 21
56.0
 31
0.0
 12
97.0
 22
57.0
 32
0.0
 13
99.0
 23
57.0
 33
0.0
  0
SOLID
  5
132
  8
SHEET
 62
7
 10
100.0
 20
56.0
 30
0.0
 11
101.0
 21
56.0
 31
0.0
 12
100.0
 22
57.0
 32
0.0
 13
101.0
 23
57.0
 33
0.0
  0
SOLID
  5
133
  8
SHEET
 62
1
 10
101.0
 20
56.0
 30
0.0
 11
104.0
 21
56.0
 31
0.0
 12
101.0
 22
57.0
 32
0.0
 13
104.0
 23
57.0
 33
0.0
  0
SOLID
  5
134
  8
SHEET
 62
7
 10
104.0
 20
56.0
 30
0.0
 11
105.0
 21
56.0
 31
0.0
 12
104.0
 22
57.0
 32
0.0
 13
105.0
 23
57.0
 33
0.0
  0
SOLID
  5
135
  8
SHEET
 62
5
 10
106.0
 20
56.0
 30
0.0
 11
107.0
 21
56.0
 31
0.0
 12
106.0
 22
57.0
 32
0.0
 13
107.0
 23
57.0
 33
0.0
  0
SOLID
  5
136
  8
SHEET
 62
5
 10
110.0
 20
56.0
 30
0.0
 11
111.0
 21
56.0
 31
0.0
 12
110.0
 22
57.0
 32
0.0
 13
111.0
 23
57.0
 33
0.0
  0
SOLID
  5
137
  8
SHEET
 62
7
 10
111.0
 20
56.0
 30
0.0
 11
113.0
 21
56.0
 31
0.0
 12
111.0
 22
57.0
 32
0.0
 13
113.0
 23
57.0
 33
0.0
  0
SOLID
  5
138
  8
SHEET
 62
5
 10
114.0
 20
56.0
 30
0.0
 11
115.0
 21
56.0
 31
0.0
 12
114.0
 22
57.0
 32
0.0
 13
115.0
 23
57.0
 33
0.0
  0
SOLID
  5
139
  8
SHEET
 62
7
 10
115.0
 20
56.0
 30
0.0
 11
116.0
 21
56.0
 31
0.0
 12
115.0
 22
57.0
 32
0.0
 13
116.0
 23
57.0
 33
0.0
  0
SOLID
  5
13A
  8
SHEET
 62
5
 10
116.0
 20
56.0
 30
0.0
 11
118.0
 21
56.0
 31
0.0
 12
116.0
 22
57.0
 32
0.0
 13
118.0
 23
57.0
 33
0.0
  0
SOLID
  5
13B
  8
SHEET
 62
5
 10
119.0
 20
56.0
 30
0.0
 11
122.0
 21
56.0
 31
0.0
 12
119.0
 22
57.0
 32
0.0
 13
122.0
 23
57.0
 33
0.0
  0
SOLID
  5
13C
  8
SHEET
 62
5
 10
125.0
 20
56.0
 30
0.0
 11
126.0
 21
56.0
 31
0.0
 12
125.0
 22
57.0
 32
0.0
 13
126.0
 23
57.0
 33
0.0
  0
SOLID
  5
13D
  8
SHEET
 62
5
 10
127.0
 20
56.0
 30
0.0
 11
130.0
 21
56.0
 31
0.0
 12
127.0
 22
57.0
 32
0.0
 13
130.0
 23
57.0
 33
0.0
  0
SOLID
  5
13E
  8
SHEET
 62
5
 10
40.0
 20
55.0
 30
0.0
 11
41.0
 21
55.0
 31
0.0
 12
40.0
 22
56.0
 32
0.0
 13
41.0
 23
56.0
 33
0.0
  0
SOLID
  5
13F
  8
SHEET
 62
7
 10
41.0
 20
55.0
 30
0.0
 11
42.0
 21
55.0
 31
0.0
 12
41.0
 22
56.0
 32
0.0
 13
42.0
 23
56.0
 33
0.0
  0
SOLID
  5
140
  8
SHEET
 62
5
 10
42.0
 20
55.0
 30
0.0
 11
43.0
 21
55.0
 31
0.0
 12
42.0
 22
56.0
 32
0.0
 13
43.0
 23
56.0
 33
0.0
  0
SOLID
  5
141
  8
SHEET
 62
5
 10
44.0
 20
55.0
 30
0.0
 11
45.0
 21
55.0
 31
0.0
 12
44.0
 22
56.0
 32
0.0
 13
45.0
 23
56.0
 33
0.0
  0
SOLID
  5
142
  8
SHEET
 62
5
 10
61.0
 20
55.0
 30
0.0
 11
65.0
 21
55.0
 31
0.0
 12
61.0
 22
56.0
 32
0.0
 13
65.0
 23
56.0
 33
0.0
  0
SOLID
  5
143
  8
SHEET
 62
5
 10
66.0
 20
55.0
 30
0.0
 11
71.0
 21
55.0
 31
0.0
 12
66.0
 22
56.0
 32
0.0
 13
71.0
 23
56.0
 33
0.0
  0
SOLID
  5
144
  8
SHEET
 62
1
 10
71.0
 20
55.0
 30
0.0
 11
76.0
 21
55.0
 31
0.0
 12
71.0
 22
56.0
 32
0.0
 13
76.0
 23
56.0
 33
0.0
  0
SOLID
  5
145
  8
SHEET
 62
5
 10
76.0
 20
55.0
 30
0.0
 11
79.0
 21
55.0
 31
0.0
 12
76.0
 22
56.0
 32
0.0
 13
79.0
 23
56.0
 33
0.0
  0
SOLID
  5
146
  8
SHEET
 62
1
 10
79.0
 20
55.0
 30
0.0
 11
80.0
 21
55.0
 31
0.0
 12
79.0
 22
56.0
 32
0.0
 13
80.0
 23
56.0
 33
0.0
  0
SOLID
  5
147
  8
SHEET
 62
5
 10
80.0
 20
55.0
 30
0.0
 11
85.0
 21
55.0
 31
0.0
 12
80.0
 22
56.0
 32
0.0
 13
85.0
 23
56.0
 33
0.0
  0
SOLID
  5
148
  8
SHEET
 62
7
 10
85.0
 20
55.0
 30
0.0
 11
86.0
 21
55.0
 31
0.0
 12
85.0
 22
56.0
 32
0.0
 13
86.0
 23
56.0
 33
0.0
  0
SOLID
  5
149
  8
SHEET
 62
5
 10
86.0
 20
55.0
 30
0.0
 11
87.0
 21
55.0
 31
0.0
 12
86.0
 22
56.0
 32
0.0
 13
87.0
 23
56.0
 33
0.0
  0
SOLID
  5
14A
  8
SHEET
 62
5
 10
91.0
 20
55.0
 30
0.0
 11
92.0
 21
55.0
 31
0.0
 12
91.0
 22
56.0
 32
0.0
 13
92.0
 23
56.0
 33
0.0
  0
SOLID
  5
14B
  8
SHEET
 62
1
 10
93.0
 20
55.0
 30
0.0
 11
95.0
 21
55.0
 31
0.0
 12
93.0
 22
56.0
 32
0.0
 13
95.0
 23
56.0
 33
0.0
  0
SOLID
  5
14C
  8
SHEET
 62
7
 10
95.0
 20
55.0
 30
0.0
 11
96.0
 21
55.0
 31
0.0
 12
95.0
 22
56.0
 32
0.0
 13
96.0
 23
56.0
 33
0.0
  0
SOLID
  5
14D
  8
SHEET
 62
5
 10
96.0
 20
55.0
 30
0.0
 11
97.0
 21
55.0
 31
0.0
 12
96.0
 22
56.0
 32
0.0
 13
97.0
 23
56.0
 33
0.0
  0
SOLID
  5
14E
  8
SHEET
 62
5
 10
100.0
 20
55.0
 30
0.0
 11
102.0
 21
55.0
 31
0.0
 12
100.0
 22
56.0
 32
0.0
 13
102.0
 23
56.0
 33
0.0
  0
SOLID
  5
14F
  8
SHEET
 62
1
 10
102.0
 20
55.0
 30
0.0
 11
106.0
 21
55.0
 31
0.0
 12
102.0
 22
56.0
 32
0.0
 13
106.0
 23
56.0
 33
0.0
  0
SOLID
  5
150
  8
SHEET
 62
5
 10
107.0
 20
55.0
 30
0.0
 11
108.0
 21
55.0
 31
0.0
 12
107.0
 22
56.0
 32
0.0
 13
108.0
 23
56.0
 33
0.0
  0
SOLID
  5
151
  8
SHEET
 62
5
 10
109.0
 20
55.0
 30
0.0
 11
110.0
 21
55.0
 31
0.0
 12
109.0
 22
56.0
 32
0.0
 13
110.0
 23
56.0
 33
0.0
  0
SOLID
  5
152
  8
SHEET
 62
5
 10
111.0
 20
55.0
 30
0.0
 11
112.0
 21
55.0
 31
0.0
 12
111.0
 22
56.0
 32
0.0
 13
112.0
 23
56.0
 33
0.0
  0
SOLID
  5
153
  8
SHEET
 62
5
 10
113.0
 20
55.0
 30
0.0
 11
114.0
 21
55.0
 31
0.0
 12
113.0
 22
56.0
 32
0.0
 13
114.0
 23
56.0
 33
0.0
  0
SOLID
  5
154
  8
SHEET
 62
7
 10
114.0
 20
55.0
 30
0.0
 11
115.0
 21
55.0
 31
0.0
 12
114.0
 22
56.0
 32
0.0
 13
115.0
 23
56.0
 33
0.0
  0
SOLID
  5
155
  8
SHEET
 62
5
 10
115.0
 20
55.0
 30
0.0
 11
116.0
 21
55.0
 31
0.0
 12
115.0
 22
56.0
 32
0.0
 13
116.0
 23
56.0
 33
0.0
  0
SOLID
  5
156
  8
SHEET
 62
5
 10
117.0
 20
55.0
 30
0.0
 11
118.0
 21
55.0
 31
0.0
 12
117.0
 22
56.0
 32
0.0
 13
118.0
 23
56.0
 33
0.0
  0
SOLID
  5
157
  8
SHEET
 62
5
 10
119.0
 20
55.0
 30
0.0
 11
122.0
 21
55.0
 31
0.0
 12
119.0
 22
56.0
 32
0.0
 13
122.0
 23
56.0
 33
0.0
  0
SOLID
  5
158
  8
SHEET
 62
5
 10
125.0
 20
55.0
 30
0.0
 11
126.0
 21
55.0
 31
0.0
 12
125.0
 22
56.0
 32
0.0
 13
126.0
 23
56.0
 33
0.0
  0
SOLID
  5
159
  8
SHEET
 62
5
 10
127.0
 20
55.0
 30
0.0
 11
130.0
 21
55.0
 31
0.0
 12
127.0
 22
56.0
 32
0.0
 13
130.0
 23
56.0
 33
0.0
  0
SOLID
  5
15A
  8
SHEET
 62
5
 10
40.0
 20
54.0
 30
0.0
 11
41.0
 21
54.0
 31
0.0
 12
40.0
 22
55.0
 32
0.0
 13
41.0
 23
55.0
 33
0.0
  0
SOLID
  5
15B
  8
SHEET
 62
7
 10
41.0
 20
54.0
 30
0.0
 11
42.0
 21
54.0
 31
0.0
 12
41.0
 22
55.0
 32
0.0
 13
42.0
 23
55.0
 33
0.0
  0
SOLID
  5
15C
  8
SHEET
 62
5
 10
42.0
 20
54.0
 30
0.0
 11
43.0
 21
54.0
 31
0.0
 12
42.0
 22
55.0
 32
0.0
 13
43.0
 23
55.0
 33
0.0
  0
SOLID
  5
15D
  8
SHEET
 62
5
 10
44.0
 20
54.0
 30
0.0
 11
45.0
 21
54.0
 31
0.0
 12
44.0
 22
55.0
 32
0.0
 13
45.0
 23
55.0
 33
0.0
  0
SOLID
  5
15E
  8
SHEET
 62
5
 10
61.0
 20
54.0
 30
0.0
 11
62.0
 21
54.0
 31
0.0
 12
61.0
 22
55.0
 32
0.0
 13
62.0
 23
55.0
 33
0.0
  0
SOLID
  5
15F
  8
SHEET
 62
5
 10
63.0
 20
54.0
 30
0.0
 11
70.0
 21
54.0
 31
0.0
 12
63.0
 22
55.0
 32
0.0
 13
70.0
 23
55.0
 33
0.0
  0
SOLID
  5
160
  8
SHEET
 62
1
 10
70.0
 20
54.0
 30
0.0
 11
77.0
 21
54.0
 31
0.0
 12
70.0
 22
55.0
 32
0.0
 13
77.0
 23
55.0
 33
0.0
  0
SOLID
  5
161
  8
SHEET
 62
5
 10
77.0
 20
54.0
 30
0.0
 11
84.0
 21
54.0
 31
0.0
 12
77.0
 22
55.0
 32
0.0
 13
84.0
 23
55.0
 33
0.0
  0
SOLID
  5
162
  8
SHEET
 62
5
 10
86.0
 20
54.0
 30
0.0
 11
87.0
 21
54.0
 31
0.0
 12
86.0
 22
55.0
 32
0.0
 13
87.0
 23
55.0
 33
0.0
  0
SOLID
  5
163
  8
SHEET
 62
5
 10
88.0
 20
54.0
 30
0.0
 11
89.0
 21
54.0
 31
0.0
 12
88.0
 22
55.0
 32
0.0
 13
89.0
 23
55.0
 33
0.0
  0
SOLID
  5
164
  8
SHEET
 62
5
 10
91.0
 20
54.0
 30
0.0
 11
92.0
 21
54.0
 31
0.0
 12
91.0
 22
55.0
 32
0.0
 13
92.0
 23
55.0
 33
0.0
  0
SOLID
  5
165
  8
SHEET
 62
1
 10
93.0
 20
54.0
 30
0.0
 11
95.0
 21
54.0
 31
0.0
 12
93.0
 22
55.0
 32
0.0
 13
95.0
 23
55.0
 33
0.0
  0
SOLID
  5
166
  8
SHEET
 62
7
 10
95.0
 20
54.0
 30
0.0
 11
96.0
 21
54.0
 31
0.0
 12
95.0
 22
55.0
 32
0.0
 13
96.0
 23
55.0
 33
0.0
  0
SOLID
  5
167
  8
SHEET
 62
5
 10
96.0
 20
54.0
 30
0.0
 11
97.0
 21
54.0
 31
0.0
 12
96.0
 22
55.0
 32
0.0
 13
97.0
 23
55.0
 33
0.0
  0
SOLID
  5
168
  8
SHEET
 62
5
 10
98.0
 20
54.0
 30
0.0
 11
103.0
 21
54.0
 31
0.0
 12
98.0
 22
55.0
 32
0.0
 13
103.0
 23
55.0
 33
0.0
  0
SOLID
  5
169
  8
SHEET
 62
7
 10
103.0
 20
54.0
 30
0.0
 11
104.0
 21
54.0
 31
0.0
 12
103.0
 22
55.0
 32
0.0
 13
104.0
 23
55.0
 33
0.0
  0
SOLID
  5
16A
  8
SHEET
 62
1
 10
104.0
 20
54.0
 30
0.0
 11
106.0
 21
54.0
 31
0.0
 12
104.0
 22
55.0
 32
0.0
 13
106.0
 23
55.0
 33
0.0
  0
SOLID
  5
16B
  8
SHEET
 62
7
 10
106.0
 20
54.0
 30
0.0
 11
107.0
 21
54.0
 31
0.0
 12
106.0
 22
55.0
 32
0.0
 13
107.0
 23
55.0
 33
0.0
  0
SOLID
  5
16C
  8
SHEET
 62
5
 10
107.0
 20
54.0
 30
0.0
 11
108.0
 21
54.0
 31
0.0
 12
107.0
 22
55.0
 32
0.0
 13
108.0
 23
55.0
 33
0.0
  0
SOLID
  5
16D
  8
SHEET
 62
5
 10
109.0
 20
54.0
 30
0.0
 11
110.0
 21
54.0
 31
0.0
 12
109.0
 22
55.0
 32
0.0
 13
110.0
 23
55.0
 33
0.0
  0
SOLID
  5
16E
  8
SHEET
 62
7
 10
110.0
 20
54.0
 30
0.0
 11
111.0
 21
54.0
 31
0.0
 12
110.0
 22
55.0
 32
0.0
 13
111.0
 23
55.0
 33
0.0
  0
SOLID
  5
16F
  8
SHEET
 62
5
 10
111.0
 20
54.0
 30
0.0
 11
112.0
 21
54.0
 31
0.0
 12
111.0
 22
55.0
 32
0.0
 13
112.0
 23
55.0
 33
0.0
  0
SOLID
  5
170
  8
SHEET
 62
7
 10
112.0
 20
54.0
 30
0.0
 11
114.0
 21
54.0
 31
0.0
 12
112.0
 22
55.0
 32
0.0
 13
114.0
 23
55.0
 33
0.0
  0
SOLID
  5
171
  8
SHEET
 62
5
 10
114.0
 20
54.0
 30
0.0
 11
116.0
 21
54.0
 31
0.0
 12
114.0
 22
55.0
 32
0.0
 13
116.0
 23
55.0
 33
0.0
  0
SOLID
  5
172
  8
SHEET
 62
7
 10
116.0
 20
54.0
 30
0.0
 11
117.0
 21
54.0
 31
0.0
 12
116.0
 22
55.0
 32
0.0
 13
117.0
 23
55.0
 33
0.0
  0
SOLID
  5
173
  8
SHEET
 62
5
 10
117.0
 20
54.0
 30
0.0
 11
118.0
 21
54.0
 31
0.0
 12
117.0
 22
55.0
 32
0.0
 13
118.0
 23
55.0
 33
0.0
  0
SOLID
  5
174
  8
SHEET
 62
5
 10
119.0
 20
54.0
 30
0.0
 11
122.0
 21
54.0
 31
0.0
 12
119.0
 22
55.0
 32
0.0
 13
122.0
 23
55.0
 33
0.0
  0
SOLID
  5
175
  8
SHEET
 62
5
 10
126.0
 20
54.0
 30
0.0
 11
129.0
 21
54.0
 31
0.0
 12
126.0
 22
55.0
 32
0.0
 13
129.0
 23
55.0
 33
0.0
  0
SOLID
  5
176
  8
SHEET
 62
5
 10
40.0
 20
53.0
 30
0.0
 11
41.0
 21
53.0
 31
0.0
 12
40.0
 22
54.0
 32
0.0
 13
41.0
 23
54.0
 33
0.0
  0
SOLID
  5
177
  8
SHEET
 62
7
 10
41.0
 20
53.0
 30
0.0
 11
42.0
 21
53.0
 31
0.0
 12
41.0
 22
54.0
 32
0.0
 13
42.0
 23
54.0
 33
0.0
  0
SOLID
  5
178
  8
SHEET
 62
5
 10
42.0
 20
53.0
 30
0.0
 11
43.0
 21
53.0
 31
0.0
 12
42.0
 22
54.0
 32
0.0
 13
43.0
 23
54.0
 33
0.0
  0
SOLID
  5
179
  8
SHEET
 62
5
 10
44.0
 20
53.0
 30
0.0
 11
45.0
 21
53.0
 31
0.0
 12
44.0
 22
54.0
 32
0.0
 13
45.0
 23
54.0
 33
0.0
  0
SOLID
  5
17A
  8
SHEET
 62
5
 10
62.0
 20
53.0
 30
0.0
 11
63.0
 21
53.0
 31
0.0
 12
62.0
 22
54.0
 32
0.0
 13
63.0
 23
54.0
 33
0.0
  0
SOLID
  5
17B
  8
SHEET
 62
5
 10
64.0
 20
53.0
 30
0.0
 11
70.0
 21
53.0
 31
0.0
 12
64.0
 22
54.0
 32
0.0
 13
70.0
 23
54.0
 33
0.0
  0
SOLID
  5
17C
  8
SHEET
 62
1
 10
70.0
 20
53.0
 30
0.0
 11
71.0
 21
53.0
 31
0.0
 12
70.0
 22
54.0
 32
0.0
 13
71.0
 23
54.0
 33
0.0
  0
SOLID
  5
17D
  8
SHEET
 62
5
 10
71.0
 20
53.0
 30
0.0
 11
74.0
 21
53.0
 31
0.0
 12
71.0
 22
54.0
 32
0.0
 13
74.0
 23
54.0
 33
0.0
  0
SOLID
  5
17E
  8
SHEET
 62
1
 10
74.0
 20
53.0
 30
0.0
 11
78.0
 21
53.0
 31
0.0
 12
74.0
 22
54.0
 32
0.0
 13
78.0
 23
54.0
 33
0.0
  0
SOLID
  5
17F
  8
SHEET
 62
5
 10
78.0
 20
53.0
 30
0.0
 11
89.0
 21
53.0
 31
0.0
 12
78.0
 22
54.0
 32
0.0
 13
89.0
 23
54.0
 33
0.0
  0
SOLID
  5
180
  8
SHEET
 62
5
 10
91.0
 20
53.0
 30
0.0
 11
92.0
 21
53.0
 31
0.0
 12
91.0
 22
54.0
 32
0.0
 13
92.0
 23
54.0
 33
0.0
  0
SOLID
  5
181
  8
SHEET
 62
1
 10
93.0
 20
53.0
 30
0.0
 11
95.0
 21
53.0
 31
0.0
 12
93.0
 22
54.0
 32
0.0
 13
95.0
 23
54.0
 33
0.0
  0
SOLID
  5
182
  8
SHEET
 62
7
 10
95.0
 20
53.0
 30
0.0
 11
96.0
 21
53.0
 31
0.0
 12
95.0
 22
54.0
 32
0.0
 13
96.0
 23
54.0
 33
0.0
  0
SOLID
  5
183
  8
SHEET
 62
5
 10
96.0
 20
53.0
 30
0.0
 11
97.0
 21
53.0
 31
0.0
 12
96.0
 22
54.0
 32
0.0
 13
97.0
 23
54.0
 33
0.0
  0
SOLID
  5
184
  8
SHEET
 62
7
 10
99.0
 20
53.0
 30
0.0
 11
100.0
 21
53.0
 31
0.0
 12
99.0
 22
54.0
 32
0.0
 13
100.0
 23
54.0
 33
0.0
  0
SOLID
  5
185
  8
SHEET
 62
5
 10
100.0
 20
53.0
 30
0.0
 11
104.0
 21
53.0
 31
0.0
 12
100.0
 22
54.0
 32
0.0
 13
104.0
 23
54.0
 33
0.0
  0
SOLID
  5
186
  8
SHEET
 62
1
 10
104.0
 20
53.0
 30
0.0
 11
106.0
 21
53.0
 31
0.0
 12
104.0
 22
54.0
 32
0.0
 13
106.0
 23
54.0
 33
0.0
  0
SOLID
  5
187
  8
SHEET
 62
7
 10
106.0
 20
53.0
 30
0.0
 11
107.0
 21
53.0
 31
0.0
 12
106.0
 22
54.0
 32
0.0
 13
107.0
 23
54.0
 33
0.0
  0
SOLID
  5
188
  8
SHEET
 62
5
 10
107.0
 20
53.0
 30
0.0
 11
108.0
 21
53.0
 31
0.0
 12
107.0
 22
54.0
 32
0.0
 13
108.0
 23
54.0
 33
0.0
  0
SOLID
  5
189
  8
SHEET
 62
5
 10
109.0
 20
53.0
 30
0.0
 11
111.0
 21
53.0
 31
0.0
 12
109.0
 22
54.0
 32
0.0
 13
111.0
 23
54.0
 33
0.0
  0
SOLID
  5
18A
  8
SHEET
 62
7
 10
111.0
 20
53.0
 30
0.0
 11
112.0
 21
53.0
 31
0.0
 12
111.0
 22
54.0
 32
0.0
 13
112.0
 23
54.0
 33
0.0
  0
SOLID
  5
18B
  8
SHEET
 62
5
 10
115.0
 20
53.0
 30
0.0
 11
117.0
 21
53.0
 31
0.0
 12
115.0
 22
54.0
 32
0.0
 13
117.0
 23
54.0
 33
0.0
  0
SOLID
  5
18C
  8
SHEET
 62
5
 10
118.0
 20
53.0
 30
0.0
 11
121.0
 21
53.0
 31
0.0
 12
118.0
 22
54.0
 32
0.0
 13
121.0
 23
54.0
 33
0.0
  0
SOLID
  5
18D
  8
SHEET
 62
5
 10
122.0
 20
53.0
 30
0.0
 11
127.0
 21
53.0
 31
0.0
 12
122.0
 22
54.0
 32
0.0
 13
127.0
 23
54.0
 33
0.0
  0
SOLID
  5
18E
  8
SHEET
 62
7
 10
127.0
 20
53.0
 30
0.0
 11
128.0
 21
53.0
 31
0.0
 12
127.0
 22
54.0
 32
0.0
 13
128.0
 23
54.0
 33
0.0
  0
SOLID
  5
18F
  8
SHEET
 62
5
 10
128.0
 20
53.0
 30
0.0
 11
129.0
 21
53.0
 31
0.0
 12
128.0
 22
54.0
 32
0.0
 13
129.0
 23
54.0
 33
0.0
  0
SOLID
  5
190
  8
SHEET
 62
5
 10
130.0
 20
53.0
 30
0.0
 11
135.0
 21
53.0
 31
0.0
 12
130.0
 22
54.0
 32
0.0
 13
135.0
 23
54.0
 33
0.0
  0
SOLID
  5
191
  8
SHEET
 62
5
 10
40.0
 20
52.0
 30
0.0
 11
41.0
 21
52.0
 31
0.0
 12
40.0
 22
53.0
 32
0.0
 13
41.0
 23
53.0
 33
0.0
  0
SOLID
  5
192
  8
SHEET
 62
7
 10
41.0
 20
52.0
 30
0.0
 11
42.0
 21
52.0
 31
0.0
 12
41.0
 22
53.0
 32
0.0
 13
42.0
 23
53.0
 33
0.0
  0
SOLID
  5
193
  8
SHEET
 62
5
 10
42.0
 20
52.0
 30
0.0
 11
43.0
 21
52.0
 31
0.0
 12
42.0
 22
53.0
 32
0.0
 13
43.0
 23
53.0
 33
0.0
  0
SOLID
  5
194
  8
SHEET
 62
5
 10
44.0
 20
52.0
 30
0.0
 11
45.0
 21
52.0
 31
0.0
 12
44.0
 22
53.0
 32
0.0
 13
45.0
 23
53.0
 33
0.0
  0
SOLID
  5
195
  8
SHEET
 62
5
 10
60.0
 20
52.0
 30
0.0
 11
62.0
 21
52.0
 31
0.0
 12
60.0
 22
53.0
 32
0.0
 13
62.0
 23
53.0
 33
0.0
  0
SOLID
  5
196
  8
SHEET
 62
7
 10
62.0
 20
52.0
 30
0.0
 11
63.0
 21
52.0
 31
0.0
 12
62.0
 22
53.0
 32
0.0
 13
63.0
 23
53.0
 33
0.0
  0
SOLID
  5
197
  8
SHEET
 62
5
 10
63.0
 20
52.0
 30
0.0
 11
74.0
 21
52.0
 31
0.0
 12
63.0
 22
53.0
 32
0.0
 13
74.0
 23
53.0
 33
0.0
  0
SOLID
  5
198
  8
SHEET
 62
1
 10
74.0
 20
52.0
 30
0.0
 11
77.0
 21
52.0
 31
0.0
 12
74.0
 22
53.0
 32
0.0
 13
77.0
 23
53.0
 33
0.0
  0
SOLID
  5
199
  8
SHEET
 62
5
 10
77.0
 20
52.0
 30
0.0
 11
90.0
 21
52.0
 31
0.0
 12
77.0
 22
53.0
 32
0.0
 13
90.0
 23
53.0
 33
0.0
  0
SOLID
  5
19A
  8
SHEET
 62
5
 10
91.0
 20
52.0
 30
0.0
 11
92.0
 21
52.0
 31
0.0
 12
91.0
 22
53.0
 32
0.0
 13
92.0
 23
53.0
 33
0.0
  0
SOLID
  5
19B
  8
SHEET
 62
1
 10
93.0
 20
52.0
 30
0.0
 11
95.0
 21
52.0
 31
0.0
 12
93.0
 22
53.0
 32
0.0
 13
95.0
 23
53.0
 33
0.0
  0
SOLID
  5
19C
  8
SHEET
 62
7
 10
95.0
 20
52.0
 30
0.0
 11
96.0
 21
52.0
 31
0.0
 12
95.0
 22
53.0
 32
0.0
 13
96.0
 23
53.0
 33
0.0
  0
SOLID
  5
19D
  8
SHEET
 62
5
 10
96.0
 20
52.0
 30
0.0
 11
97.0
 21
52.0
 31
0.0
 12
96.0
 22
53.0
 32
0.0
 13
97.0
 23
53.0
 33
0.0
  0
SOLID
  5
19E
  8
SHEET
 62
1
 10
99.0
 20
52.0
 30
0.0
 11
102.0
 21
52.0
 31
0.0
 12
99.0
 22
53.0
 32
0.0
 13
102.0
 23
53.0
 33
0.0
  0
SOLID
  5
19F
  8
SHEET
 62
7
 10
102.0
 20
52.0
 30
0.0
 11
103.0
 21
52.0
 31
0.0
 12
102.0
 22
53.0
 32
0.0
 13
103.0
 23
53.0
 33
0.0
  0
SOLID
  5
1A0
  8
SHEET
 62
1
 10
103.0
 20
52.0
 30
0.0
 11
106.0
 21
52.0
 31
0.0
 12
103.0
 22
53.0
 32
0.0
 13
106.0
 23
53.0
 33
0.0
  0
SOLID
  5
1A1
  8
SHEET
 62
5
 10
107.0
 20
52.0
 30
0.0
 11
109.0
 21
52.0
 31
0.0
 12
107.0
 22
53.0
 32
0.0
 13
109.0
 23
53.0
 33
0.0
  0
SOLID
  5
1A2
  8
SHEET
 62
5
 10
110.0
 20
52.0
 30
0.0
 11
111.0
 21
52.0
 31
0.0
 12
110.0
 22
53.0
 32
0.0
 13
111.0
 23
53.0
 33
0.0
  0
SOLID
  5
1A3
  8
SHEET
 62
5
 10
112.0
 20
52.0
 30
0.0
 11
115.0
 21
52.0
 31
0.0
 12
112.0
 22
53.0
 32
0.0
 13
115.0
 23
53.0
 33
0.0
  0
SOLID
  5
1A4
  8
SHEET
 62
7
 10
115.0
 20
52.0
 30
0.0
 11
116.0
 21
52.0
 31
0.0
 12
115.0
 22
53.0
 32
0.0
 13
116.0
 23
53.0
 33
0.0
  0
SOLID
  5
1A5
  8
SHEET
 62
5
 10
116.0
 20
52.0
 30
0.0
 11
117.0
 21
52.0
 31
0.0
 12
116.0
 22
53.0
 32
0.0
 13
117.0
 23
53.0
 33
0.0
  0
SOLID
  5
1A6
  8
SHEET
 62
7
 10
117.0
 20
52.0
 30
0.0
 11
118.0
 21
52.0
 31
0.0
 12
117.0
 22
53.0
 32
0.0
 13
118.0
 23
53.0
 33
0.0
  0
SOLID
  5
1A7
  8
SHEET
 62
5
 10
118.0
 20
52.0
 30
0.0
 11
119.0
 21
52.0
 31
0.0
 12
118.0
 22
53.0
 32
0.0
 13
119.0
 23
53.0
 33
0.0
  0
SOLID
  5
1A8
  8
SHEET
 62
5
 10
120.0
 20
52.0
 30
0.0
 11
122.0
 21
52.0
 31
0.0
 12
120.0
 22
53.0
 32
0.0
 13
122.0
 23
53.0
 33
0.0
  0
SOLID
  5
1A9
  8
SHEET
 62
7
 10
124.0
 20
52.0
 30
0.0
 11
126.0
 21
52.0
 31
0.0
 12
124.0
 22
53.0
 32
0.0
 13
126.0
 23
53.0
 33
0.0
  0
SOLID
  5
1AA
  8
SHEET
 62
5
 10
128.0
 20
52.0
 30
0.0
 11
130.0
 21
52.0
 31
0.0
 12
128.0
 22
53.0
 32
0.0
 13
130.0
 23
53.0
 33
0.0
  0
SOLID
  5
1AB
  8
SHEET
 62
7
 10
130.0
 20
52.0
 30
0.0
 11
131.0
 21
52.0
 31
0.0
 12
130.0
 22
53.0
 32
0.0
 13
131.0
 23
53.0
 33
0.0
  0
SOLID
  5
1AC
  8
SHEET
 62
7
 10
132.0
 20
52.0
 30
0.0
 11
134.0
 21
52.0
 31
0.0
 12
132.0
 22
53.0
 32
0.0
 13
134.0
 23
53.0
 33
0.0
  0
SOLID
  5
1AD
  8
SHEET
 62
5
 10
135.0
 20
52.0
 30
0.0
 11
136.0
 21
52.0
 31
0.0
 12
135.0
 22
53.0
 32
0.0
 13
136.0
 23
53.0
 33
0.0
  0
SOLID
  5
1AE
  8
SHEET
 62
5
 10
40.0
 20
51.0
 30
0.0
 11
41.0
 21
51.0
 31
0.0
 12
40.0
 22
52.0
 32
0.0
 13
41.0
 23
52.0
 33
0.0
  0
SOLID
  5
1AF
  8
SHEET
 62
7
 10
41.0
 20
51.0
 30
0.0
 11
42.0
 21
51.0
 31
0.0
 12
41.0
 22
52.0
 32
0.0
 13
42.0
 23
52.0
 33
0.0
  0
SOLID
  5
1B0
  8
SHEET
 62
5
 10
42.0
 20
51.0
 30
0.0
 11
43.0
 21
51.0
 31
0.0
 12
42.0
 22
52.0
 32
0.0
 13
43.0
 23
52.0
 33
0.0
  0
SOLID
  5
1B1
  8
SHEET
 62
5
 10
44.0
 20
51.0
 30
0.0
 11
45.0
 21
51.0
 31
0.0
 12
44.0
 22
52.0
 32
0.0
 13
45.0
 23
52.0
 33
0.0
  0
SOLID
  5
1B2
  8
SHEET
 62
5
 10
59.0
 20
51.0
 30
0.0
 11
60.0
 21
51.0
 31
0.0
 12
59.0
 22
52.0
 32
0.0
 13
60.0
 23
52.0
 33
0.0
  0
SOLID
  5
1B3
  8
SHEET
 62
5
 10
61.0
 20
51.0
 30
0.0
 11
90.0
 21
51.0
 31
0.0
 12
61.0
 22
52.0
 32
0.0
 13
90.0
 23
52.0
 33
0.0
  0
SOLID
  5
1B4
  8
SHEET
 62
5
 10
91.0
 20
51.0
 30
0.0
 11
92.0
 21
51.0
 31
0.0
 12
91.0
 22
52.0
 32
0.0
 13
92.0
 23
52.0
 33
0.0
  0
SOLID
  5
1B5
  8
SHEET
 62
1
 10
93.0
 20
51.0
 30
0.0
 11
95.0
 21
51.0
 31
0.0
 12
93.0
 22
52.0
 32
0.0
 13
95.0
 23
52.0
 33
0.0
  0
SOLID
  5
1B6
  8
SHEET
 62
5
 10
95.0
 20
51.0
 30
0.0
 11
97.0
 21
51.0
 31
0.0
 12
95.0
 22
52.0
 32
0.0
 13
97.0
 23
52.0
 33
0.0
  0
SOLID
  5
1B7
  8
SHEET
 62
5
 10
98.0
 20
51.0
 30
0.0
 11
99.0
 21
51.0
 31
0.0
 12
98.0
 22
52.0
 32
0.0
 13
99.0
 23
52.0
 33
0.0
  0
SOLID
  5
1B8
  8
SHEET
 62
7
 10
100.0
 20
51.0
 30
0.0
 11
101.0
 21
51.0
 31
0.0
 12
100.0
 22
52.0
 32
0.0
 13
101.0
 23
52.0
 33
0.0
  0
SOLID
  5
1B9
  8
SHEET
 62
1
 10
101.0
 20
51.0
 30
0.0
 11
104.0
 21
51.0
 31
0.0
 12
101.0
 22
52.0
 32
0.0
 13
104.0
 23
52.0
 33
0.0
  0
SOLID
  5
1BA
  8
SHEET
 62
7
 10
104.0
 20
51.0
 30
0.0
 11
105.0
 21
51.0
 31
0.0
 12
104.0
 22
52.0
 32
0.0
 13
105.0
 23
52.0
 33
0.0
  0
SOLID
  5
1BB
  8
SHEET
 62
5
 10
106.0
 20
51.0
 30
0.0
 11
107.0
 21
51.0
 31
0.0
 12
106.0
 22
52.0
 32
0.0
 13
107.0
 23
52.0
 33
0.0
  0
SOLID
  5
1BC
  8
SHEET
 62
5
 10
108.0
 20
51.0
 30
0.0
 11
109.0
 21
51.0
 31
0.0
 12
108.0
 22
52.0
 32
0.0
 13
109.0
 23
52.0
 33
0.0
  0
SOLID
  5
1BD
  8
SHEET
 62
5
 10
111.0
 20
51.0
 30
0.0
 11
112.0
 21
51.0
 31
0.0
 12
111.0
 22
52.0
 32
0.0
 13
112.0
 23
52.0
 33
0.0
  0
SOLID
  5
1BE
  8
SHEET
 62
5
 10
114.0
 20
51.0
 30
0.0
 11
115.0
 21
51.0
 31
0.0
 12
114.0
 22
52.0
 32
0.0
 13
115.0
 23
52.0
 33
0.0
  0
SOLID
  5
1BF
  8
SHEET
 62
7
 10
116.0
 20
51.0
 30
0.0
 11
118.0
 21
51.0
 31
0.0
 12
116.0
 22
52.0
 32
0.0
 13
118.0
 23
52.0
 33
0.0
  0
SOLID
  5
1C0
  8
SHEET
 62
5
 10
118.0
 20
51.0
 30
0.0
 11
120.0
 21
51.0
 31
0.0
 12
118.0
 22
52.0
 32
0.0
 13
120.0
 23
52.0
 33
0.0
  0
SOLID
  5
1C1
  8
SHEET
 62
7
 10
121.0
 20
51.0
 30
0.0
 11
125.0
 21
51.0
 31
0.0
 12
121.0
 22
52.0
 32
0.0
 13
125.0
 23
52.0
 33
0.0
  0
SOLID
  5
1C2
  8
SHEET
 62
5
 10
125.0
 20
51.0
 30
0.0
 11
126.0
 21
51.0
 31
0.0
 12
125.0
 22
52.0
 32
0.0
 13
126.0
 23
52.0
 33
0.0
  0
SOLID
  5
1C3
  8
SHEET
 62
5
 10
127.0
 20
51.0
 30
0.0
 11
128.0
 21
51.0
 31
0.0
 12
127.0
 22
52.0
 32
0.0
 13
128.0
 23
52.0
 33
0.0
  0
SOLID
  5
1C4
  8
SHEET
 62
7
 10
129.0
 20
51.0
 30
0.0
 11
134.0
 21
51.0
 31
0.0
 12
129.0
 22
52.0
 32
0.0
 13
134.0
 23
52.0
 33
0.0
  0
SOLID
  5
1C5
  8
SHEET
 62
5
 10
135.0
 20
51.0
 30
0.0
 11
136.0
 21
51.0
 31
0.0
 12
135.0
 22
52.0
 32
0.0
 13
136.0
 23
52.0
 33
0.0
  0
SOLID
  5
1C6
  8
SHEET
 62
5
 10
40.0
 20
50.0
 30
0.0
 11
41.0
 21
50.0
 31
0.0
 12
40.0
 22
51.0
 32
0.0
 13
41.0
 23
51.0
 33
0.0
  0
SOLID
  5
1C7
  8
SHEET
 62
7
 10
41.0
 20
50.0
 30
0.0
 11
42.0
 21
50.0
 31
0.0
 12
41.0
 22
51.0
 32
0.0
 13
42.0
 23
51.0
 33
0.0
  0
SOLID
  5
1C8
  8
SHEET
 62
5
 10
42.0
 20
50.0
 30
0.0
 11
43.0
 21
50.0
 31
0.0
 12
42.0
 22
51.0
 32
0.0
 13
43.0
 23
51.0
 33
0.0
  0
SOLID
  5
1C9
  8
SHEET
 62
5
 10
44.0
 20
50.0
 30
0.0
 11
45.0
 21
50.0
 31
0.0
 12
44.0
 22
51.0
 32
0.0
 13
45.0
 23
51.0
 33
0.0
  0
SOLID
  5
1CA
  8
SHEET
 62
5
 10
59.0
 20
50.0
 30
0.0
 11
60.0
 21
50.0
 31
0.0
 12
59.0
 22
51.0
 32
0.0
 13
60.0
 23
51.0
 33
0.0
  0
SOLID
  5
1CB
  8
SHEET
 62
5
 10
61.0
 20
50.0
 30
0.0
 11
74.0
 21
50.0
 31
0.0
 12
61.0
 22
51.0
 32
0.0
 13
74.0
 23
51.0
 33
0.0
  0
SOLID
  5
1CC
  8
SHEET
 62
7
 10
74.0
 20
50.0
 30
0.0
 11
75.0
 21
50.0
 31
0.0
 12
74.0
 22
51.0
 32
0.0
 13
75.0
 23
51.0
 33
0.0
  0
SOLID
  5
1CD
  8
SHEET
 62
5
 10
75.0
 20
50.0
 30
0.0
 11
88.0
 21
50.0
 31
0.0
 12
75.0
 22
51.0
 32
0.0
 13
88.0
 23
51.0
 33
0.0
  0
SOLID
  5
1CE
  8
SHEET
 62
5
 10
89.0
 20
50.0
 30
0.0
 11
90.0
 21
50.0
 31
0.0
 12
89.0
 22
51.0
 32
0.0
 13
90.0
 23
51.0
 33
0.0
  0
SOLID
  5
1CF
  8
SHEET
 62
5
 10
99.0
 20
50.0
 30
0.0
 11
102.0
 21
50.0
 31
0.0
 12
99.0
 22
51.0
 32
0.0
 13
102.0
 23
51.0
 33
0.0
  0
SOLID
  5
1D0
  8
SHEET
 62
5
 10
103.0
 20
50.0
 30
0.0
 11
106.0
 21
50.0
 31
0.0
 12
103.0
 22
51.0
 32
0.0
 13
106.0
 23
51.0
 33
0.0
  0
SOLID
  5
1D1
  8
SHEET
 62
5
 10
109.0
 20
50.0
 30
0.0
 11
111.0
 21
50.0
 31
0.0
 12
109.0
 22
51.0
 32
0.0
 13
111.0
 23
51.0
 33
0.0
  0
SOLID
  5
1D2
  8
SHEET
 62
5
 10
116.0
 20
50.0
 30
0.0
 11
118.0
 21
50.0
 31
0.0
 12
116.0
 22
51.0
 32
0.0
 13
118.0
 23
51.0
 33
0.0
  0
SOLID
  5
1D3
  8
SHEET
 62
5
 10
120.0
 20
50.0
 30
0.0
 11
126.0
 21
50.0
 31
0.0
 12
120.0
 22
51.0
 32
0.0
 13
126.0
 23
51.0
 33
0.0
  0
SOLID
  5
1D4
  8
SHEET
 62
5
 10
129.0
 20
50.0
 30
0.0
 11
135.0
 21
50.0
 31
0.0
 12
129.0
 22
51.0
 32
0.0
 13
135.0
 23
51.0
 33
0.0
  0
SOLID
  5
1D5
  8
SHEET
 62
5
 10
40.0
 20
49.0
 30
0.0
 11
41.0
 21
49.0
 31
0.0
 12
40.0
 22
50.0
 32
0.0
 13
41.0
 23
50.0
 33
0.0
  0
SOLID
  5
1D6
  8
SHEET
 62
7
 10
41.0
 20
49.0
 30
0.0
 11
42.0
 21
49.0
 31
0.0
 12
41.0
 22
50.0
 32
0.0
 13
42.0
 23
50.0
 33
0.0
  0
SOLID
  5
1D7
  8
SHEET
 62
5
 10
42.0
 20
49.0
 30
0.0
 11
43.0
 21
49.0
 31
0.0
 12
42.0
 22
50.0
 32
0.0
 13
43.0
 23
50.0
 33
0.0
  0
SOLID
  5
1D8
  8
SHEET
 62
5
 10
44.0
 20
49.0
 30
0.0
 11
45.0
 21
49.0
 31
0.0
 12
44.0
 22
50.0
 32
0.0
 13
45.0
 23
50.0
 33
0.0
  0
SOLID
  5
1D9
  8
SHEET
 62
5
 10
60.0
 20
49.0
 30
0.0
 11
73.0
 21
49.0
 31
0.0
 12
60.0
 22
50.0
 32
0.0
 13
73.0
 23
50.0
 33
0.0
  0
SOLID
  5
1DA
  8
SHEET
 62
5
 10
74.0
 20
49.0
 30
0.0
 11
89.0
 21
49.0
 31
0.0
 12
74.0
 22
50.0
 32
0.0
 13
89.0
 23
50.0
 33
0.0
  0
SOLID
  5
1DB
  8
SHEET
 62
5
 10
92.0
 20
49.0
 30
0.0
 11
99.0
 21
49.0
 31
0.0
 12
92.0
 22
50.0
 32
0.0
 13
99.0
 23
50.0
 33
0.0
  0
SOLID
  5
1DC
  8
SHEET
 62
5
 10
101.0
 20
49.0
 30
0.0
 11
103.0
 21
49.0
 31
0.0
 12
101.0
 22
50.0
 32
0.0
 13
103.0
 23
50.0
 33
0.0
  0
SOLID
  5
1DD
  8
SHEET
 62
5
 10
104.0
 20
49.0
 30
0.0
 11
116.0
 21
49.0
 31
0.0
 12
104.0
 22
50.0
 32
0.0
 13
116.0
 23
50.0
 33
0.0
  0
SOLID
  5
1DE
  8
SHEET
 62
5
 10
117.0
 20
49.0
 30
0.0
 11
120.0
 21
49.0
 31
0.0
 12
117.0
 22
50.0
 32
0.0
 13
120.0
 23
50.0
 33
0.0
  0
SOLID
  5
1DF
  8
SHEET
 62
5
 10
122.0
 20
49.0
 30
0.0
 11
134.0
 21
49.0
 31
0.0
 12
122.0
 22
50.0
 32
0.0
 13
134.0
 23
50.0
 33
0.0
  0
SOLID
  5
1E0
  8
SHEET
 62
5
 10
40.0
 20
48.0
 30
0.0
 11
41.0
 21
48.0
 31
0.0
 12
40.0
 22
49.0
 32
0.0
 13
41.0
 23
49.0
 33
0.0
  0
SOLID
  5
1E1
  8
SHEET
 62
7
 10
41.0
 20
48.0
 30
0.0
 11
42.0
 21
48.0
 31
0.0
 12
41.0
 22
49.0
 32
0.0
 13
42.0
 23
49.0
 33
0.0
  0
SOLID
  5
1E2
  8
SHEET
 62
5
 10
42.0
 20
48.0
 30
0.0
 11
43.0
 21
48.0
 31
0.0
 12
42.0
 22
49.0
 32
0.0
 13
43.0
 23
49.0
 33
0.0
  0
SOLID
  5
1E3
  8
SHEET
 62
5
 10
44.0
 20
48.0
 30
0.0
 11
45.0
 21
48.0
 31
0.0
 12
44.0
 22
49.0
 32
0.0
 13
45.0
 23
49.0
 33
0.0
  0
SOLID
  5
1E4
  8
SHEET
 62
5
 10
60.0
 20
48.0
 30
0.0
 11
61.0
 21
48.0
 31
0.0
 12
60.0
 22
49.0
 32
0.0
 13
61.0
 23
49.0
 33
0.0
  0
SOLID
  5
1E5
  8
SHEET
 62
5
 10
62.0
 20
48.0
 30
0.0
 11
64.0
 21
48.0
 31
0.0
 12
62.0
 22
49.0
 32
0.0
 13
64.0
 23
49.0
 33
0.0
  0
SOLID
  5
1E6
  8
SHEET
 62
7
 10
65.0
 20
48.0
 30
0.0
 11
66.0
 21
48.0
 31
0.0
 12
65.0
 22
49.0
 32
0.0
 13
66.0
 23
49.0
 33
0.0
  0
SOLID
  5
1E7
  8
SHEET
 62
5
 10
66.0
 20
48.0
 30
0.0
 11
74.0
 21
48.0
 31
0.0
 12
66.0
 22
49.0
 32
0.0
 13
74.0
 23
49.0
 33
0.0
  0
SOLID
  5
1E8
  8
SHEET
 62
5
 10
75.0
 20
48.0
 30
0.0
 11
78.0
 21
48.0
 31
0.0
 12
75.0
 22
49.0
 32
0.0
 13
78.0
 23
49.0
 33
0.0
  0
SOLID
  5
1E9
  8
SHEET
 62
5
 10
80.0
 20
48.0
 30
0.0
 11
88.0
 21
48.0
 31
0.0
 12
80.0
 22
49.0
 32
0.0
 13
88.0
 23
49.0
 33
0.0
  0
SOLID
  5
1EA
  8
SHEET
 62
5
 10
91.0
 20
48.0
 30
0.0
 11
92.0
 21
48.0
 31
0.0
 12
91.0
 22
49.0
 32
0.0
 13
92.0
 23
49.0
 33
0.0
  0
SOLID
  5
1EB
  8
SHEET
 62
5
 10
99.0
 20
48.0
 30
0.0
 11
100.0
 21
48.0
 31
0.0
 12
99.0
 22
49.0
 32
0.0
 13
100.0
 23
49.0
 33
0.0
  0
SOLID
  5
1EC
  8
SHEET
 62
7
 10
101.0
 20
48.0
 30
0.0
 11
102.0
 21
48.0
 31
0.0
 12
101.0
 22
49.0
 32
0.0
 13
102.0
 23
49.0
 33
0.0
  0
SOLID
  5
1ED
  8
SHEET
 62
5
 10
103.0
 20
48.0
 30
0.0
 11
104.0
 21
48.0
 31
0.0
 12
103.0
 22
49.0
 32
0.0
 13
104.0
 23
49.0
 33
0.0
  0
SOLID
  5
1EE
  8
SHEET
 62
7
 10
117.0
 20
48.0
 30
0.0
 11
120.0
 21
48.0
 31
0.0
 12
117.0
 22
49.0
 32
0.0
 13
120.0
 23
49.0
 33
0.0
  0
SOLID
  5
1EF
  8
SHEET
 62
5
 10
121.0
 20
48.0
 30
0.0
 11
122.0
 21
48.0
 31
0.0
 12
121.0
 22
49.0
 32
0.0
 13
122.0
 23
49.0
 33
0.0
  0
SOLID
  5
1F0
  8
SHEET
 62
7
 10
132.0
 20
48.0
 30
0.0
 11
133.0
 21
48.0
 31
0.0
 12
132.0
 22
49.0
 32
0.0
 13
133.0
 23
49.0
 33
0.0
  0
SOLID
  5
1F1
  8
SHEET
 62
5
 10
40.0
 20
47.0
 30
0.0
 11
41.0
 21
47.0
 31
0.0
 12
40.0
 22
48.0
 32
0.0
 13
41.0
 23
48.0
 33
0.0
  0
SOLID
  5
1F2
  8
SHEET
 62
7
 10
41.0
 20
47.0
 30
0.0
 11
42.0
 21
47.0
 31
0.0
 12
41.0
 22
48.0
 32
0.0
 13
42.0
 23
48.0
 33
0.0
  0
SOLID
  5
1F3
  8
SHEET
 62
5
 10
42.0
 20
47.0
 30
0.0
 11
43.0
 21
47.0
 31
0.0
 12
42.0
 22
48.0
 32
0.0
 13
43.0
 23
48.0
 33
0.0
  0
SOLID
  5
1F4
  8
SHEET
 62
5
 10
44.0
 20
47.0
 30
0.0
 11
45.0
 21
47.0
 31
0.0
 12
44.0
 22
48.0
 32
0.0
 13
45.0
 23
48.0
 33
0.0
  0
SOLID
  5
1F5
  8
SHEET
 62
5
 10
61.0
 20
47.0
 30
0.0
 11
62.0
 21
47.0
 31
0.0
 12
61.0
 22
48.0
 32
0.0
 13
62.0
 23
48.0
 33
0.0
  0
SOLID
  5
1F6
  8
SHEET
 62
5
 10
65.0
 20
47.0
 30
0.0
 11
73.0
 21
47.0
 31
0.0
 12
65.0
 22
48.0
 32
0.0
 13
73.0
 23
48.0
 33
0.0
  0
SOLID
  5
1F7
  8
SHEET
 62
5
 10
74.0
 20
47.0
 30
0.0
 11
76.0
 21
47.0
 31
0.0
 12
74.0
 22
48.0
 32
0.0
 13
76.0
 23
48.0
 33
0.0
  0
SOLID
  5
1F8
  8
SHEET
 62
5
 10
79.0
 20
47.0
 30
0.0
 11
87.0
 21
47.0
 31
0.0
 12
79.0
 22
48.0
 32
0.0
 13
87.0
 23
48.0
 33
0.0
  0
SOLID
  5
1F9
  8
SHEET
 62
5
 10
88.0
 20
47.0
 30
0.0
 11
89.0
 21
47.0
 31
0.0
 12
88.0
 22
48.0
 32
0.0
 13
89.0
 23
48.0
 33
0.0
  0
SOLID
  5
1FA
  8
SHEET
 62
5
 10
90.0
 20
47.0
 30
0.0
 11
91.0
 21
47.0
 31
0.0
 12
90.0
 22
48.0
 32
0.0
 13
91.0
 23
48.0
 33
0.0
  0
SOLID
  5
1FB
  8
SHEET
 62
5
 10
92.0
 20
47.0
 30
0.0
 11
94.0
 21
47.0
 31
0.0
 12
92.0
 22
48.0
 32
0.0
 13
94.0
 23
48.0
 33
0.0
  0
SOLID
  5
1FC
  8
SHEET
 62
7
 10
94.0
 20
47.0
 30
0.0
 11
95.0
 21
47.0
 31
0.0
 12
94.0
 22
48.0
 32
0.0
 13
95.0
 23
48.0
 33
0.0
  0
SOLID
  5
1FD
  8
SHEET
 62
5
 10
95.0
 20
47.0
 30
0.0
 11
96.0
 21
47.0
 31
0.0
 12
95.0
 22
48.0
 32
0.0
 13
96.0
 23
48.0
 33
0.0
  0
SOLID
  5
1FE
  8
SHEET
 62
7
 10
96.0
 20
47.0
 30
0.0
 11
97.0
 21
47.0
 31
0.0
 12
96.0
 22
48.0
 32
0.0
 13
97.0
 23
48.0
 33
0.0
  0
SOLID
  5
1FF
  8
SHEET
 62
5
 10
97.0
 20
47.0
 30
0.0
 11
99.0
 21
47.0
 31
0.0
 12
97.0
 22
48.0
 32
0.0
 13
99.0
 23
48.0
 33
0.0
  0
SOLID
  5
200
  8
SHEET
 62
5
 10
101.0
 20
47.0
 30
0.0
 11
102.0
 21
47.0
 31
0.0
 12
101.0
 22
48.0
 32
0.0
 13
102.0
 23
48.0
 33
0.0
  0
SOLID
  5
201
  8
SHEET
 62
7
 10
104.0
 20
47.0
 30
0.0
 11
105.0
 21
47.0
 31
0.0
 12
104.0
 22
48.0
 32
0.0
 13
105.0
 23
48.0
 33
0.0
  0
SOLID
  5
202
  8
SHEET
 62
5
 10
106.0
 20
47.0
 30
0.0
 11
107.0
 21
47.0
 31
0.0
 12
106.0
 22
48.0
 32
0.0
 13
107.0
 23
48.0
 33
0.0
  0
SOLID
  5
203
  8
SHEET
 62
7
 10
107.0
 20
47.0
 30
0.0
 11
108.0
 21
47.0
 31
0.0
 12
107.0
 22
48.0
 32
0.0
 13
108.0
 23
48.0
 33
0.0
  0
SOLID
  5
204
  8
SHEET
 62
5
 10
108.0
 20
47.0
 30
0.0
 11
113.0
 21
47.0
 31
0.0
 12
108.0
 22
48.0
 32
0.0
 13
113.0
 23
48.0
 33
0.0
  0
SOLID
  5
205
  8
SHEET
 62
7
 10
113.0
 20
47.0
 30
0.0
 11
115.0
 21
47.0
 31
0.0
 12
113.0
 22
48.0
 32
0.0
 13
115.0
 23
48.0
 33
0.0
  0
SOLID
  5
206
  8
SHEET
 62
5
 10
115.0
 20
47.0
 30
0.0
 11
116.0
 21
47.0
 31
0.0
 12
115.0
 22
48.0
 32
0.0
 13
116.0
 23
48.0
 33
0.0
  0
SOLID
  5
207
  8
SHEET
 62
7
 10
116.0
 20
47.0
 30
0.0
 11
117.0
 21
47.0
 31
0.0
 12
116.0
 22
48.0
 32
0.0
 13
117.0
 23
48.0
 33
0.0
  0
SOLID
  5
208
  8
SHEET
 62
5
 10
117.0
 20
47.0
 30
0.0
 11
120.0
 21
47.0
 31
0.0
 12
117.0
 22
48.0
 32
0.0
 13
120.0
 23
48.0
 33
0.0
  0
SOLID
  5
209
  8
SHEET
 62
7
 10
120.0
 20
47.0
 30
0.0
 11
121.0
 21
47.0
 31
0.0
 12
120.0
 22
48.0
 32
0.0
 13
121.0
 23
48.0
 33
0.0
  0
SOLID
  5
20A
  8
SHEET
 62
7
 10
122.0
 20
47.0
 30
0.0
 11
123.0
 21
47.0
 31
0.0
 12
122.0
 22
48.0
 32
0.0
 13
123.0
 23
48.0
 33
0.0
  0
SOLID
  5
20B
  8
SHEET
 62
5
 10
124.0
 20
47.0
 30
0.0
 11
125.0
 21
47.0
 31
0.0
 12
124.0
 22
48.0
 32
0.0
 13
125.0
 23
48.0
 33
0.0
  0
SOLID
  5
20C
  8
SHEET
 62
7
 10
125.0
 20
47.0
 30
0.0
 11
127.0
 21
47.0
 31
0.0
 12
125.0
 22
48.0
 32
0.0
 13
127.0
 23
48.0
 33
0.0
  0
SOLID
  5
20D
  8
SHEET
 62
5
 10
127.0
 20
47.0
 30
0.0
 11
129.0
 21
47.0
 31
0.0
 12
127.0
 22
48.0
 32
0.0
 13
129.0
 23
48.0
 33
0.0
  0
SOLID
  5
20E
  8
SHEET
 62
7
 10
129.0
 20
47.0
 30
0.0
 11
131.0
 21
47.0
 31
0.0
 12
129.0
 22
48.0
 32
0.0
 13
131.0
 23
48.0
 33
0.0
  0
SOLID
  5
20F
  8
SHEET
 62
5
 10
131.0
 20
47.0
 30
0.0
 11
134.0
 21
47.0
 31
0.0
 12
131.0
 22
48.0
 32
0.0
 13
134.0
 23
48.0
 33
0.0
  0
SOLID
  5
210
  8
SHEET
 62
5
 10
135.0
 20
47.0
 30
0.0
 11
136.0
 21
47.0
 31
0.0
 12
135.0
 22
48.0
 32
0.0
 13
136.0
 23
48.0
 33
0.0
  0
SOLID
  5
211
  8
SHEET
 62
5
 10
40.0
 20
46.0
 30
0.0
 11
41.0
 21
46.0
 31
0.0
 12
40.0
 22
47.0
 32
0.0
 13
41.0
 23
47.0
 33
0.0
  0
SOLID
  5
212
  8
SHEET
 62
7
 10
41.0
 20
46.0
 30
0.0
 11
42.0
 21
46.0
 31
0.0
 12
41.0
 22
47.0
 32
0.0
 13
42.0
 23
47.0
 33
0.0
  0
SOLID
  5
213
  8
SHEET
 62
5
 10
42.0
 20
46.0
 30
0.0
 11
43.0
 21
46.0
 31
0.0
 12
42.0
 22
47.0
 32
0.0
 13
43.0
 23
47.0
 33
0.0
  0
SOLID
  5
214
  8
SHEET
 62
5
 10
44.0
 20
46.0
 30
0.0
 11
45.0
 21
46.0
 31
0.0
 12
44.0
 22
47.0
 32
0.0
 13
45.0
 23
47.0
 33
0.0
  0
SOLID
  5
215
  8
SHEET
 62
5
 10
62.0
 20
46.0
 30
0.0
 11
70.0
 21
46.0
 31
0.0
 12
62.0
 22
47.0
 32
0.0
 13
70.0
 23
47.0
 33
0.0
  0
SOLID
  5
216
  8
SHEET
 62
5
 10
71.0
 20
46.0
 30
0.0
 11
73.0
 21
46.0
 31
0.0
 12
71.0
 22
47.0
 32
0.0
 13
73.0
 23
47.0
 33
0.0
  0
SOLID
  5
217
  8
SHEET
 62
5
 10
74.0
 20
46.0
 30
0.0
 11
75.0
 21
46.0
 31
0.0
 12
74.0
 22
47.0
 32
0.0
 13
75.0
 23
47.0
 33
0.0
  0
SOLID
  5
218
  8
SHEET
 62
5
 10
77.0
 20
46.0
 30
0.0
 11
87.0
 21
46.0
 31
0.0
 12
77.0
 22
47.0
 32
0.0
 13
87.0
 23
47.0
 33
0.0
  0
SOLID
  5
219
  8
SHEET
 62
5
 10
88.0
 20
46.0
 30
0.0
 11
89.0
 21
46.0
 31
0.0
 12
88.0
 22
47.0
 32
0.0
 13
89.0
 23
47.0
 33
0.0
  0
SOLID
  5
21A
  8
SHEET
 62
5
 10
90.0
 20
46.0
 30
0.0
 11
91.0
 21
46.0
 31
0.0
 12
90.0
 22
47.0
 32
0.0
 13
91.0
 23
47.0
 33
0.0
  0
SOLID
  5
21B
  8
SHEET
 62
5
 10
103.0
 20
46.0
 30
0.0
 11
104.0
 21
46.0
 31
0.0
 12
103.0
 22
47.0
 32
0.0
 13
104.0
 23
47.0
 33
0.0
  0
SOLID
  5
21C
  8
SHEET
 62
7
 10
109.0
 20
46.0
 30
0.0
 11
110.0
 21
46.0
 31
0.0
 12
109.0
 22
47.0
 32
0.0
 13
110.0
 23
47.0
 33
0.0
  0
SOLID
  5
21D
  8
SHEET
 62
5
 10
40.0
 20
45.0
 30
0.0
 11
41.0
 21
45.0
 31
0.0
 12
40.0
 22
46.0
 32
0.0
 13
41.0
 23
46.0
 33
0.0
  0
SOLID
  5
21E
  8
SHEET
 62
7
 10
41.0
 20
45.0
 30
0.0
 11
42.0
 21
45.0
 31
0.0
 12
41.0
 22
46.0
 32
0.0
 13
42.0
 23
46.0
 33
0.0
  0
SOLID
  5
21F
  8
SHEET
 62
5
 10
42.0
 20
45.0
 30
0.0
 11
43.0
 21
45.0
 31
0.0
 12
42.0
 22
46.0
 32
0.0
 13
43.0
 23
46.0
 33
0.0
  0
SOLID
  5
220
  8
SHEET
 62
5
 10
44.0
 20
45.0
 30
0.0
 11
45.0
 21
45.0
 31
0.0
 12
44.0
 22
46.0
 32
0.0
 13
45.0
 23
46.0
 33
0.0
  0
SOLID
  5
221
  8
SHEET
 62
5
 10
63.0
 20
45.0
 30
0.0
 11
64.0
 21
45.0
 31
0.0
 12
63.0
 22
46.0
 32
0.0
 13
64.0
 23
46.0
 33
0.0
  0
SOLID
  5
222
  8
SHEET
 62
5
 10
65.0
 20
45.0
 30
0.0
 11
71.0
 21
45.0
 31
0.0
 12
65.0
 22
46.0
 32
0.0
 13
71.0
 23
46.0
 33
0.0
  0
SOLID
  5
223
  8
SHEET
 62
5
 10
73.0
 20
45.0
 30
0.0
 11
74.0
 21
45.0
 31
0.0
 12
73.0
 22
46.0
 32
0.0
 13
74.0
 23
46.0
 33
0.0
  0
SOLID
  5
224
  8
SHEET
 62
5
 10
79.0
 20
45.0
 30
0.0
 11
84.0
 21
45.0
 31
0.0
 12
79.0
 22
46.0
 32
0.0
 13
84.0
 23
46.0
 33
0.0
  0
SOLID
  5
225
  8
SHEET
 62
5
 10
85.0
 20
45.0
 30
0.0
 11
88.0
 21
45.0
 31
0.0
 12
85.0
 22
46.0
 32
0.0
 13
88.0
 23
46.0
 33
0.0
  0
SOLID
  5
226
  8
SHEET
 62
5
 10
91.0
 20
45.0
 30
0.0
 11
100.0
 21
45.0
 31
0.0
 12
91.0
 22
46.0
 32
0.0
 13
100.0
 23
46.0
 33
0.0
  0
SOLID
  5
227
  8
SHEET
 62
5
 10
101.0
 20
45.0
 30
0.0
 11
103.0
 21
45.0
 31
0.0
 12
101.0
 22
46.0
 32
0.0
 13
103.0
 23
46.0
 33
0.0
  0
SOLID
  5
228
  8
SHEET
 62
5
 10
104.0
 20
45.0
 30
0.0
 11
120.0
 21
45.0
 31
0.0
 12
104.0
 22
46.0
 32
0.0
 13
120.0
 23
46.0
 33
0.0
  0
SOLID
  5
229
  8
SHEET
 62
5
 10
122.0
 20
45.0
 30
0.0
 11
135.0
 21
45.0
 31
0.0
 12
122.0
 22
46.0
 32
0.0
 13
135.0
 23
46.0
 33
0.0
  0
SOLID
  5
22A
  8
SHEET
 62
5
 10
40.0
 20
44.0
 30
0.0
 11
41.0
 21
44.0
 31
0.0
 12
40.0
 22
45.0
 32
0.0
 13
41.0
 23
45.0
 33
0.0
  0
SOLID
  5
22B
  8
SHEET
 62
7
 10
41.0
 20
44.0
 30
0.0
 11
42.0
 21
44.0
 31
0.0
 12
41.0
 22
45.0
 32
0.0
 13
42.0
 23
45.0
 33
0.0
  0
SOLID
  5
22C
  8
SHEET
 62
5
 10
42.0
 20
44.0
 30
0.0
 11
43.0
 21
44.0
 31
0.0
 12
42.0
 22
45.0
 32
0.0
 13
43.0
 23
45.0
 33
0.0
  0
SOLID
  5
22D
  8
SHEET
 62
5
 10
44.0
 20
44.0
 30
0.0
 11
45.0
 21
44.0
 31
0.0
 12
44.0
 22
45.0
 32
0.0
 13
45.0
 23
45.0
 33
0.0
  0
SOLID
  5
22E
  8
SHEET
 62
5
 10
64.0
 20
44.0
 30
0.0
 11
68.0
 21
44.0
 31
0.0
 12
64.0
 22
45.0
 32
0.0
 13
68.0
 23
45.0
 33
0.0
  0
SOLID
  5
22F
  8
SHEET
 62
5
 10
69.0
 20
44.0
 30
0.0
 11
70.0
 21
44.0
 31
0.0
 12
69.0
 22
45.0
 32
0.0
 13
70.0
 23
45.0
 33
0.0
  0
SOLID
  5
230
  8
SHEET
 62
5
 10
71.0
 20
44.0
 30
0.0
 11
73.0
 21
44.0
 31
0.0
 12
71.0
 22
45.0
 32
0.0
 13
73.0
 23
45.0
 33
0.0
  0
SOLID
  5
231
  8
SHEET
 62
5
 10
78.0
 20
44.0
 30
0.0
 11
82.0
 21
44.0
 31
0.0
 12
78.0
 22
45.0
 32
0.0
 13
82.0
 23
45.0
 33
0.0
  0
SOLID
  5
232
  8
SHEET
 62
5
 10
83.0
 20
44.0
 30
0.0
 11
84.0
 21
44.0
 31
0.0
 12
83.0
 22
45.0
 32
0.0
 13
84.0
 23
45.0
 33
0.0
  0
SOLID
  5
233
  8
SHEET
 62
5
 10
40.0
 20
43.0
 30
0.0
 11
41.0
 21
43.0
 31
0.0
 12
40.0
 22
44.0
 32
0.0
 13
41.0
 23
44.0
 33
0.0
  0
SOLID
  5
234
  8
SHEET
 62
7
 10
41.0
 20
43.0
 30
0.0
 11
42.0
 21
43.0
 31
0.0
 12
41.0
 22
44.0
 32
0.0
 13
42.0
 23
44.0
 33
0.0
  0
SOLID
  5
235
  8
SHEET
 62
5
 10
42.0
 20
43.0
 30
0.0
 11
43.0
 21
43.0
 31
0.0
 12
42.0
 22
44.0
 32
0.0
 13
43.0
 23
44.0
 33
0.0
  0
SOLID
  5
236
  8
SHEET
 62
5
 10
44.0
 20
43.0
 30
0.0
 11
45.0
 21
43.0
 31
0.0
 12
44.0
 22
44.0
 32
0.0
 13
45.0
 23
44.0
 33
0.0
  0
SOLID
  5
237
  8
SHEET
 62
5
 10
66.0
 20
43.0
 30
0.0
 11
69.0
 21
43.0
 31
0.0
 12
66.0
 22
44.0
 32
0.0
 13
69.0
 23
44.0
 33
0.0
  0
SOLID
  5
238
  8
SHEET
 62
5
 10
80.0
 20
43.0
 30
0.0
 11
83.0
 21
43.0
 31
0.0
 12
80.0
 22
44.0
 32
0.0
 13
83.0
 23
44.0
 33
0.0
  0
SOLID
  5
239
  8
SHEET
 62
5
 10
40.0
 20
42.0
 30
0.0
 11
41.0
 21
42.0
 31
0.0
 12
40.0
 22
43.0
 32
0.0
 13
41.0
 23
43.0
 33
0.0
  0
SOLID
  5
23A
  8
SHEET
 62
7
 10
41.0
 20
42.0
 30
0.0
 11
42.0
 21
42.0
 31
0.0
 12
41.0
 22
43.0
 32
0.0
 13
42.0
 23
43.0
 33
0.0
  0
SOLID
  5
23B
  8
SHEET
 62
5
 10
42.0
 20
42.0
 30
0.0
 11
43.0
 21
42.0
 31
0.0
 12
42.0
 22
43.0
 32
0.0
 13
43.0
 23
43.0
 33
0.0
  0
SOLID
  5
23C
  8
SHEET
 62
5
 10
44.0
 20
42.0
 30
0.0
 11
45.0
 21
42.0
 31
0.0
 12
44.0
 22
43.0
 32
0.0
 13
45.0
 23
43.0
 33
0.0
  0
SOLID
  5
23D
  8
SHEET
 62
5
 10
40.0
 20
41.0
 30
0.0
 11
41.0
 21
41.0
 31
0.0
 12
40.0
 22
42.0
 32
0.0
 13
41.0
 23
42.0
 33
0.0
  0
SOLID
  5
23E
  8
SHEET
 62
7
 10
41.0
 20
41.0
 30
0.0
 11
42.0
 21
41.0
 31
0.0
 12
41.0
 22
42.0
 32
0.0
 13
42.0
 23
42.0
 33
0.0
  0
SOLID
  5
23F
  8
SHEET
 62
5
 10
42.0
 20
41.0
 30
0.0
 11
43.0
 21
41.0
 31
0.0
 12
42.0
 22
42.0
 32
0.0
 13
43.0
 23
42.0
 33
0.0
  0
SOLID
  5
240
  8
SHEET
 62
5
 10
44.0
 20
41.0
 30
0.0
 11
45.0
 21
41.0
 31
0.0
 12
44.0
 22
42.0
 32
0.0
 13
45.0
 23
42.0
 33
0.0
  0
SOLID
  5
241
  8
SHEET
 62
5
 10
40.0
 20
40.0
 30
0.0
 11
41.0
 21
40.0
 31
0.0
 12
40.0
 22
41.0
 32
0.0
 13
41.0
 23
41.0
 33
0.0
  0
SOLID
  5
242
  8
SHEET
 62
7
 10
41.0
 20
40.0
 30
0.0
 11
42.0
 21
40.0
 31
0.0
 12
41.0
 22
41.0
 32
0.0
 13
42.0
 23
41.0
 33
0.0
  0
SOLID
  5
243
  8
SHEET
 62
5
 10
42.0
 20
40.0
 30
0.0
 11
43.0
 21
40.0
 31
0.0
 12
42.0
 22
41.0
 32
0.0
 13
43.0
 23
41.0
 33
0.0
  0
SOLID
  5
244
  8
SHEET
 62
5
 10
44.0
 20
40.0
 30
0.0
 11
45.0
 21
40.0
 31
0.0
 12
44.0
 22
41.0
 32
0.0
 13
45.0
 23
41.0
 33
0.0
  0
SOLID
  5
245
  8
SHEET
 62
5
 10
40.0
 20
39.0
 30
0.0
 11
41.0
 21
39.0
 31
0.0
 12
40.0
 22
40.0
 32
0.0
 13
41.0
 23
40.0
 33
0.0
  0
SOLID
  5
246
  8
SHEET
 62
7
 10
41.0
 20
39.0
 30
0.0
 11
42.0
 21
39.0
 31
0.0
 12
41.0
 22
40.0
 32
0.0
 13
42.0
 23
40.0
 33
0.0
  0
SOLID
  5
247
  8
SHEET
 62
5
 10
42.0
 20
39.0
 30
0.0
 11
43.0
 21
39.0
 31
0.0
 12
42.0
 22
40.0
 32
0.0
 13
43.0
 23
40.0
 33
0.0
  0
SOLID
  5
248
  8
SHEET
 62
5
 10
44.0
 20
39.0
 30
0.0
 11
45.0
 21
39.0
 31
0.0
 12
44.0
 22
40.0
 32
0.0
 13
45.0
 23
40.0
 33
0.0
  0
SOLID
  5
249
  8
SHEET
 62
5
 10
40.0
 20
38.0
 30
0.0
 11
41.0
 21
38.0
 31
0.0
 12
40.0
 22
39.0
 32
0.0
 13
41.0
 23
39.0
 33
0.0
  0
SOLID
  5
24A
  8
SHEET
 62
7
 10
41.0
 20
38.0
 30
0.0
 11
42.0
 21
38.0
 31
0.0
 12
41.0
 22
39.0
 32
0.0
 13
42.0
 23
39.0
 33
0.0
  0
SOLID
  5
24B
  8
SHEET
 62
5
 10
42.0
 20
38.0
 30
0.0
 11
43.0
 21
38.0
 31
0.0
 12
42.0
 22
39.0
 32
0.0
 13
43.0
 23
39.0
 33
0.0
  0
SOLID
  5
24C
  8
SHEET
 62
5
 10
44.0
 20
38.0
 30
0.0
 11
45.0
 21
38.0
 31
0.0
 12
44.0
 22
39.0
 32
0.0
 13
45.0
 23
39.0
 33
0.0
  0
SOLID
  5
24D
  8
SHEET
 62
5
 10
40.0
 20
37.0
 30
0.0
 11
41.0
 21
37.0
 31
0.0
 12
40.0
 22
38.0
 32
0.0
 13
41.0
 23
38.0
 33
0.0
  0
SOLID
  5
24E
  8
SHEET
 62
7
 10
41.0
 20
37.0
 30
0.0
 11
42.0
 21
37.0
 31
0.0
 12
41.0
 22
38.0
 32
0.0
 13
42.0
 23
38.0
 33
0.0
  0
SOLID
  5
24F
  8
SHEET
 62
5
 10
42.0
 20
37.0
 30
0.0
 11
43.0
 21
37.0
 31
0.0
 12
42.0
 22
38.0
 32
0.0
 13
43.0
 23
38.0
 33
0.0
  0
SOLID
  5
250
  8
SHEET
 62
5
 10
44.0
 20
37.0
 30
0.0
 11
45.0
 21
37.0
 31
0.0
 12
44.0
 22
38.0
 32
0.0
 13
45.0
 23
38.0
 33
0.0
  0
SOLID
  5
251
  8
SHEET
 62
5
 10
40.0
 20
36.0
 30
0.0
 11
41.0
 21
36.0
 31
0.0
 12
40.0
 22
37.0
 32
0.0
 13
41.0
 23
37.0
 33
0.0
  0
SOLID
  5
252
  8
SHEET
 62
7
 10
41.0
 20
36.0
 30
0.0
 11
42.0
 21
36.0
 31
0.0
 12
41.0
 22
37.0
 32
0.0
 13
42.0
 23
37.0
 33
0.0
  0
SOLID
  5
253
  8
SHEET
 62
5
 10
42.0
 20
36.0
 30
0.0
 11
43.0
 21
36.0
 31
0.0
 12
42.0
 22
37.0
 32
0.0
 13
43.0
 23
37.0
 33
0.0
  0
SOLID
  5
254
  8
SHEET
 62
5
 10
44.0
 20
36.0
 30
0.0
 11
45.0
 21
36.0
 31
0.0
 12
44.0
 22
37.0
 32
0.0
 13
45.0
 23
37.0
 33
0.0
  0
SOLID
  5
255
  8
SHEET
 62
5
 10
40.0
 20
35.0
 30
0.0
 11
41.0
 21
35.0
 31
0.0
 12
40.0
 22
36.0
 32
0.0
 13
41.0
 23
36.0
 33
0.0
  0
SOLID
  5
256
  8
SHEET
 62
7
 10
41.0
 20
35.0
 30
0.0
 11
42.0
 21
35.0
 31
0.0
 12
41.0
 22
36.0
 32
0.0
 13
42.0
 23
36.0
 33
0.0
  0
SOLID
  5
257
  8
SHEET
 62
5
 10
42.0
 20
35.0
 30
0.0
 11
43.0
 21
35.0
 31
0.0
 12
42.0
 22
36.0
 32
0.0
 13
43.0
 23
36.0
 33
0.0
  0
SOLID
  5
258
  8
SHEET
 62
5
 10
44.0
 20
35.0
 30
0.0
 11
45.0
 21
35.0
 31
0.0
 12
44.0
 22
36.0
 32
0.0
 13
45.0
 23
36.0
 33
0.0
  0
SOLID
  5
259
  8
SHEET
 62
5
 10
40.0
 20
34.0
 30
0.0
 11
41.0
 21
34.0
 31
0.0
 12
40.0
 22
35.0
 32
0.0
 13
41.0
 23
35.0
 33
0.0
  0
SOLID
  5
25A
  8
SHEET
 62
7
 10
41.0
 20
34.0
 30
0.0
 11
42.0
 21
34.0
 31
0.0
 12
41.0
 22
35.0
 32
0.0
 13
42.0
 23
35.0
 33
0.0
  0
SOLID
  5
25B
  8
SHEET
 62
5
 10
42.0
 20
34.0
 30
0.0
 11
43.0
 21
34.0
 31
0.0
 12
42.0
 22
35.0
 32
0.0
 13
43.0
 23
35.0
 33
0.0
  0
SOLID
  5
25C
  8
SHEET
 62
5
 10
44.0
 20
34.0
 30
0.0
 11
45.0
 21
34.0
 31
0.0
 12
44.0
 22
35.0
 32
0.0
 13
45.0
 23
35.0
 33
0.0
  0
SOLID
  5
25D
  8
SHEET
 62
5
 10
40.0
 20
33.0
 30
0.0
 11
41.0
 21
33.0
 31
0.0
 12
40.0
 22
34.0
 32
0.0
 13
41.0
 23
34.0
 33
0.0
  0
SOLID
  5
25E
  8
SHEET
 62
7
 10
41.0
 20
33.0
 30
0.0
 11
42.0
 21
33.0
 31
0.0
 12
41.0
 22
34.0
 32
0.0
 13
42.0
 23
34.0
 33
0.0
  0
SOLID
  5
25F
  8
SHEET
 62
5
 10
42.0
 20
33.0
 30
0.0
 11
43.0
 21
33.0
 31
0.0
 12
42.0
 22
34.0
 32
0.0
 13
43.0
 23
34.0
 33
0.0
  0
SOLID
  5
260
  8
SHEET
 62
5
 10
44.0
 20
33.0
 30
0.0
 11
45.0
 21
33.0
 31
0.0
 12
44.0
 22
34.0
 32
0.0
 13
45.0
 23
34.0
 33
0.0
  0
SOLID
  5
261
  8
SHEET
 62
5
 10
40.0
 20
32.0
 30
0.0
 11
41.0
 21
32.0
 31
0.0
 12
40.0
 22
33.0
 32
0.0
 13
41.0
 23
33.0
 33
0.0
  0
SOLID
  5
262
  8
SHEET
 62
7
 10
41.0
 20
32.0
 30
0.0
 11
42.0
 21
32.0
 31
0.0
 12
41.0
 22
33.0
 32
0.0
 13
42.0
 23
33.0
 33
0.0
  0
SOLID
  5
263
  8
SHEET
 62
5
 10
42.0
 20
32.0
 30
0.0
 11
43.0
 21
32.0
 31
0.0
 12
42.0
 22
33.0
 32
0.0
 13
43.0
 23
33.0
 33
0.0
  0
SOLID
  5
264
  8
SHEET
 62
5
 10
44.0
 20
32.0
 30
0.0
 11
45.0
 21
32.0
 31
0.0
 12
44.0
 22
33.0
 32
0.0
 13
45.0
 23
33.0
 33
0.0
  0
SOLID
  5
265
  8
SHEET
 62
5
 10
40.0
 20
31.0
 30
0.0
 11
41.0
 21
31.0
 31
0.0
 12
40.0
 22
32.0
 32
0.0
 13
41.0
 23
32.0
 33
0.0
  0
SOLID
  5
266
  8
SHEET
 62
7
 10
41.0
 20
31.0
 30
0.0
 11
42.0
 21
31.0
 31
0.0
 12
41.0
 22
32.0
 32
0.0
 13
42.0
 23
32.0
 33
0.0
  0
SOLID
  5
267
  8
SHEET
 62
5
 10
42.0
 20
31.0
 30
0.0
 11
43.0
 21
31.0
 31
0.0
 12
42.0
 22
32.0
 32
0.0
 13
43.0
 23
32.0
 33
0.0
  0
SOLID
  5
268
  8
SHEET
 62
5
 10
44.0
 20
31.0
 30
0.0
 11
45.0
 21
31.0
 31
0.0
 12
44.0
 22
32.0
 32
0.0
 13
45.0
 23
32.0
 33
0.0
  0
SOLID
  5
269
  8
SHEET
 62
5
 10
40.0
 20
30.0
 30
0.0
 11
41.0
 21
30.0
 31
0.0
 12
40.0
 22
31.0
 32
0.0
 13
41.0
 23
31.0
 33
0.0
  0
SOLID
  5
26A
  8
SHEET
 62
7
 10
41.0
 20
30.0
 30
0.0
 11
42.0
 21
30.0
 31
0.0
 12
41.0
 22
31.0
 32
0.0
 13
42.0
 23
31.0
 33
0.0
  0
SOLID
  5
26B
  8
SHEET
 62
5
 10
42.0
 20
30.0
 30
0.0
 11
43.0
 21
30.0
 31
0.0
 12
42.0
 22
31.0
 32
0.0
 13
43.0
 23
31.0
 33
0.0
  0
SOLID
  5
26C
  8
SHEET
 62
5
 10
44.0
 20
30.0
 30
0.0
 11
45.0
 21
30.0
 31
0.0
 12
44.0
 22
31.0
 32
0.0
 13
45.0
 23
31.0
 33
0.0
  0
SOLID
  5
26D
  8
SHEET
 62
5
 10
40.0
 20
29.0
 30
0.0
 11
41.0
 21
29.0
 31
0.0
 12
40.0
 22
30.0
 32
0.0
 13
41.0
 23
30.0
 33
0.0
  0
SOLID
  5
26E
  8
SHEET
 62
7
 10
41.0
 20
29.0
 30
0.0
 11
42.0
 21
29.0
 31
0.0
 12
41.0
 22
30.0
 32
0.0
 13
42.0
 23
30.0
 33
0.0
  0
SOLID
  5
26F
  8
SHEET
 62
5
 10
42.0
 20
29.0
 30
0.0
 11
43.0
 21
29.0
 31
0.0
 12
42.0
 22
30.0
 32
0.0
 13
43.0
 23
30.0
 33
0.0
  0
SOLID
  5
270
  8
SHEET
 62
5
 10
44.0
 20
29.0
 30
0.0
 11
45.0
 21
29.0
 31
0.0
 12
44.0
 22
30.0
 32
0.0
 13
45.0
 23
30.0
 33
0.0
  0
SOLID
  5
271
  8
SHEET
 62
5
 10
40.0
 20
28.0
 30
0.0
 11
41.0
 21
28.0
 31
0.0
 12
40.0
 22
29.0
 32
0.0
 13
41.0
 23
29.0
 33
0.0
  0
SOLID
  5
272
  8
SHEET
 62
7
 10
41.0
 20
28.0
 30
0.0
 11
42.0
 21
28.0
 31
0.0
 12
41.0
 22
29.0
 32
0.0
 13
42.0
 23
29.0
 33
0.0
  0
SOLID
  5
273
  8
SHEET
 62
5
 10
42.0
 20
28.0
 30
0.0
 11
43.0
 21
28.0
 31
0.0
 12
42.0
 22
29.0
 32
0.0
 13
43.0
 23
29.0
 33
0.0
  0
SOLID
  5
274
  8
SHEET
 62
5
 10
44.0
 20
28.0
 30
0.0
 11
45.0
 21
28.0
 31
0.0
 12
44.0
 22
29.0
 32
0.0
 13
45.0
 23
29.0
 33
0.0
  0
SOLID
  5
275
  8
SHEET
 62
5
 10
40.0
 20
27.0
 30
0.0
 11
41.0
 21
27.0
 31
0.0
 12
40.0
 22
28.0
 32
0.0
 13
41.0
 23
28.0
 33
0.0
  0
SOLID
  5
276
  8
SHEET
 62
7
 10
41.0
 20
27.0
 30
0.0
 11
42.0
 21
27.0
 31
0.0
 12
41.0
 22
28.0
 32
0.0
 13
42.0
 23
28.0
 33
0.0
  0
SOLID
  5
277
  8
SHEET
 62
5
 10
42.0
 20
27.0
 30
0.0
 11
43.0
 21
27.0
 31
0.0
 12
42.0
 22
28.0
 32
0.0
 13
43.0
 23
28.0
 33
0.0
  0
SOLID
  5
278
  8
SHEET
 62
5
 10
40.0
 20
26.0
 30
0.0
 11
41.0
 21
26.0
 31
0.0
 12
40.0
 22
27.0
 32
0.0
 13
41.0
 23
27.0
 33
0.0
  0
SOLID
  5
279
  8
SHEET
 62
7
 10
41.0
 20
26.0
 30
0.0
 11
42.0
 21
26.0
 31
0.0
 12
41.0
 22
27.0
 32
0.0
 13
42.0
 23
27.0
 33
0.0
  0
SOLID
  5
27A
  8
SHEET
 62
5
 10
42.0
 20
26.0
 30
0.0
 11
180.0
 21
26.0
 31
0.0
 12
42.0
 22
27.0
 32
0.0
 13
180.0
 23
27.0
 33
0.0
  0
SOLID
  5
27B
  8
SHEET
 62
5
 10
40.0
 20
25.0
 30
0.0
 11
41.0
 21
25.0
 31
0.0
 12
40.0
 22
26.0
 32
0.0
 13
41.0
 23
26.0
 33
0.0
  0
SOLID
  5
27C
  8
SHEET
 62
7
 10
41.0
 20
25.0
 30
0.0
 11
42.0
 21
25.0
 31
0.0
 12
41.0
 22
26.0
 32
0.0
 13
42.0
 23
26.0
 33
0.0
  0
SOLID
  5
27D
  8
SHEET
 62
5
 10
42.0
 20
25.0
 30
0.0
 11
180.0
 21
25.0
 31
0.0
 12
42.0
 22
26.0
 32
0.0
 13
180.0
 23
26.0
 33
0.0
  0
SOLID
  5
27E
  8
SHEET
 62
5
 10
40.0
 20
24.0
 30
0.0
 11
41.0
 21
24.0
 31
0.0
 12
40.0
 22
25.0
 32
0.0
 13
41.0
 23
25.0
 33
0.0
  0
SOLID
  5
27F
  8
SHEET
 62
7
 10
41.0
 20
24.0
 30
0.0
 11
42.0
 21
24.0
 31
0.0
 12
41.0
 22
25.0
 32
0.0
 13
42.0
 23
25.0
 33
0.0
  0
SOLID
  5
280
  8
SHEET
 62
5
 10
42.0
 20
24.0
 30
0.0
 11
180.0
 21
24.0
 31
0.0
 12
42.0
 22
25.0
 32
0.0
 13
180.0
 23
25.0
 33
0.0
  0
SOLID
  5
281
  8
SHEET
 62
5
 10
40.0
 20
23.0
 30
0.0
 11
41.0
 21
23.0
 31
0.0
 12
40.0
 22
24.0
 32
0.0
 13
41.0
 23
24.0
 33
0.0
  0
SOLID
  5
282
  8
SHEET
 62
7
 10
41.0
 20
23.0
 30
0.0
 11
42.0
 21
23.0
 31
0.0
 12
41.0
 22
24.0
 32
0.0
 13
42.0
 23
24.0
 33
0.0
  0
SOLID
  5
283
  8
SHEET
 62
5
 10
42.0
 20
23.0
 30
0.0
 11
180.0
 21
23.0
 31
0.0
 12
42.0
 22
24.0
 32
0.0
 13
180.0
 23
24.0
 33
0.0
  0
SOLID
  5
284
  8
SHEET
 62
5
 10
40.0
 20
22.0
 30
0.0
 11
41.0
 21
22.0
 31
0.0
 12
40.0
 22
23.0
 32
0.0
 13
41.0
 23
23.0
 33
0.0
  0
SOLID
  5
285
  8
SHEET
 62
7
 10
41.0
 20
22.0
 30
0.0
 11
42.0
 21
22.0
 31
0.0
 12
41.0
 22
23.0
 32
0.0
 13
42.0
 23
23.0
 33
0.0
  0
SOLID
  5
286
  8
SHEET
 62
5
 10
42.0
 20
22.0
 30
0.0
 11
43.0
 21
22.0
 31
0.0
 12
42.0
 22
23.0
 32
0.0
 13
43.0
 23
23.0
 33
0.0
  0
SOLID
  5
287
  8
SHEET
 62
5
 10
44.0
 20
22.0
 30
0.0
 11
45.0
 21
22.0
 31
0.0
 12
44.0
 22
23.0
 32
0.0
 13
45.0
 23
23.0
 33
0.0
  0
SOLID
  5
288
  8
SHEET
 62
5
 10
40.0
 20
21.0
 30
0.0
 11
41.0
 21
21.0
 31
0.0
 12
40.0
 22
22.0
 32
0.0
 13
41.0
 23
22.0
 33
0.0
  0
SOLID
  5
289
  8
SHEET
 62
7
 10
41.0
 20
21.0
 30
0.0
 11
42.0
 21
21.0
 31
0.0
 12
41.0
 22
22.0
 32
0.0
 13
42.0
 23
22.0
 33
0.0
  0
SOLID
  5
28A
  8
SHEET
 62
5
 10
42.0
 20
21.0
 30
0.0
 11
43.0
 21
21.0
 31
0.0
 12
42.0
 22
22.0
 32
0.0
 13
43.0
 23
22.0
 33
0.0
  0
SOLID
  5
28B
  8
SHEET
 62
5
 10
44.0
 20
21.0
 30
0.0
 11
45.0
 21
21.0
 31
0.0
 12
44.0
 22
22.0
 32
0.0
 13
45.0
 23
22.0
 33
0.0
  0
SOLID
  5
28C
  8
SHEET
 62
5
 10
40.0
 20
20.0
 30
0.0
 11
41.0
 21
20.0
 31
0.0
 12
40.0
 22
21.0
 32
0.0
 13
41.0
 23
21.0
 33
0.0
  0
SOLID
  5
28D
  8
SHEET
 62
7
 10
41.0
 20
20.0
 30
0.0
 11
42.0
 21
20.0
 31
0.0
 12
41.0
 22
21.0
 32
0.0
 13
42.0
 23
21.0
 33
0.0
  0
SOLID
  5
28E
  8
SHEET
 62
5
 10
42.0
 20
20.0
 30
0.0
 11
43.0
 21
20.0
 31
0.0
 12
42.0
 22
21.0
 32
0.0
 13
43.0
 23
21.0
 33
0.0
  0
SOLID
  5
28F
  8
SHEET
 62
5
 10
44.0
 20
20.0
 30
0.0
 11
45.0
 21
20.0
 31
0.0
 12
44.0
 22
21.0
 32
0.0
 13
45.0
 23
21.0
 33
0.0
  0
SOLID
  5
290
  8
SHEET
 62
5
 10
40.0
 20
19.0
 30
0.0
 11
41.0
 21
19.0
 31
0.0
 12
40.0
 22
20.0
 32
0.0
 13
41.0
 23
20.0
 33
0.0
  0
SOLID
  5
291
  8
SHEET
 62
7
 10
41.0
 20
19.0
 30
0.0
 11
42.0
 21
19.0
 31
0.0
 12
41.0
 22
20.0
 32
0.0
 13
42.0
 23
20.0
 33
0.0
  0
SOLID
  5
292
  8
SHEET
 62
5
 10
42.0
 20
19.0
 30
0.0
 11
43.0
 21
19.0
 31
0.0
 12
42.0
 22
20.0
 32
0.0
 13
43.0
 23
20.0
 33
0.0
  0
SOLID
  5
293
  8
SHEET
 62
5
 10
44.0
 20
19.0
 30
0.0
 11
45.0
 21
19.0
 31
0.0
 12
44.0
 22
20.0
 32
0.0
 13
45.0
 23
20.0
 33
0.0
  0
SOLID
  5
294
  8
SHEET
 62
5
 10
40.0
 20
18.0
 30
0.0
 11
41.0
 21
18.0
 31
0.0
 12
40.0
 22
19.0
 32
0.0
 13
41.0
 23
19.0
 33
0.0
  0
SOLID
  5
295
  8
SHEET
 62
7
 10
41.0
 20
18.0
 30
0.0
 11
42.0
 21
18.0
 31
0.0
 12
41.0
 22
19.0
 32
0.0
 13
42.0
 23
19.0
 33
0.0
  0
SOLID
  5
296
  8
SHEET
 62
5
 10
42.0
 20
18.0
 30
0.0
 11
43.0
 21
18.0
 31
0.0
 12
42.0
 22
19.0
 32
0.0
 13
43.0
 23
19.0
 33
0.0
  0
SOLID
  5
297
  8
SHEET
 62
5
 10
44.0
 20
18.0
 30
0.0
 11
45.0
 21
18.0
 31
0.0
 12
44.0
 22
19.0
 32
0.0
 13
45.0
 23
19.0
 33
0.0
  0
SOLID
  5
298
  8
SHEET
 62
5
 10
40.0
 20
17.0
 30
0.0
 11
41.0
 21
17.0
 31
0.0
 12
40.0
 22
18.0
 32
0.0
 13
41.0
 23
18.0
 33
0.0
  0
SOLID
  5
299
  8
SHEET
 62
7
 10
41.0
 20
17.0
 30
0.0
 11
42.0
 21
17.0
 31
0.0
 12
41.0
 22
18.0
 32
0.0
 13
42.0
 23
18.0
 33
0.0
  0
SOLID
  5
29A
  8
SHEET
 62
5
 10
42.0
 20
17.0
 30
0.0
 11
43.0
 21
17.0
 31
0.0
 12
42.0
 22
18.0
 32
0.0
 13
43.0
 23
18.0
 33
0.0
  0
SOLID
  5
29B
  8
SHEET
 62
5
 10
44.0
 20
17.0
 30
0.0
 11
45.0
 21
17.0
 31
0.0
 12
44.0
 22
18.0
 32
0.0
 13
45.0
 23
18.0
 33
0.0
  0
SOLID
  5
29C
  8
SHEET
 62
5
 10
40.0
 20
16.0
 30
0.0
 11
41.0
 21
16.0
 31
0.0
 12
40.0
 22
17.0
 32
0.0
 13
41.0
 23
17.0
 33
0.0
  0
SOLID
  5
29D
  8
SHEET
 62
7
 10
41.0
 20
16.0
 30
0.0
 11
42.0
 21
16.0
 31
0.0
 12
41.0
 22
17.0
 32
0.0
 13
42.0
 23
17.0
 33
0.0
  0
SOLID
  5
29E
  8
SHEET
 62
5
 10
42.0
 20
16.0
 30
0.0
 11
43.0
 21
16.0
 31
0.0
 12
42.0
 22
17.0
 32
0.0
 13
43.0
 23
17.0
 33
0.0
  0
SOLID
  5
29F
  8
SHEET
 62
5
 10
44.0
 20
16.0
 30
0.0
 11
45.0
 21
16.0
 31
0.0
 12
44.0
 22
17.0
 32
0.0
 13
45.0
 23
17.0
 33
0.0
  0
SOLID
  5
2A0
  8
SHEET
 62
5
 10
40.0
 20
15.0
 30
0.0
 11
41.0
 21
15.0
 31
0.0
 12
40.0
 22
16.0
 32
0.0
 13
41.0
 23
16.0
 33
0.0
  0
SOLID
  5
2A1
  8
SHEET
 62
7
 10
41.0
 20
15.0
 30
0.0
 11
42.0
 21
15.0
 31
0.0
 12
41.0
 22
16.0
 32
0.0
 13
42.0
 23
16.0
 33
0.0
  0
SOLID
  5
2A2
  8
SHEET
 62
5
 10
42.0
 20
15.0
 30
0.0
 11
43.0
 21
15.0
 31
0.0
 12
42.0
 22
16.0
 32
0.0
 13
43.0
 23
16.0
 33
0.0
  0
SOLID
  5
2A3
  8
SHEET
 62
5
 10
44.0
 20
15.0
 30
0.0
 11
45.0
 21
15.0
 31
0.0
 12
44.0
 22
16.0
 32
0.0
 13
45.0
 23
16.0
 33
0.0
  0
SOLID
  5
2A4
  8
SHEET
 62
5
 10
40.0
 20
14.0
 30
0.0
 11
41.0
 21
14.0
 31
0.0
 12
40.0
 22
15.0
 32
0.0
 13
41.0
 23
15.0
 33
0.0
  0
SOLID
  5
2A5
  8
SHEET
 62
7
 10
41.0
 20
14.0
 30
0.0
 11
42.0
 21
14.0
 31
0.0
 12
41.0
 22
15.0
 32
0.0
 13
42.0
 23
15.0
 33
0.0
  0
SOLID
  5
2A6
  8
SHEET
 62
5
 10
42.0
 20
14.0
 30
0.0
 11
43.0
 21
14.0
 31
0.0
 12
42.0
 22
15.0
 32
0.0
 13
43.0
 23
15.0
 33
0.0
  0
SOLID
  5
2A7
  8
SHEET
 62
5
 10
44.0
 20
14.0
 30
0.0
 11
45.0
 21
14.0
 31
0.0
 12
44.0
 22
15.0
 32
0.0
 13
45.0
 23
15.0
 33
0.0
  0
SOLID
  5
2A8
  8
SHEET
 62
5
 10
40.0
 20
13.0
 30
0.0
 11
41.0
 21
13.0
 31
0.0
 12
40.0
 22
14.0
 32
0.0
 13
41.0
 23
14.0
 33
0.0
  0
SOLID
  5
2A9
  8
SHEET
 62
7
 10
41.0
 20
13.0
 30
0.0
 11
42.0
 21
13.0
 31
0.0
 12
41.0
 22
14.0
 32
0.0
 13
42.0
 23
14.0
 33
0.0
  0
SOLID
  5
2AA
  8
SHEET
 62
5
 10
42.0
 20
13.0
 30
0.0
 11
43.0
 21
13.0
 31
0.0
 12
42.0
 22
14.0
 32
0.0
 13
43.0
 23
14.0
 33
0.0
  0
SOLID
  5
2AB
  8
SHEET
 62
5
 10
44.0
 20
13.0
 30
0.0
 11
45.0
 21
13.0
 31
0.0
 12
44.0
 22
14.0
 32
0.0
 13
45.0
 23
14.0
 33
0.0
  0
SOLID
  5
2AC
  8
SHEET
 62
5
 10
40.0
 20
12.0
 30
0.0
 11
41.0
 21
12.0
 31
0.0
 12
40.0
 22
13.0
 32
0.0
 13
41.0
 23
13.0
 33
0.0
  0
SOLID
  5
2AD
  8
SHEET
 62
7
 10
41.0
 20
12.0
 30
0.0
 11
42.0
 21
12.0
 31
0.0
 12
41.0
 22
13.0
 32
0.0
 13
42.0
 23
13.0
 33
0.0
  0
SOLID
  5
2AE
  8
SHEET
 62
5
 10
42.0
 20
12.0
 30
0.0
 11
43.0
 21
12.0
 31
0.0
 12
42.0
 22
13.0
 32
0.0
 13
43.0
 23
13.0
 33
0.0
  0
SOLID
  5
2AF
  8
SHEET
 62
5
 10
44.0
 20
12.0
 30
0.0
 11
45.0
 21
12.0
 31
0.0
 12
44.0
 22
13.0
 32
0.0
 13
45.0
 23
13.0
 33
0.0
  0
SOLID
  5
2B0
  8
SHEET
 62
5
 10
40.0
 20
11.0
 30
0.0
 11
41.0
 21
11.0
 31
0.0
 12
40.0
 22
12.0
 32
0.0
 13
41.0
 23
12.0
 33
0.0
  0
SOLID
  5
2B1
  8
SHEET
 62
7
 10
41.0
 20
11.0
 30
0.0
 11
42.0
 21
11.0
 31
0.0
 12
41.0
 22
12.0
 32
0.0
 13
42.0
 23
12.0
 33
0.0
  0
SOLID
  5
2B2
  8
SHEET
 62
5
 10
42.0
 20
11.0
 30
0.0
 11
43.0
 21
11.0
 31
0.0
 12
42.0
 22
12.0
 32
0.0
 13
43.0
 23
12.0
 33
0.0
  0
SOLID
  5
2B3
  8
SHEET
 62
5
 10
44.0
 20
11.0
 30
0.0
 11
45.0
 21
11.0
 31
0.0
 12
44.0
 22
12.0
 32
0.0
 13
45.0
 23
12.0
 33
0.0
  0
SOLID
  5
2B4
  8
SHEET
 62
5
 10
40.0
 20
10.0
 30
0.0
 11
41.0
 21
10.0
 31
0.0
 12
40.0
 22
11.0
 32
0.0
 13
41.0
 23
11.0
 33
0.0
  0
SOLID
  5
2B5
  8
SHEET
 62
7
 10
41.0
 20
10.0
 30
0.0
 11
42.0
 21
10.0
 31
0.0
 12
41.0
 22
11.0
 32
0.0
 13
42.0
 23
11.0
 33
0.0
  0
SOLID
  5
2B6
  8
SHEET
 62
5
 10
42.0
 20
10.0
 30
0.0
 11
43.0
 21
10.0
 31
0.0
 12
42.0
 22
11.0
 32
0.0
 13
43.0
 23
11.0
 33
0.0
  0
SOLID
  5
2B7
  8
SHEET
 62
5
 10
44.0
 20
10.0
 30
0.0
 11
45.0
 21
10.0
 31
0.0
 12
44.0
 22
11.0
 32
0.0
 13
45.0
 23
11.0
 33
0.0
  0
SOLID
  5
2B8
  8
SHEET
 62
5
 10
40.0
 20
9.0
 30
0.0
 11
41.0
 21
9.0
 31
0.0
 12
40.0
 22
10.0
 32
0.0
 13
41.0
 23
10.0
 33
0.0
  0
SOLID
  5
2B9
  8
SHEET
 62
7
 10
41.0
 20
9.0
 30
0.0
 11
42.0
 21
9.0
 31
0.0
 12
41.0
 22
10.0
 32
0.0
 13
42.0
 23
10.0
 33
0.0
  0
SOLID
  5
2BA
  8
SHEET
 62
5
 10
42.0
 20
9.0
 30
0.0
 11
43.0
 21
9.0
 31
0.0
 12
42.0
 22
10.0
 32
0.0
 13
43.0
 23
10.0
 33
0.0
  0
SOLID
  5
2BB
  8
SHEET
 62
5
 10
44.0
 20
9.0
 30
0.0
 11
45.0
 21
9.0
 31
0.0
 12
44.0
 22
10.0
 32
0.0
 13
45.0
 23
10.0
 33
0.0
  0
SOLID
  5
2BC
  8
SHEET
 62
5
 10
40.0
 20
8.0
 30
0.0
 11
41.0
 21
8.0
 31
0.0
 12
40.0
 22
9.0
 32
0.0
 13
41.0
 23
9.0
 33
0.0
  0
SOLID
  5
2BD
  8
SHEET
 62
7
 10
41.0
 20
8.0
 30
0.0
 11
42.0
 21
8.0
 31
0.0
 12
41.0
 22
9.0
 32
0.0
 13
42.0
 23
9.0
 33
0.0
  0
SOLID
  5
2BE
  8
SHEET
 62
5
 10
42.0
 20
8.0
 30
0.0
 11
43.0
 21
8.0
 31
0.0
 12
42.0
 22
9.0
 32
0.0
 13
43.0
 23
9.0
 33
0.0
  0
SOLID
  5
2BF
  8
SHEET
 62
5
 10
44.0
 20
8.0
 30
0.0
 11
45.0
 21
8.0
 31
0.0
 12
44.0
 22
9.0
 32
0.0
 13
45.0
 23
9.0
 33
0.0
  0
SOLID
  5
2C0
  8
SHEET
 62
5
 10
40.0
 20
7.0
 30
0.0
 11
41.0
 21
7.0
 31
0.0
 12
40.0
 22
8.0
 32
0.0
 13
41.0
 23
8.0
 33
0.0
  0
SOLID
  5
2C1
  8
SHEET
 62
7
 10
41.0
 20
7.0
 30
0.0
 11
42.0
 21
7.0
 31
0.0
 12
41.0
 22
8.0
 32
0.0
 13
42.0
 23
8.0
 33
0.0
  0
SOLID
  5
2C2
  8
SHEET
 62
5
 10
42.0
 20
7.0
 30
0.0
 11
43.0
 21
7.0
 31
0.0
 12
42.0
 22
8.0
 32
0.0
 13
43.0
 23
8.0
 33
0.0
  0
SOLID
  5
2C3
  8
SHEET
 62
5
 10
44.0
 20
7.0
 30
0.0
 11
45.0
 21
7.0
 31
0.0
 12
44.0
 22
8.0
 32
0.0
 13
45.0
 23
8.0
 33
0.0
  0
SOLID
  5
2C4
  8
SHEET
 62
5
 10
40.0
 20
6.0
 30
0.0
 11
41.0
 21
6.0
 31
0.0
 12
40.0
 22
7.0
 32
0.0
 13
41.0
 23
7.0
 33
0.0
  0
SOLID
  5
2C5
  8
SHEET
 62
7
 10
41.0
 20
6.0
 30
0.0
 11
42.0
 21
6.0
 31
0.0
 12
41.0
 22
7.0
 32
0.0
 13
42.0
 23
7.0
 33
0.0
  0
SOLID
  5
2C6
  8
SHEET
 62
5
 10
42.0
 20
6.0
 30
0.0
 11
43.0
 21
6.0
 31
0.0
 12
42.0
 22
7.0
 32
0.0
 13
43.0
 23
7.0
 33
0.0
  0
SOLID
  5
2C7
  8
SHEET
 62
5
 10
44.0
 20
6.0
 30
0.0
 11
45.0
 21
6.0
 31
0.0
 12
44.0
 22
7.0
 32
0.0
 13
45.0
 23
7.0
 33
0.0
  0
SOLID
  5
2C8
  8
SHEET
 62
5
 10
40.0
 20
5.0
 30
0.0
 11
41.0
 21
5.0
 31
0.0
 12
40.0
 22
6.0
 32
0.0
 13
41.0
 23
6.0
 33
0.0
  0
SOLID
  5
2C9
  8
SHEET
 62
7
 10
41.0
 20
5.0
 30
0.0
 11
42.0
 21
5.0
 31
0.0
 12
41.0
 22
6.0
 32
0.0
 13
42.0
 23
6.0
 33
0.0
  0
SOLID
  5
2CA
  8
SHEET
 62
5
 10
42.0
 20
5.0
 30
0.0
 11
43.0
 21
5.0
 31
0.0
 12
42.0
 22
6.0
 32
0.0
 13
43.0
 23
6.0
 33
0.0
  0
SOLID
  5
2CB
  8
SHEET
 62
5
 10
44.0
 20
5.0
 30
0.0
 11
45.0
 21
5.0
 31
0.0
 12
44.0
 22
6.0
 32
0.0
 13
45.0
 23
6.0
 33
0.0
  0
SOLID
  5
2CC
  8
SHEET
 62
5
 10
40.0
 20
4.0
 30
0.0
 11
41.0
 21
4.0
 31
0.0
 12
40.0
 22
5.0
 32
0.0
 13
41.0
 23
5.0
 33
0.0
  0
SOLID
  5
2CD
  8
SHEET
 62
7
 10
41.0
 20
4.0
 30
0.0
 11
42.0
 21
4.0
 31
0.0
 12
41.0
 22
5.0
 32
0.0
 13
42.0
 23
5.0
 33
0.0
  0
SOLID
  5
2CE
  8
SHEET
 62
5
 10
42.0
 20
4.0
 30
0.0
 11
43.0
 21
4.0
 31
0.0
 12
42.0
 22
5.0
 32
0.0
 13
43.0
 23
5.0
 33
0.0
  0
SOLID
  5
2CF
  8
SHEET
 62
5
 10
44.0
 20
4.0
 30
0.0
 11
45.0
 21
4.0
 31
0.0
 12
44.0
 22
5.0
 32
0.0
 13
45.0
 23
5.0
 33
0.0
  0
SOLID
  5
2D0
  8
SHEET
 62
5
 10
40.0
 20
3.0
 30
0.0
 11
41.0
 21
3.0
 31
0.0
 12
40.0
 22
4.0
 32
0.0
 13
41.0
 23
4.0
 33
0.0
  0
SOLID
  5
2D1
  8
SHEET
 62
7
 10
41.0
 20
3.0
 30
0.0
 11
42.0
 21
3.0
 31
0.0
 12
41.0
 22
4.0
 32
0.0
 13
42.0
 23
4.0
 33
0.0
  0
SOLID
  5
2D2
  8
SHEET
 62
5
 10
42.0
 20
3.0
 30
0.0
 11
43.0
 21
3.0
 31
0.0
 12
42.0
 22
4.0
 32
0.0
 13
43.0
 23
4.0
 33
0.0
  0
SOLID
  5
2D3
  8
SHEET
 62
5
 10
44.0
 20
3.0
 30
0.0
 11
45.0
 21
3.0
 31
0.0
 12
44.0
 22
4.0
 32
0.0
 13
45.0
 23
4.0
 33
0.0
  0
SOLID
  5
2D4
  8
SHEET
 62
5
 10
40.0
 20
2.0
 30
0.0
 11
41.0
 21
2.0
 31
0.0
 12
40.0
 22
3.0
 32
0.0
 13
41.0
 23
3.0
 33
0.0
  0
SOLID
  5
2D5
  8
SHEET
 62
7
 10
41.0
 20
2.0
 30
0.0
 11
42.0
 21
2.0
 31
0.0
 12
41.0
 22
3.0
 32
0.0
 13
42.0
 23
3.0
 33
0.0
  0
SOLID
  5
2D6
  8
SHEET
 62
5
 10
42.0
 20
2.0
 30
0.0
 11
43.0
 21
2.0
 31
0.0
 12
42.0
 22
3.0
 32
0.0
 13
43.0
 23
3.0
 33
0.0
  0
SOLID
  5
2D7
  8
SHEET
 62
5
 10
44.0
 20
2.0
 30
0.0
 11
45.0
 21
2.0
 31
0.0
 12
44.0
 22
3.0
 32
0.0
 13
45.0
 23
3.0
 33
0.0
  0
SOLID
  5
2D8
  8
SHEET
 62
5
 10
40.0
 20
1.0
 30
0.0
 11
41.0
 21
1.0
 31
0.0
 12
40.0
 22
2.0
 32
0.0
 13
41.0
 23
2.0
 33
0.0
  0
SOLID
  5
2D9
  8
SHEET
 62
7
 10
41.0
 20
1.0
 30
0.0
 11
42.0
 21
1.0
 31
0.0
 12
41.0
 22
2.0
 32
0.0
 13
42.0
 23
2.0
 33
0.0
  0
SOLID
  5
2DA
  8
SHEET
 62
5
 10
42.0
 20
1.0
 30
0.0
 11
43.0
 21
1.0
 31
0.0
 12
42.0
 22
2.0
 32
0.0
 13
43.0
 23
2.0
 33
0.0
  0
SOLID
  5
2DB
  8
SHEET
 62
5
 10
44.0
 20
1.0
 30
0.0
 11
45.0
 21
1.0
 31
0.0
 12
44.0
 22
2.0
 32
0.0
 13
45.0
 23
2.0
 33
0.0
  0
SOLID
  5
2DC
  8
SHEET
 62
5
 10
40.0
 20
0.0
 30
0.0
 11
41.0
 21
0.0
 31
0.0
 12
40.0
 22
1.0
 32
0.0
 13
41.0
 23
1.0
 33
0.0
  0
SOLID
  5
2DD
  8
SHEET
 62
7
 10
41.0
 20
0.0
 30
0.0
 11
42.0
 21
0.0
 31
0.0
 12
41.0
 22
1.0
 32
0.0
 13
42.0
 23
1.0
 33
0.0
  0
SOLID
  5
2DE
  8
SHEET
 62
5
 10
42.0
 20
0.0
 30
0.0
 11
43.0
 21
0.0
 31
0.0
 12
42.0
 22
1.0
 32
0.0
 13
43.0
 23
1.0
 33
0.0
  0
SOLID
  5
2DF
  8
SHEET
 62
5
 10
44.0
 20
0.0
 30
0.0
 11
45.0
 21
0.0
 31
0.0
 12
44.0
 22
1.0
 32
0.0
 13
45.0
 23
1.0
 33
0.0
  0
LINE
  5
2E0
  8
SHEET
 62
5
 10
0.0
 20
86.0
 30
0.0
 11
1.0
 21
86.0
 31
0.0
  0
LINE
  5
2E1
  8
SHEET
 62
5
 10
0.0
 20
85.0
 30
0.0
 11
1.0
 21
85.0
 31
0.0
  0
LINE
  5
2E2
  8
SHEET
 62
5
 10
0.0
 20
85.0
 30
0.0
 11
0.0
 21
86.0
 31
0.0
  0
LINE
  5
2E3
  8
SHEET
 62
5
 10
1.0
 20
86.0
 30
0.0
 11
2.0
 21
86.0
 31
0.0
  0
LINE
  5
2E4
  8
SHEET
 62
5
 10
1.0
 20
85.0
 30
0.0
 11
2.0
 21
85.0
 31
0.0
  0
LINE
  5
2E5
  8
SHEET
 62
5
 10
2.0
 20
86.0
 30
0.0
 11
3.0
 21
86.0
 31
0.0
  0
LINE
  5
2E6
  8
SHEET
 62
5
 10
2.0
 20
85.0
 30
0.0
 11
3.0
 21
85.0
 31
0.0
  0
LINE
  5
2E7
  8
SHEET
 62
5
 10
3.0
 20
86.0
 30
0.0
 11
4.0
 21
86.0
 31
0.0
  0
LINE
  5
2E8
  8
SHEET
 62
5
 10
3.0
 20
85.0
 30
0.0
 11
4.0
 21
85.0
 31
0.0
  0
LINE
  5
2E9
  8
SHEET
 62
5
 10
4.0
 20
86.0
 30
0.0
 11
5.0
 21
86.0
 31
0.0
  0
LINE
  5
2EA
  8
SHEET
 62
5
 10
4.0
 20
85.0
 30
0.0
 11
5.0
 21
85.0
 31
0.0
  0
LINE
  5
2EB
  8
SHEET
 62
5
 10
5.0
 20
86.0
 30
0.0
 11
6.0
 21
86.0
 31
0.0
  0
LINE
  5
2EC
  8
SHEET
 62
5
 10
5.0
 20
85.0
 30
0.0
 11
6.0
 21
85.0
 31
0.0
  0
LINE
  5
2ED
  8
SHEET
 62
5
 10
6.0
 20
86.0
 30
0.0
 11
7.0
 21
86.0
 31
0.0
  0
LINE
  5
2EE
  8
SHEET
 62
5
 10
6.0
 20
85.0
 30
0.0
 11
7.0
 21
85.0
 31
0.0
  0
LINE
  5
2EF
  8
SHEET
 62
5
 10
7.0
 20
86.0
 30
0.0
 11
8.0
 21
86.0
 31
0.0
  0
LINE
  5
2F0
  8
SHEET
 62
5
 10
7.0
 20
85.0
 30
0.0
 11
8.0
 21
85.0
 31
0.0
  0
LINE
  5
2F1
  8
SHEET
 62
5
 10
8.0
 20
86.0
 30
0.0
 11
9.0
 21
86.0
 31
0.0
  0
LINE
  5
2F2
  8
SHEET
 62
5
 10
8.0
 20
85.0
 30
0.0
 11
9.0
 21
85.0
 31
0.0
  0
LINE
  5
2F3
  8
SHEET
 62
5
 10
9.0
 20
86.0
 30
0.0
 11
10.0
 21
86.0
 31
0.0
  0
LINE
  5
2F4
  8
SHEET
 62
5
 10
9.0
 20
85.0
 30
0.0
 11
10.0
 21
85.0
 31
0.0
  0
LINE
  5
2F5
  8
SHEET
 62
5
 10
10.0
 20
86.0
 30
0.0
 11
11.0
 21
86.0
 31
0.0
  0
LINE
  5
2F6
  8
SHEET
 62
5
 10
10.0
 20
85.0
 30
0.0
 11
11.0
 21
85.0
 31
0.0
  0
LINE
  5
2F7
  8
SHEET
 62
5
 10
11.0
 20
86.0
 30
0.0
 11
12.0
 21
86.0
 31
0.0
  0
LINE
  5
2F8
  8
SHEET
 62
5
 10
11.0
 20
85.0
 30
0.0
 11
12.0
 21
85.0
 31
0.0
  0
LINE
  5
2F9
  8
SHEET
 62
5
 10
12.0
 20
86.0
 30
0.0
 11
13.0
 21
86.0
 31
0.0
  0
LINE
  5
2FA
  8
SHEET
 62
5
 10
12.0
 20
85.0
 30
0.0
 11
13.0
 21
85.0
 31
0.0
  0
LINE
  5
2FB
  8
SHEET
 62
5
 10
13.0
 20
86.0
 30
0.0
 11
14.0
 21
86.0
 31
0.0
  0
LINE
  5
2FC
  8
SHEET
 62
5
 10
13.0
 20
85.0
 30
0.0
 11
14.0
 21
85.0
 31
0.0
  0
LINE
  5
2FD
  8
SHEET
 62
5
 10
14.0
 20
86.0
 30
0.0
 11
15.0
 21
86.0
 31
0.0
  0
LINE
  5
2FE
  8
SHEET
 62
5
 10
14.0
 20
85.0
 30
0.0
 11
15.0
 21
85.0
 31
0.0
  0
LINE
  5
2FF
  8
SHEET
 62
5
 10
15.0
 20
86.0
 30
0.0
 11
16.0
 21
86.0
 31
0.0
  0
LINE
  5
300
  8
SHEET
 62
5
 10
15.0
 20
85.0
 30
0.0
 11
16.0
 21
85.0
 31
0.0
  0
LINE
  5
301
  8
SHEET
 62
5
 10
16.0
 20
86.0
 30
0.0
 11
17.0
 21
86.0
 31
0.0
  0
LINE
  5
302
  8
SHEET
 62
5
 10
16.0
 20
85.0
 30
0.0
 11
17.0
 21
85.0
 31
0.0
  0
LINE
  5
303
  8
SHEET
 62
5
 10
17.0
 20
86.0
 30
0.0
 11
18.0
 21
86.0
 31
0.0
  0
LINE
  5
304
  8
SHEET
 62
5
 10
17.0
 20
85.0
 30
0.0
 11
18.0
 21
85.0
 31
0.0
  0
LINE
  5
305
  8
SHEET
 62
5
 10
18.0
 20
86.0
 30
0.0
 11
19.0
 21
86.0
 31
0.0
  0
LINE
  5
306
  8
SHEET
 62
5
 10
18.0
 20
85.0
 30
0.0
 11
19.0
 21
85.0
 31
0.0
  0
LINE
  5
307
  8
SHEET
 62
5
 10
19.0
 20
86.0
 30
0.0
 11
20.0
 21
86.0
 31
0.0
  0
LINE
  5
308
  8
SHEET
 62
5
 10
19.0
 20
85.0
 30
0.0
 11
20.0
 21
85.0
 31
0.0
  0
LINE
  5
309
  8
SHEET
 62
5
 10
20.0
 20
86.0
 30
0.0
 11
21.0
 21
86.0
 31
0.0
  0
LINE
  5
30A
  8
SHEET
 62
5
 10
20.0
 20
85.0
 30
0.0
 11
21.0
 21
85.0
 31
0.0
  0
LINE
  5
30B
  8
SHEET
 62
5
 10
21.0
 20
86.0
 30
0.0
 11
22.0
 21
86.0
 31
0.0
  0
LINE
  5
30C
  8
SHEET
 62
5
 10
21.0
 20
85.0
 30
0.0
 11
22.0
 21
85.0
 31
0.0
  0
LINE
  5
30D
  8
SHEET
 62
5
 10
22.0
 20
86.0
 30
0.0
 11
23.0
 21
86.0
 31
0.0
  0
LINE
  5
30E
  8
SHEET
 62
5
 10
22.0
 20
85.0
 30
0.0
 11
23.0
 21
85.0
 31
0.0
  0
LINE
  5
30F
  8
SHEET
 62
5
 10
23.0
 20
86.0
 30
0.0
 11
24.0
 21
86.0
 31
0.0
  0
LINE
  5
310
  8
SHEET
 62
5
 10
23.0
 20
85.0
 30
0.0
 11
24.0
 21
85.0
 31
0.0
  0
LINE
  5
311
  8
SHEET
 62
5
 10
24.0
 20
86.0
 30
0.0
 11
25.0
 21
86.0
 31
0.0
  0
LINE
  5
312
  8
SHEET
 62
5
 10
24.0
 20
85.0
 30
0.0
 11
25.0
 21
85.0
 31
0.0
  0
LINE
  5
313
  8
SHEET
 62
5
 10
25.0
 20
86.0
 30
0.0
 11
26.0
 21
86.0
 31
0.0
  0
LINE
  5
314
  8
SHEET
 62
5
 10
25.0
 20
85.0
 30
0.0
 11
26.0
 21
85.0
 31
0.0
  0
LINE
  5
315
  8
SHEET
 62
5
 10
26.0
 20
86.0
 30
0.0
 11
27.0
 21
86.0
 31
0.0
  0
LINE
  5
316
  8
SHEET
 62
5
 10
26.0
 20
85.0
 30
0.0
 11
27.0
 21
85.0
 31
0.0
  0
LINE
  5
317
  8
SHEET
 62
5
 10
27.0
 20
86.0
 30
0.0
 11
28.0
 21
86.0
 31
0.0
  0
LINE
  5
318
  8
SHEET
 62
5
 10
27.0
 20
85.0
 30
0.0
 11
28.0
 21
85.0
 31
0.0
  0
LINE
  5
319
  8
SHEET
 62
5
 10
28.0
 20
86.0
 30
0.0
 11
29.0
 21
86.0
 31
0.0
  0
LINE
  5
31A
  8
SHEET
 62
5
 10
28.0
 20
85.0
 30
0.0
 11
29.0
 21
85.0
 31
0.0
  0
LINE
  5
31B
  8
SHEET
 62
5
 10
29.0
 20
86.0
 30
0.0
 11
30.0
 21
86.0
 31
0.0
  0
LINE
  5
31C
  8
SHEET
 62
5
 10
29.0
 20
85.0
 30
0.0
 11
30.0
 21
85.0
 31
0.0
  0
LINE
  5
31D
  8
SHEET
 62
5
 10
30.0
 20
86.0
 30
0.0
 11
31.0
 21
86.0
 31
0.0
  0
LINE
  5
31E
  8
SHEET
 62
5
 10
30.0
 20
85.0
 30
0.0
 11
31.0
 21
85.0
 31
0.0
  0
LINE
  5
31F
  8
SHEET
 62
5
 10
31.0
 20
86.0
 30
0.0
 11
32.0
 21
86.0
 31
0.0
  0
LINE
  5
320
  8
SHEET
 62
5
 10
31.0
 20
85.0
 30
0.0
 11
32.0
 21
85.0
 31
0.0
  0
LINE
  5
321
  8
SHEET
 62
5
 10
32.0
 20
86.0
 30
0.0
 11
33.0
 21
86.0
 31
0.0
  0
LINE
  5
322
  8
SHEET
 62
5
 10
32.0
 20
85.0
 30
0.0
 11
33.0
 21
85.0
 31
0.0
  0
LINE
  5
323
  8
SHEET
 62
5
 10
33.0
 20
86.0
 30
0.0
 11
34.0
 21
86.0
 31
0.0
  0
LINE
  5
324
  8
SHEET
 62
5
 10
33.0
 20
85.0
 30
0.0
 11
34.0
 21
85.0
 31
0.0
  0
LINE
  5
325
  8
SHEET
 62
5
 10
34.0
 20
86.0
 30
0.0
 11
35.0
 21
86.0
 31
0.0
  0
LINE
  5
326
  8
SHEET
 62
5
 10
34.0
 20
85.0
 30
0.0
 11
35.0
 21
85.0
 31
0.0
  0
LINE
  5
327
  8
SHEET
 62
5
 10
35.0
 20
86.0
 30
0.0
 11
36.0
 21
86.0
 31
0.0
  0
LINE
  5
328
  8
SHEET
 62
5
 10
35.0
 20
85.0
 30
0.0
 11
36.0
 21
85.0
 31
0.0
  0
LINE
  5
329
  8
SHEET
 62
5
 10
36.0
 20
86.0
 30
0.0
 11
37.0
 21
86.0
 31
0.0
  0
LINE
  5
32A
  8
SHEET
 62
5
 10
36.0
 20
85.0
 30
0.0
 11
37.0
 21
85.0
 31
0.0
  0
LINE
  5
32B
  8
SHEET
 62
5
 10
37.0
 20
86.0
 30
0.0
 11
38.0
 21
86.0
 31
0.0
  0
LINE
  5
32C
  8
SHEET
 62
5
 10
37.0
 20
85.0
 30
0.0
 11
38.0
 21
85.0
 31
0.0
  0
LINE
  5
32D
  8
SHEET
 62
5
 10
38.0
 20
86.0
 30
0.0
 11
39.0
 21
86.0
 31
0.0
  0
LINE
  5
32E
  8
SHEET
 62
5
 10
38.0
 20
85.0
 30
0.0
 11
39.0
 21
85.0
 31
0.0
  0
LINE
  5
32F
  8
SHEET
 62
5
 10
39.0
 20
86.0
 30
0.0
 11
40.0
 21
86.0
 31
0.0
  0
LINE
  5
330
  8
SHEET
 62
5
 10
39.0
 20
85.0
 30
0.0
 11
40.0
 21
85.0
 31
0.0
  0
LINE
  5
331
  8
SHEET
 62
5
 10
40.0
 20
86.0
 30
0.0
 11
41.0
 21
86.0
 31
0.0
  0
LINE
  5
332
  8
SHEET
 62
5
 10
40.0
 20
85.0
 30
0.0
 11
41.0
 21
85.0
 31
0.0
  0
LINE
  5
333
  8
SHEET
 62
5
 10
41.0
 20
86.0
 30
0.0
 11
42.0
 21
86.0
 31
0.0
  0
LINE
  5
334
  8
SHEET
 62
5
 10
41.0
 20
85.0
 30
0.0
 11
42.0
 21
85.0
 31
0.0
  0
LINE
  5
335
  8
SHEET
 62
5
 10
42.0
 20
86.0
 30
0.0
 11
43.0
 21
86.0
 31
0.0
  0
LINE
  5
336
  8
SHEET
 62
5
 10
42.0
 20
85.0
 30
0.0
 11
43.0
 21
85.0
 31
0.0
  0
LINE
  5
337
  8
SHEET
 62
5
 10
43.0
 20
86.0
 30
0.0
 11
44.0
 21
86.0
 31
0.0
  0
LINE
  5
338
  8
SHEET
 62
5
 10
43.0
 20
85.0
 30
0.0
 11
44.0
 21
85.0
 31
0.0
  0
LINE
  5
339
  8
SHEET
 62
5
 10
44.0
 20
86.0
 30
0.0
 11
45.0
 21
86.0
 31
0.0
  0
LINE
  5
33A
  8
SHEET
 62
5
 10
44.0
 20
85.0
 30
0.0
 11
45.0
 21
85.0
 31
0.0
  0
LINE
  5
33B
  8
SHEET
 62
5
 10
45.0
 20
86.0
 30
0.0
 11
46.0
 21
86.0
 31
0.0
  0
LINE
  5
33C
  8
SHEET
 62
5
 10
45.0
 20
85.0
 30
0.0
 11
46.0
 21
85.0
 31
0.0
  0
LINE
  5
33D
  8
SHEET
 62
5
 10
46.0
 20
86.0
 30
0.0
 11
47.0
 21
86.0
 31
0.0
  0
LINE
  5
33E
  8
SHEET
 62
5
 10
46.0
 20
85.0
 30
0.0
 11
47.0
 21
85.0
 31
0.0
  0
LINE
  5
33F
  8
SHEET
 62
5
 10
47.0
 20
86.0
 30
0.0
 11
48.0
 21
86.0
 31
0.0
  0
LINE
  5
340
  8
SHEET
 62
5
 10
47.0
 20
85.0
 30
0.0
 11
48.0
 21
85.0
 31
0.0
  0
LINE
  5
341
  8
SHEET
 62
5
 10
48.0
 20
86.0
 30
0.0
 11
49.0
 21
86.0
 31
0.0
  0
LINE
  5
342
  8
SHEET
 62
5
 10
48.0
 20
85.0
 30
0.0
 11
49.0
 21
85.0
 31
0.0
  0
LINE
  5
343
  8
SHEET
 62
5
 10
49.0
 20
86.0
 30
0.0
 11
50.0
 21
86.0
 31
0.0
  0
LINE
  5
344
  8
SHEET
 62
5
 10
49.0
 20
85.0
 30
0.0
 11
50.0
 21
85.0
 31
0.0
  0
LINE
  5
345
  8
SHEET
 62
5
 10
50.0
 20
86.0
 30
0.0
 11
51.0
 21
86.0
 31
0.0
  0
LINE
  5
346
  8
SHEET
 62
5
 10
50.0
 20
85.0
 30
0.0
 11
51.0
 21
85.0
 31
0.0
  0
LINE
  5
347
  8
SHEET
 62
5
 10
51.0
 20
86.0
 30
0.0
 11
52.0
 21
86.0
 31
0.0
  0
LINE
  5
348
  8
SHEET
 62
5
 10
51.0
 20
85.0
 30
0.0
 11
52.0
 21
85.0
 31
0.0
  0
LINE
  5
349
  8
SHEET
 62
5
 10
52.0
 20
86.0
 30
0.0
 11
53.0
 21
86.0
 31
0.0
  0
LINE
  5
34A
  8
SHEET
 62
5
 10
52.0
 20
85.0
 30
0.0
 11
53.0
 21
85.0
 31
0.0
  0
LINE
  5
34B
  8
SHEET
 62
5
 10
53.0
 20
86.0
 30
0.0
 11
54.0
 21
86.0
 31
0.0
  0
LINE
  5
34C
  8
SHEET
 62
5
 10
53.0
 20
85.0
 30
0.0
 11
54.0
 21
85.0
 31
0.0
  0
LINE
  5
34D
  8
SHEET
 62
5
 10
54.0
 20
86.0
 30
0.0
 11
55.0
 21
86.0
 31
0.0
  0
LINE
  5
34E
  8
SHEET
 62
5
 10
54.0
 20
85.0
 30
0.0
 11
55.0
 21
85.0
 31
0.0
  0
LINE
  5
34F
  8
SHEET
 62
5
 10
55.0
 20
86.0
 30
0.0
 11
56.0
 21
86.0
 31
0.0
  0
LINE
  5
350
  8
SHEET
 62
5
 10
55.0
 20
85.0
 30
0.0
 11
56.0
 21
85.0
 31
0.0
  0
LINE
  5
351
  8
SHEET
 62
5
 10
56.0
 20
86.0
 30
0.0
 11
57.0
 21
86.0
 31
0.0
  0
LINE
  5
352
  8
SHEET
 62
5
 10
56.0
 20
85.0
 30
0.0
 11
57.0
 21
85.0
 31
0.0
  0
LINE
  5
353
  8
SHEET
 62
5
 10
57.0
 20
86.0
 30
0.0
 11
58.0
 21
86.0
 31
0.0
  0
LINE
  5
354
  8
SHEET
 62
5
 10
57.0
 20
85.0
 30
0.0
 11
58.0
 21
85.0
 31
0.0
  0
LINE
  5
355
  8
SHEET
 62
5
 10
58.0
 20
86.0
 30
0.0
 11
59.0
 21
86.0
 31
0.0
  0
LINE
  5
356
  8
SHEET
 62
5
 10
58.0
 20
85.0
 30
0.0
 11
59.0
 21
85.0
 31
0.0
  0
LINE
  5
357
  8
SHEET
 62
5
 10
59.0
 20
86.0
 30
0.0
 11
60.0
 21
86.0
 31
0.0
  0
LINE
  5
358
  8
SHEET
 62
5
 10
59.0
 20
85.0
 30
0.0
 11
60.0
 21
85.0
 31
0.0
  0
LINE
  5
359
  8
SHEET
 62
5
 10
60.0
 20
86.0
 30
0.0
 11
61.0
 21
86.0
 31
0.0
  0
LINE
  5
35A
  8
SHEET
 62
5
 10
60.0
 20
85.0
 30
0.0
 11
61.0
 21
85.0
 31
0.0
  0
LINE
  5
35B
  8
SHEET
 62
5
 10
61.0
 20
86.0
 30
0.0
 11
62.0
 21
86.0
 31
0.0
  0
LINE
  5
35C
  8
SHEET
 62
5
 10
61.0
 20
85.0
 30
0.0
 11
62.0
 21
85.0
 31
0.0
  0
LINE
  5
35D
  8
SHEET
 62
5
 10
62.0
 20
86.0
 30
0.0
 11
63.0
 21
86.0
 31
0.0
  0
LINE
  5
35E
  8
SHEET
 62
5
 10
62.0
 20
85.0
 30
0.0
 11
63.0
 21
85.0
 31
0.0
  0
LINE
  5
35F
  8
SHEET
 62
5
 10
63.0
 20
86.0
 30
0.0
 11
64.0
 21
86.0
 31
0.0
  0
LINE
  5
360
  8
SHEET
 62
5
 10
63.0
 20
85.0
 30
0.0
 11
64.0
 21
85.0
 31
0.0
  0
LINE
  5
361
  8
SHEET
 62
5
 10
64.0
 20
86.0
 30
0.0
 11
65.0
 21
86.0
 31
0.0
  0
LINE
  5
362
  8
SHEET
 62
5
 10
64.0
 20
85.0
 30
0.0
 11
65.0
 21
85.0
 31
0.0
  0
LINE
  5
363
  8
SHEET
 62
5
 10
65.0
 20
86.0
 30
0.0
 11
66.0
 21
86.0
 31
0.0
  0
LINE
  5
364
  8
SHEET
 62
5
 10
65.0
 20
85.0
 30
0.0
 11
66.0
 21
85.0
 31
0.0
  0
LINE
  5
365
  8
SHEET
 62
5
 10
66.0
 20
86.0
 30
0.0
 11
67.0
 21
86.0
 31
0.0
  0
LINE
  5
366
  8
SHEET
 62
5
 10
66.0
 20
85.0
 30
0.0
 11
67.0
 21
85.0
 31
0.0
  0
LINE
  5
367
  8
SHEET
 62
5
 10
67.0
 20
86.0
 30
0.0
 11
68.0
 21
86.0
 31
0.0
  0
LINE
  5
368
  8
SHEET
 62
5
 10
67.0
 20
85.0
 30
0.0
 11
68.0
 21
85.0
 31
0.0
  0
LINE
  5
369
  8
SHEET
 62
5
 10
68.0
 20
86.0
 30
0.0
 11
69.0
 21
86.0
 31
0.0
  0
LINE
  5
36A
  8
SHEET
 62
5
 10
68.0
 20
85.0
 30
0.0
 11
69.0
 21
85.0
 31
0.0
  0
LINE
  5
36B
  8
SHEET
 62
5
 10
69.0
 20
86.0
 30
0.0
 11
70.0
 21
86.0
 31
0.0
  0
LINE
  5
36C
  8
SHEET
 62
5
 10
69.0
 20
85.0
 30
0.0
 11
70.0
 21
85.0
 31
0.0
  0
LINE
  5
36D
  8
SHEET
 62
5
 10
70.0
 20
86.0
 30
0.0
 11
71.0
 21
86.0
 31
0.0
  0
LINE
  5
36E
  8
SHEET
 62
5
 10
70.0
 20
85.0
 30
0.0
 11
71.0
 21
85.0
 31
0.0
  0
LINE
  5
36F
  8
SHEET
 62
5
 10
71.0
 20
86.0
 30
0.0
 11
72.0
 21
86.0
 31
0.0
  0
LINE
  5
370
  8
SHEET
 62
5
 10
71.0
 20
85.0
 30
0.0
 11
72.0
 21
85.0
 31
0.0
  0
LINE
  5
371
  8
SHEET
 62
5
 10
72.0
 20
86.0
 30
0.0
 11
73.0
 21
86.0
 31
0.0
  0
LINE
  5
372
  8
SHEET
 62
5
 10
72.0
 20
85.0
 30
0.0
 11
73.0
 21
85.0
 31
0.0
  0
LINE
  5
373
  8
SHEET
 62
5
 10
73.0
 20
86.0
 30
0.0
 11
74.0
 21
86.0
 31
0.0
  0
LINE
  5
374
  8
SHEET
 62
5
 10
73.0
 20
85.0
 30
0.0
 11
74.0
 21
85.0
 31
0.0
  0
LINE
  5
375
  8
SHEET
 62
5
 10
74.0
 20
86.0
 30
0.0
 11
75.0
 21
86.0
 31
0.0
  0
LINE
  5
376
  8
SHEET
 62
5
 10
74.0
 20
85.0
 30
0.0
 11
75.0
 21
85.0
 31
0.0
  0
LINE
  5
377
  8
SHEET
 62
5
 10
75.0
 20
86.0
 30
0.0
 11
76.0
 21
86.0
 31
0.0
  0
LINE
  5
378
  8
SHEET
 62
5
 10
75.0
 20
85.0
 30
0.0
 11
76.0
 21
85.0
 31
0.0
  0
LINE
  5
379
  8
SHEET
 62
5
 10
76.0
 20
86.0
 30
0.0
 11
77.0
 21
86.0
 31
0.0
  0
LINE
  5
37A
  8
SHEET
 62
5
 10
76.0
 20
85.0
 30
0.0
 11
77.0
 21
85.0
 31
0.0
  0
LINE
  5
37B
  8
SHEET
 62
5
 10
77.0
 20
86.0
 30
0.0
 11
78.0
 21
86.0
 31
0.0
  0
LINE
  5
37C
  8
SHEET
 62
5
 10
77.0
 20
85.0
 30
0.0
 11
78.0
 21
85.0
 31
0.0
  0
LINE
  5
37D
  8
SHEET
 62
5
 10
78.0
 20
86.0
 30
0.0
 11
79.0
 21
86.0
 31
0.0
  0
LINE
  5
37E
  8
SHEET
 62
5
 10
78.0
 20
85.0
 30
0.0
 11
79.0
 21
85.0
 31
0.0
  0
LINE
  5
37F
  8
SHEET
 62
5
 10
79.0
 20
86.0
 30
0.0
 11
80.0
 21
86.0
 31
0.0
  0
LINE
  5
380
  8
SHEET
 62
5
 10
79.0
 20
85.0
 30
0.0
 11
80.0
 21
85.0
 31
0.0
  0
LINE
  5
381
  8
SHEET
 62
5
 10
80.0
 20
86.0
 30
0.0
 11
81.0
 21
86.0
 31
0.0
  0
LINE
  5
382
  8
SHEET
 62
5
 10
80.0
 20
85.0
 30
0.0
 11
81.0
 21
85.0
 31
0.0
  0
LINE
  5
383
  8
SHEET
 62
5
 10
81.0
 20
86.0
 30
0.0
 11
82.0
 21
86.0
 31
0.0
  0
LINE
  5
384
  8
SHEET
 62
5
 10
81.0
 20
85.0
 30
0.0
 11
82.0
 21
85.0
 31
0.0
  0
LINE
  5
385
  8
SHEET
 62
5
 10
82.0
 20
86.0
 30
0.0
 11
83.0
 21
86.0
 31
0.0
  0
LINE
  5
386
  8
SHEET
 62
5
 10
82.0
 20
85.0
 30
0.0
 11
83.0
 21
85.0
 31
0.0
  0
LINE
  5
387
  8
SHEET
 62
5
 10
83.0
 20
86.0
 30
0.0
 11
84.0
 21
86.0
 31
0.0
  0
LINE
  5
388
  8
SHEET
 62
5
 10
83.0
 20
85.0
 30
0.0
 11
84.0
 21
85.0
 31
0.0
  0
LINE
  5
389
  8
SHEET
 62
5
 10
84.0
 20
86.0
 30
0.0
 11
85.0
 21
86.0
 31
0.0
  0
LINE
  5
38A
  8
SHEET
 62
5
 10
84.0
 20
85.0
 30
0.0
 11
85.0
 21
85.0
 31
0.0
  0
LINE
  5
38B
  8
SHEET
 62
5
 10
85.0
 20
86.0
 30
0.0
 11
86.0
 21
86.0
 31
0.0
  0
LINE
  5
38C
  8
SHEET
 62
5
 10
85.0
 20
85.0
 30
0.0
 11
86.0
 21
85.0
 31
0.0
  0
LINE
  5
38D
  8
SHEET
 62
5
 10
86.0
 20
86.0
 30
0.0
 11
87.0
 21
86.0
 31
0.0
  0
LINE
  5
38E
  8
SHEET
 62
5
 10
86.0
 20
85.0
 30
0.0
 11
87.0
 21
85.0
 31
0.0
  0
LINE
  5
38F
  8
SHEET
 62
5
 10
87.0
 20
86.0
 30
0.0
 11
88.0
 21
86.0
 31
0.0
  0
LINE
  5
390
  8
SHEET
 62
5
 10
87.0
 20
85.0
 30
0.0
 11
88.0
 21
85.0
 31
0.0
  0
LINE
  5
391
  8
SHEET
 62
5
 10
88.0
 20
86.0
 30
0.0
 11
89.0
 21
86.0
 31
0.0
  0
LINE
  5
392
  8
SHEET
 62
5
 10
88.0
 20
85.0
 30
0.0
 11
89.0
 21
85.0
 31
0.0
  0
LINE
  5
393
  8
SHEET
 62
5
 10
89.0
 20
86.0
 30
0.0
 11
90.0
 21
86.0
 31
0.0
  0
LINE
  5
394
  8
SHEET
 62
5
 10
89.0
 20
85.0
 30
0.0
 11
90.0
 21
85.0
 31
0.0
  0
LINE
  5
395
  8
SHEET
 62
5
 10
90.0
 20
86.0
 30
0.0
 11
91.0
 21
86.0
 31
0.0
  0
LINE
  5
396
  8
SHEET
 62
5
 10
90.0
 20
85.0
 30
0.0
 11
91.0
 21
85.0
 31
0.0
  0
LINE
  5
397
  8
SHEET
 62
5
 10
91.0
 20
86.0
 30
0.0
 11
92.0
 21
86.0
 31
0.0
  0
LINE
  5
398
  8
SHEET
 62
5
 10
91.0
 20
85.0
 30
0.0
 11
92.0
 21
85.0
 31
0.0
  0
LINE
  5
399
  8
SHEET
 62
5
 10
92.0
 20
86.0
 30
0.0
 11
93.0
 21
86.0
 31
0.0
  0
LINE
  5
39A
  8
SHEET
 62
5
 10
92.0
 20
85.0
 30
0.0
 11
93.0
 21
85.0
 31
0.0
  0
LINE
  5
39B
  8
SHEET
 62
5
 10
93.0
 20
86.0
 30
0.0
 11
94.0
 21
86.0
 31
0.0
  0
LINE
  5
39C
  8
SHEET
 62
5
 10
93.0
 20
85.0
 30
0.0
 11
94.0
 21
85.0
 31
0.0
  0
LINE
  5
39D
  8
SHEET
 62
5
 10
94.0
 20
86.0
 30
0.0
 11
95.0
 21
86.0
 31
0.0
  0
LINE
  5
39E
  8
SHEET
 62
5
 10
94.0
 20
85.0
 30
0.0
 11
95.0
 21
85.0
 31
0.0
  0
LINE
  5
39F
  8
SHEET
 62
5
 10
95.0
 20
86.0
 30
0.0
 11
96.0
 21
86.0
 31
0.0
  0
LINE
  5
3A0
  8
SHEET
 62
5
 10
95.0
 20
85.0
 30
0.0
 11
96.0
 21
85.0
 31
0.0
  0
LINE
  5
3A1
  8
SHEET
 62
5
 10
96.0
 20
86.0
 30
0.0
 11
97.0
 21
86.0
 31
0.0
  0
LINE
  5
3A2
  8
SHEET
 62
5
 10
96.0
 20
85.0
 30
0.0
 11
97.0
 21
85.0
 31
0.0
  0
LINE
  5
3A3
  8
SHEET
 62
5
 10
97.0
 20
86.0
 30
0.0
 11
98.0
 21
86.0
 31
0.0
  0
LINE
  5
3A4
  8
SHEET
 62
5
 10
97.0
 20
85.0
 30
0.0
 11
98.0
 21
85.0
 31
0.0
  0
LINE
  5
3A5
  8
SHEET
 62
5
 10
98.0
 20
86.0
 30
0.0
 11
99.0
 21
86.0
 31
0.0
  0
LINE
  5
3A6
  8
SHEET
 62
5
 10
98.0
 20
85.0
 30
0.0
 11
99.0
 21
85.0
 31
0.0
  0
LINE
  5
3A7
  8
SHEET
 62
5
 10
99.0
 20
86.0
 30
0.0
 11
100.0
 21
86.0
 31
0.0
  0
LINE
  5
3A8
  8
SHEET
 62
5
 10
99.0
 20
85.0
 30
0.0
 11
100.0
 21
85.0
 31
0.0
  0
LINE
  5
3A9
  8
SHEET
 62
5
 10
100.0
 20
86.0
 30
0.0
 11
101.0
 21
86.0
 31
0.0
  0
LINE
  5
3AA
  8
SHEET
 62
5
 10
100.0
 20
85.0
 30
0.0
 11
101.0
 21
85.0
 31
0.0
  0
LINE
  5
3AB
  8
SHEET
 62
5
 10
101.0
 20
86.0
 30
0.0
 11
102.0
 21
86.0
 31
0.0
  0
LINE
  5
3AC
  8
SHEET
 62
5
 10
101.0
 20
85.0
 30
0.0
 11
102.0
 21
85.0
 31
0.0
  0
LINE
  5
3AD
  8
SHEET
 62
5
 10
102.0
 20
86.0
 30
0.0
 11
103.0
 21
86.0
 31
0.0
  0
LINE
  5
3AE
  8
SHEET
 62
5
 10
102.0
 20
85.0
 30
0.0
 11
103.0
 21
85.0
 31
0.0
  0
LINE
  5
3AF
  8
SHEET
 62
5
 10
103.0
 20
86.0
 30
0.0
 11
104.0
 21
86.0
 31
0.0
  0
LINE
  5
3B0
  8
SHEET
 62
5
 10
103.0
 20
85.0
 30
0.0
 11
104.0
 21
85.0
 31
0.0
  0
LINE
  5
3B1
  8
SHEET
 62
5
 10
104.0
 20
86.0
 30
0.0
 11
105.0
 21
86.0
 31
0.0
  0
LINE
  5
3B2
  8
SHEET
 62
5
 10
104.0
 20
85.0
 30
0.0
 11
105.0
 21
85.0
 31
0.0
  0
LINE
  5
3B3
  8
SHEET
 62
5
 10
105.0
 20
86.0
 30
0.0
 11
106.0
 21
86.0
 31
0.0
  0
LINE
  5
3B4
  8
SHEET
 62
5
 10
105.0
 20
85.0
 30
0.0
 11
106.0
 21
85.0
 31
0.0
  0
LINE
  5
3B5
  8
SHEET
 62
5
 10
106.0
 20
86.0
 30
0.0
 11
107.0
 21
86.0
 31
0.0
  0
LINE
  5
3B6
  8
SHEET
 62
5
 10
106.0
 20
85.0
 30
0.0
 11
107.0
 21
85.0
 31
0.0
  0
LINE
  5
3B7
  8
SHEET
 62
5
 10
107.0
 20
86.0
 30
0.0
 11
108.0
 21
86.0
 31
0.0
  0
LINE
  5
3B8
  8
SHEET
 62
5
 10
107.0
 20
85.0
 30
0.0
 11
108.0
 21
85.0
 31
0.0
  0
LINE
  5
3B9
  8
SHEET
 62
5
 10
108.0
 20
86.0
 30
0.0
 11
109.0
 21
86.0
 31
0.0
  0
LINE
  5
3BA
  8
SHEET
 62
5
 10
108.0
 20
85.0
 30
0.0
 11
109.0
 21
85.0
 31
0.0
  0
LINE
  5
3BB
  8
SHEET
 62
5
 10
109.0
 20
86.0
 30
0.0
 11
110.0
 21
86.0
 31
0.0
  0
LINE
  5
3BC
  8
SHEET
 62
5
 10
109.0
 20
85.0
 30
0.0
 11
110.0
 21
85.0
 31
0.0
  0
LINE
  5
3BD
  8
SHEET
 62
5
 10
110.0
 20
86.0
 30
0.0
 11
111.0
 21
86.0
 31
0.0
  0
LINE
  5
3BE
  8
SHEET
 62
5
 10
110.0
 20
85.0
 30
0.0
 11
111.0
 21
85.0
 31
0.0
  0
LINE
  5
3BF
  8
SHEET
 62
5
 10
111.0
 20
86.0
 30
0.0
 11
112.0
 21
86.0
 31
0.0
  0
LINE
  5
3C0
  8
SHEET
 62
5
 10
111.0
 20
85.0
 30
0.0
 11
112.0
 21
85.0
 31
0.0
  0
LINE
  5
3C1
  8
SHEET
 62
5
 10
112.0
 20
86.0
 30
0.0
 11
113.0
 21
86.0
 31
0.0
  0
LINE
  5
3C2
  8
SHEET
 62
5
 10
112.0
 20
85.0
 30
0.0
 11
113.0
 21
85.0
 31
0.0
  0
LINE
  5
3C3
  8
SHEET
 62
5
 10
113.0
 20
86.0
 30
0.0
 11
114.0
 21
86.0
 31
0.0
  0
LINE
  5
3C4
  8
SHEET
 62
5
 10
113.0
 20
85.0
 30
0.0
 11
114.0
 21
85.0
 31
0.0
  0
LINE
  5
3C5
  8
SHEET
 62
5
 10
114.0
 20
86.0
 30
0.0
 11
115.0
 21
86.0
 31
0.0
  0
LINE
  5
3C6
  8
SHEET
 62
5
 10
114.0
 20
85.0
 30
0.0
 11
115.0
 21
85.0
 31
0.0
  0
LINE
  5
3C7
  8
SHEET
 62
5
 10
115.0
 20
86.0
 30
0.0
 11
116.0
 21
86.0
 31
0.0
  0
LINE
  5
3C8
  8
SHEET
 62
5
 10
115.0
 20
85.0
 30
0.0
 11
116.0
 21
85.0
 31
0.0
  0
LINE
  5
3C9
  8
SHEET
 62
5
 10
116.0
 20
86.0
 30
0.0
 11
117.0
 21
86.0
 31
0.0
  0
LINE
  5
3CA
  8
SHEET
 62
5
 10
116.0
 20
85.0
 30
0.0
 11
117.0
 21
85.0
 31
0.0
  0
LINE
  5
3CB
  8
SHEET
 62
5
 10
117.0
 20
86.0
 30
0.0
 11
118.0
 21
86.0
 31
0.0
  0
LINE
  5
3CC
  8
SHEET
 62
5
 10
117.0
 20
85.0
 30
0.0
 11
118.0
 21
85.0
 31
0.0
  0
LINE
  5
3CD
  8
SHEET
 62
5
 10
118.0
 20
86.0
 30
0.0
 11
119.0
 21
86.0
 31
0.0
  0
LINE
  5
3CE
  8
SHEET
 62
5
 10
118.0
 20
85.0
 30
0.0
 11
119.0
 21
85.0
 31
0.0
  0
LINE
  5
3CF
  8
SHEET
 62
5
 10
119.0
 20
86.0
 30
0.0
 11
120.0
 21
86.0
 31
0.0
  0
LINE
  5
3D0
  8
SHEET
 62
5
 10
119.0
 20
85.0
 30
0.0
 11
120.0
 21
85.0
 31
0.0
  0
LINE
  5
3D1
  8
SHEET
 62
5
 10
120.0
 20
86.0
 30
0.0
 11
121.0
 21
86.0
 31
0.0
  0
LINE
  5
3D2
  8
SHEET
 62
5
 10
120.0
 20
85.0
 30
0.0
 11
121.0
 21
85.0
 31
0.0
  0
LINE
  5
3D3
  8
SHEET
 62
5
 10
121.0
 20
86.0
 30
0.0
 11
122.0
 21
86.0
 31
0.0
  0
LINE
  5
3D4
  8
SHEET
 62
5
 10
121.0
 20
85.0
 30
0.0
 11
122.0
 21
85.0
 31
0.0
  0
LINE
  5
3D5
  8
SHEET
 62
5
 10
122.0
 20
86.0
 30
0.0
 11
123.0
 21
86.0
 31
0.0
  0
LINE
  5
3D6
  8
SHEET
 62
5
 10
122.0
 20
85.0
 30
0.0
 11
123.0
 21
85.0
 31
0.0
  0
LINE
  5
3D7
  8
SHEET
 62
5
 10
123.0
 20
86.0
 30
0.0
 11
124.0
 21
86.0
 31
0.0
  0
LINE
  5
3D8
  8
SHEET
 62
5
 10
123.0
 20
85.0
 30
0.0
 11
124.0
 21
85.0
 31
0.0
  0
LINE
  5
3D9
  8
SHEET
 62
5
 10
124.0
 20
86.0
 30
0.0
 11
125.0
 21
86.0
 31
0.0
  0
LINE
  5
3DA
  8
SHEET
 62
5
 10
124.0
 20
85.0
 30
0.0
 11
125.0
 21
85.0
 31
0.0
  0
LINE
  5
3DB
  8
SHEET
 62
5
 10
125.0
 20
86.0
 30
0.0
 11
126.0
 21
86.0
 31
0.0
  0
LINE
  5
3DC
  8
SHEET
 62
5
 10
125.0
 20
85.0
 30
0.0
 11
126.0
 21
85.0
 31
0.0
  0
LINE
  5
3DD
  8
SHEET
 62
5
 10
126.0
 20
86.0
 30
0.0
 11
127.0
 21
86.0
 31
0.0
  0
LINE
  5
3DE
  8
SHEET
 62
5
 10
126.0
 20
85.0
 30
0.0
 11
127.0
 21
85.0
 31
0.0
  0
LINE
  5
3DF
  8
SHEET
 62
5
 10
127.0
 20
86.0
 30
0.0
 11
128.0
 21
86.0
 31
0.0
  0
LINE
  5
3E0
  8
SHEET
 62
5
 10
127.0
 20
85.0
 30
0.0
 11
128.0
 21
85.0
 31
0.0
  0
LINE
  5
3E1
  8
SHEET
 62
5
 10
128.0
 20
86.0
 30
0.0
 11
129.0
 21
86.0
 31
0.0
  0
LINE
  5
3E2
  8
SHEET
 62
5
 10
128.0
 20
85.0
 30
0.0
 11
129.0
 21
85.0
 31
0.0
  0
LINE
  5
3E3
  8
SHEET
 62
5
 10
129.0
 20
86.0
 30
0.0
 11
130.0
 21
86.0
 31
0.0
  0
LINE
  5
3E4
  8
SHEET
 62
5
 10
129.0
 20
85.0
 30
0.0
 11
130.0
 21
85.0
 31
0.0
  0
LINE
  5
3E5
  8
SHEET
 62
5
 10
130.0
 20
86.0
 30
0.0
 11
131.0
 21
86.0
 31
0.0
  0
LINE
  5
3E6
  8
SHEET
 62
5
 10
130.0
 20
85.0
 30
0.0
 11
131.0
 21
85.0
 31
0.0
  0
LINE
  5
3E7
  8
SHEET
 62
5
 10
131.0
 20
86.0
 30
0.0
 11
132.0
 21
86.0
 31
0.0
  0
LINE
  5
3E8
  8
SHEET
 62
5
 10
131.0
 20
85.0
 30
0.0
 11
132.0
 21
85.0
 31
0.0
  0
LINE
  5
3E9
  8
SHEET
 62
5
 10
132.0
 20
86.0
 30
0.0
 11
133.0
 21
86.0
 31
0.0
  0
LINE
  5
3EA
  8
SHEET
 62
5
 10
132.0
 20
85.0
 30
0.0
 11
133.0
 21
85.0
 31
0.0
  0
LINE
  5
3EB
  8
SHEET
 62
5
 10
133.0
 20
86.0
 30
0.0
 11
134.0
 21
86.0
 31
0.0
  0
LINE
  5
3EC
  8
SHEET
 62
5
 10
133.0
 20
85.0
 30
0.0
 11
134.0
 21
85.0
 31
0.0
  0
LINE
  5
3ED
  8
SHEET
 62
5
 10
134.0
 20
86.0
 30
0.0
 11
135.0
 21
86.0
 31
0.0
  0
LINE
  5
3EE
  8
SHEET
 62
5
 10
134.0
 20
85.0
 30
0.0
 11
135.0
 21
85.0
 31
0.0
  0
LINE
  5
3EF
  8
SHEET
 62
5
 10
135.0
 20
86.0
 30
0.0
 11
136.0
 21
86.0
 31
0.0
  0
LINE
  5
3F0
  8
SHEET
 62
5
 10
135.0
 20
85.0
 30
0.0
 11
136.0
 21
85.0
 31
0.0
  0
LINE
  5
3F1
  8
SHEET
 62
5
 10
136.0
 20
86.0
 30
0.0
 11
137.0
 21
86.0
 31
0.0
  0
LINE
  5
3F2
  8
SHEET
 62
5
 10
136.0
 20
85.0
 30
0.0
 11
137.0
 21
85.0
 31
0.0
  0
LINE
  5
3F3
  8
SHEET
 62
5
 10
137.0
 20
86.0
 30
0.0
 11
138.0
 21
86.0
 31
0.0
  0
LINE
  5
3F4
  8
SHEET
 62
5
 10
137.0
 20
85.0
 30
0.0
 11
138.0
 21
85.0
 31
0.0
  0
LINE
  5
3F5
  8
SHEET
 62
5
 10
138.0
 20
86.0
 30
0.0
 11
139.0
 21
86.0
 31
0.0
  0
LINE
  5
3F6
  8
SHEET
 62
5
 10
138.0
 20
85.0
 30
0.0
 11
139.0
 21
85.0
 31
0.0
  0
LINE
  5
3F7
  8
SHEET
 62
5
 10
139.0
 20
86.0
 30
0.0
 11
140.0
 21
86.0
 31
0.0
  0
LINE
  5
3F8
  8
SHEET
 62
5
 10
139.0
 20
85.0
 30
0.0
 11
140.0
 21
85.0
 31
0.0
  0
LINE
  5
3F9
  8
SHEET
 62
5
 10
140.0
 20
86.0
 30
0.0
 11
141.0
 21
86.0
 31
0.0
  0
LINE
  5
3FA
  8
SHEET
 62
5
 10
140.0
 20
85.0
 30
0.0
 11
141.0
 21
85.0
 31
0.0
  0
LINE
  5
3FB
  8
SHEET
 62
5
 10
141.0
 20
86.0
 30
0.0
 11
142.0
 21
86.0
 31
0.0
  0
LINE
  5
3FC
  8
SHEET
 62
5
 10
141.0
 20
85.0
 30
0.0
 11
142.0
 21
85.0
 31
0.0
  0
LINE
  5
3FD
  8
SHEET
 62
5
 10
142.0
 20
86.0
 30
0.0
 11
143.0
 21
86.0
 31
0.0
  0
LINE
  5
3FE
  8
SHEET
 62
5
 10
142.0
 20
85.0
 30
0.0
 11
143.0
 21
85.0
 31
0.0
  0
LINE
  5
3FF
  8
SHEET
 62
5
 10
143.0
 20
86.0
 30
0.0
 11
144.0
 21
86.0
 31
0.0
  0
LINE
  5
400
  8
SHEET
 62
5
 10
143.0
 20
85.0
 30
0.0
 11
144.0
 21
85.0
 31
0.0
  0
LINE
  5
401
  8
SHEET
 62
5
 10
144.0
 20
86.0
 30
0.0
 11
145.0
 21
86.0
 31
0.0
  0
LINE
  5
402
  8
SHEET
 62
5
 10
144.0
 20
85.0
 30
0.0
 11
145.0
 21
85.0
 31
0.0
  0
LINE
  5
403
  8
SHEET
 62
5
 10
145.0
 20
86.0
 30
0.0
 11
146.0
 21
86.0
 31
0.0
  0
LINE
  5
404
  8
SHEET
 62
5
 10
145.0
 20
85.0
 30
0.0
 11
146.0
 21
85.0
 31
0.0
  0
LINE
  5
405
  8
SHEET
 62
5
 10
146.0
 20
86.0
 30
0.0
 11
147.0
 21
86.0
 31
0.0
  0
LINE
  5
406
  8
SHEET
 62
5
 10
146.0
 20
85.0
 30
0.0
 11
147.0
 21
85.0
 31
0.0
  0
LINE
  5
407
  8
SHEET
 62
5
 10
147.0
 20
86.0
 30
0.0
 11
148.0
 21
86.0
 31
0.0
  0
LINE
  5
408
  8
SHEET
 62
5
 10
147.0
 20
85.0
 30
0.0
 11
148.0
 21
85.0
 31
0.0
  0
LINE
  5
409
  8
SHEET
 62
5
 10
148.0
 20
86.0
 30
0.0
 11
149.0
 21
86.0
 31
0.0
  0
LINE
  5
40A
  8
SHEET
 62
5
 10
148.0
 20
85.0
 30
0.0
 11
149.0
 21
85.0
 31
0.0
  0
LINE
  5
40B
  8
SHEET
 62
5
 10
149.0
 20
86.0
 30
0.0
 11
150.0
 21
86.0
 31
0.0
  0
LINE
  5
40C
  8
SHEET
 62
5
 10
149.0
 20
85.0
 30
0.0
 11
150.0
 21
85.0
 31
0.0
  0
LINE
  5
40D
  8
SHEET
 62
5
 10
150.0
 20
86.0
 30
0.0
 11
151.0
 21
86.0
 31
0.0
  0
LINE
  5
40E
  8
SHEET
 62
5
 10
150.0
 20
85.0
 30
0.0
 11
151.0
 21
85.0
 31
0.0
  0
LINE
  5
40F
  8
SHEET
 62
5
 10
151.0
 20
86.0
 30
0.0
 11
152.0
 21
86.0
 31
0.0
  0
LINE
  5
410
  8
SHEET
 62
5
 10
151.0
 20
85.0
 30
0.0
 11
152.0
 21
85.0
 31
0.0
  0
LINE
  5
411
  8
SHEET
 62
5
 10
152.0
 20
86.0
 30
0.0
 11
153.0
 21
86.0
 31
0.0
  0
LINE
  5
412
  8
SHEET
 62
5
 10
152.0
 20
85.0
 30
0.0
 11
153.0
 21
85.0
 31
0.0
  0
LINE
  5
413
  8
SHEET
 62
5
 10
153.0
 20
86.0
 30
0.0
 11
154.0
 21
86.0
 31
0.0
  0
LINE
  5
414
  8
SHEET
 62
5
 10
153.0
 20
85.0
 30
0.0
 11
154.0
 21
85.0
 31
0.0
  0
LINE
  5
415
  8
SHEET
 62
5
 10
154.0
 20
86.0
 30
0.0
 11
155.0
 21
86.0
 31
0.0
  0
LINE
  5
416
  8
SHEET
 62
5
 10
154.0
 20
85.0
 30
0.0
 11
155.0
 21
85.0
 31
0.0
  0
LINE
  5
417
  8
SHEET
 62
5
 10
155.0
 20
86.0
 30
0.0
 11
156.0
 21
86.0
 31
0.0
  0
LINE
  5
418
  8
SHEET
 62
5
 10
155.0
 20
85.0
 30
0.0
 11
156.0
 21
85.0
 31
0.0
  0
LINE
  5
419
  8
SHEET
 62
5
 10
156.0
 20
86.0
 30
0.0
 11
157.0
 21
86.0
 31
0.0
  0
LINE
  5
41A
  8
SHEET
 62
5
 10
156.0
 20
85.0
 30
0.0
 11
157.0
 21
85.0
 31
0.0
  0
LINE
  5
41B
  8
SHEET
 62
5
 10
157.0
 20
86.0
 30
0.0
 11
158.0
 21
86.0
 31
0.0
  0
LINE
  5
41C
  8
SHEET
 62
5
 10
157.0
 20
85.0
 30
0.0
 11
158.0
 21
85.0
 31
0.0
  0
LINE
  5
41D
  8
SHEET
 62
5
 10
158.0
 20
86.0
 30
0.0
 11
159.0
 21
86.0
 31
0.0
  0
LINE
  5
41E
  8
SHEET
 62
5
 10
158.0
 20
85.0
 30
0.0
 11
159.0
 21
85.0
 31
0.0
  0
LINE
  5
41F
  8
SHEET
 62
5
 10
159.0
 20
86.0
 30
0.0
 11
160.0
 21
86.0
 31
0.0
  0
LINE
  5
420
  8
SHEET
 62
5
 10
159.0
 20
85.0
 30
0.0
 11
160.0
 21
85.0
 31
0.0
  0
LINE
  5
421
  8
SHEET
 62
5
 10
160.0
 20
86.0
 30
0.0
 11
161.0
 21
86.0
 31
0.0
  0
LINE
  5
422
  8
SHEET
 62
5
 10
160.0
 20
85.0
 30
0.0
 11
161.0
 21
85.0
 31
0.0
  0
LINE
  5
423
  8
SHEET
 62
5
 10
161.0
 20
86.0
 30
0.0
 11
162.0
 21
86.0
 31
0.0
  0
LINE
  5
424
  8
SHEET
 62
5
 10
161.0
 20
85.0
 30
0.0
 11
162.0
 21
85.0
 31
0.0
  0
LINE
  5
425
  8
SHEET
 62
5
 10
162.0
 20
86.0
 30
0.0
 11
163.0
 21
86.0
 31
0.0
  0
LINE
  5
426
  8
SHEET
 62
5
 10
162.0
 20
85.0
 30
0.0
 11
163.0
 21
85.0
 31
0.0
  0
LINE
  5
427
  8
SHEET
 62
5
 10
163.0
 20
86.0
 30
0.0
 11
164.0
 21
86.0
 31
0.0
  0
LINE
  5
428
  8
SHEET
 62
5
 10
163.0
 20
85.0
 30
0.0
 11
164.0
 21
85.0
 31
0.0
  0
LINE
  5
429
  8
SHEET
 62
5
 10
164.0
 20
86.0
 30
0.0
 11
165.0
 21
86.0
 31
0.0
  0
LINE
  5
42A
  8
SHEET
 62
5
 10
164.0
 20
85.0
 30
0.0
 11
165.0
 21
85.0
 31
0.0
  0
LINE
  5
42B
  8
SHEET
 62
5
 10
165.0
 20
86.0
 30
0.0
 11
166.0
 21
86.0
 31
0.0
  0
LINE
  5
42C
  8
SHEET
 62
5
 10
165.0
 20
85.0
 30
0.0
 11
166.0
 21
85.0
 31
0.0
  0
LINE
  5
42D
  8
SHEET
 62
5
 10
166.0
 20
86.0
 30
0.0
 11
167.0
 21
86.0
 31
0.0
  0
LINE
  5
42E
  8
SHEET
 62
5
 10
166.0
 20
85.0
 30
0.0
 11
167.0
 21
85.0
 31
0.0
  0
LINE
  5
42F
  8
SHEET
 62
5
 10
167.0
 20
86.0
 30
0.0
 11
168.0
 21
86.0
 31
0.0
  0
LINE
  5
430
  8
SHEET
 62
5
 10
167.0
 20
85.0
 30
0.0
 11
168.0
 21
85.0
 31
0.0
  0
LINE
  5
431
  8
SHEET
 62
5
 10
168.0
 20
86.0
 30
0.0
 11
169.0
 21
86.0
 31
0.0
  0
LINE
  5
432
  8
SHEET
 62
5
 10
168.0
 20
85.0
 30
0.0
 11
169.0
 21
85.0
 31
0.0
  0
LINE
  5
433
  8
SHEET
 62
5
 10
169.0
 20
86.0
 30
0.0
 11
170.0
 21
86.0
 31
0.0
  0
LINE
  5
434
  8
SHEET
 62
5
 10
169.0
 20
85.0
 30
0.0
 11
170.0
 21
85.0
 31
0.0
  0
LINE
  5
435
  8
SHEET
 62
5
 10
170.0
 20
86.0
 30
0.0
 11
171.0
 21
86.0
 31
0.0
  0
LINE
  5
436
  8
SHEET
 62
5
 10
170.0
 20
85.0
 30
0.0
 11
171.0
 21
85.0
 31
0.0
  0
LINE
  5
437
  8
SHEET
 62
5
 10
171.0
 20
86.0
 30
0.0
 11
172.0
 21
86.0
 31
0.0
  0
LINE
  5
438
  8
SHEET
 62
5
 10
171.0
 20
85.0
 30
0.0
 11
172.0
 21
85.0
 31
0.0
  0
LINE
  5
439
  8
SHEET
 62
5
 10
172.0
 20
86.0
 30
0.0
 11
173.0
 21
86.0
 31
0.0
  0
LINE
  5
43A
  8
SHEET
 62
5
 10
172.0
 20
85.0
 30
0.0
 11
173.0
 21
85.0
 31
0.0
  0
LINE
  5
43B
  8
SHEET
 62
5
 10
173.0
 20
86.0
 30
0.0
 11
174.0
 21
86.0
 31
0.0
  0
LINE
  5
43C
  8
SHEET
 62
5
 10
173.0
 20
85.0
 30
0.0
 11
174.0
 21
85.0
 31
0.0
  0
LINE
  5
43D
  8
SHEET
 62
5
 10
174.0
 20
86.0
 30
0.0
 11
175.0
 21
86.0
 31
0.0
  0
LINE
  5
43E
  8
SHEET
 62
5
 10
174.0
 20
85.0
 30
0.0
 11
175.0
 21
85.0
 31
0.0
  0
LINE
  5
43F
  8
SHEET
 62
5
 10
175.0
 20
86.0
 30
0.0
 11
176.0
 21
86.0
 31
0.0
  0
LINE
  5
440
  8
SHEET
 62
5
 10
175.0
 20
85.0
 30
0.0
 11
176.0
 21
85.0
 31
0.0
  0
LINE
  5
441
  8
SHEET
 62
5
 10
176.0
 20
86.0
 30
0.0
 11
177.0
 21
86.0
 31
0.0
  0
LINE
  5
442
  8
SHEET
 62
5
 10
176.0
 20
85.0
 30
0.0
 11
177.0
 21
85.0
 31
0.0
  0
LINE
  5
443
  8
SHEET
 62
5
 10
177.0
 20
86.0
 30
0.0
 11
178.0
 21
86.0
 31
0.0
  0
LINE
  5
444
  8
SHEET
 62
5
 10
177.0
 20
85.0
 30
0.0
 11
178.0
 21
85.0
 31
0.0
  0
LINE
  5
445
  8
SHEET
 62
5
 10
178.0
 20
86.0
 30
0.0
 11
179.0
 21
86.0
 31
0.0
  0
LINE
  5
446
  8
SHEET
 62
5
 10
178.0
 20
85.0
 30
0.0
 11
179.0
 21
85.0
 31
0.0
  0
LINE
  5
447
  8
SHEET
 62
5
 10
179.0
 20
86.0
 30
0.0
 11
180.0
 21
86.0
 31
0.0
  0
LINE
  5
448
  8
SHEET
 62
5
 10
179.0
 20
85.0
 30
0.0
 11
180.0
 21
85.0
 31
0.0
  0
LINE
  5
449
  8
SHEET
 62
5
 10
180.0
 20
85.0
 30
0.0
 11
180.0
 21
86.0
 31
0.0
  0
LINE
  5
44A
  8
SHEET
 62
5
 10
0.0
 20
84.0
 30
0.0
 11
1.0
 21
84.0
 31
0.0
  0
LINE
  5
44B
  8
SHEET
 62
5
 10
0.0
 20
83.0
 30
0.0
 11
1.0
 21
83.0
 31
0.0
  0
LINE
  5
44C
  8
SHEET
 62
5
 10
0.0
 20
83.0
 30
0.0
 11
0.0
 21
84.0
 31
0.0
  0
LINE
  5
44D
  8
SHEET
 62
5
 10
1.0
 20
84.0
 30
0.0
 11
2.0
 21
84.0
 31
0.0
  0
LINE
  5
44E
  8
SHEET
 62
5
 10
1.0
 20
83.0
 30
0.0
 11
2.0
 21
83.0
 31
0.0
  0
LINE
  5
44F
  8
SHEET
 62
5
 10
2.0
 20
84.0
 30
0.0
 11
3.0
 21
84.0
 31
0.0
  0
LINE
  5
450
  8
SHEET
 62
5
 10
2.0
 20
83.0
 30
0.0
 11
3.0
 21
83.0
 31
0.0
  0
LINE
  5
451
  8
SHEET
 62
5
 10
3.0
 20
84.0
 30
0.0
 11
4.0
 21
84.0
 31
0.0
  0
LINE
  5
452
  8
SHEET
 62
5
 10
3.0
 20
83.0
 30
0.0
 11
4.0
 21
83.0
 31
0.0
  0
LINE
  5
453
  8
SHEET
 62
5
 10
4.0
 20
84.0
 30
0.0
 11
5.0
 21
84.0
 31
0.0
  0
LINE
  5
454
  8
SHEET
 62
5
 10
4.0
 20
83.0
 30
0.0
 11
5.0
 21
83.0
 31
0.0
  0
LINE
  5
455
  8
SHEET
 62
5
 10
5.0
 20
84.0
 30
0.0
 11
6.0
 21
84.0
 31
0.0
  0
LINE
  5
456
  8
SHEET
 62
5
 10
5.0
 20
83.0
 30
0.0
 11
6.0
 21
83.0
 31
0.0
  0
LINE
  5
457
  8
SHEET
 62
5
 10
6.0
 20
84.0
 30
0.0
 11
7.0
 21
84.0
 31
0.0
  0
LINE
  5
458
  8
SHEET
 62
5
 10
6.0
 20
83.0
 30
0.0
 11
7.0
 21
83.0
 31
0.0
  0
LINE
  5
459
  8
SHEET
 62
5
 10
7.0
 20
84.0
 30
0.0
 11
8.0
 21
84.0
 31
0.0
  0
LINE
  5
45A
  8
SHEET
 62
5
 10
7.0
 20
83.0
 30
0.0
 11
8.0
 21
83.0
 31
0.0
  0
LINE
  5
45B
  8
SHEET
 62
5
 10
8.0
 20
84.0
 30
0.0
 11
9.0
 21
84.0
 31
0.0
  0
LINE
  5
45C
  8
SHEET
 62
5
 10
8.0
 20
83.0
 30
0.0
 11
9.0
 21
83.0
 31
0.0
  0
LINE
  5
45D
  8
SHEET
 62
5
 10
9.0
 20
84.0
 30
0.0
 11
10.0
 21
84.0
 31
0.0
  0
LINE
  5
45E
  8
SHEET
 62
5
 10
9.0
 20
83.0
 30
0.0
 11
10.0
 21
83.0
 31
0.0
  0
LINE
  5
45F
  8
SHEET
 62
5
 10
10.0
 20
84.0
 30
0.0
 11
11.0
 21
84.0
 31
0.0
  0
LINE
  5
460
  8
SHEET
 62
5
 10
10.0
 20
83.0
 30
0.0
 11
11.0
 21
83.0
 31
0.0
  0
LINE
  5
461
  8
SHEET
 62
5
 10
11.0
 20
84.0
 30
0.0
 11
12.0
 21
84.0
 31
0.0
  0
LINE
  5
462
  8
SHEET
 62
5
 10
11.0
 20
83.0
 30
0.0
 11
12.0
 21
83.0
 31
0.0
  0
LINE
  5
463
  8
SHEET
 62
5
 10
12.0
 20
84.0
 30
0.0
 11
13.0
 21
84.0
 31
0.0
  0
LINE
  5
464
  8
SHEET
 62
5
 10
12.0
 20
83.0
 30
0.0
 11
13.0
 21
83.0
 31
0.0
  0
LINE
  5
465
  8
SHEET
 62
5
 10
13.0
 20
84.0
 30
0.0
 11
14.0
 21
84.0
 31
0.0
  0
LINE
  5
466
  8
SHEET
 62
5
 10
13.0
 20
83.0
 30
0.0
 11
14.0
 21
83.0
 31
0.0
  0
LINE
  5
467
  8
SHEET
 62
5
 10
14.0
 20
84.0
 30
0.0
 11
15.0
 21
84.0
 31
0.0
  0
LINE
  5
468
  8
SHEET
 62
5
 10
14.0
 20
83.0
 30
0.0
 11
15.0
 21
83.0
 31
0.0
  0
LINE
  5
469
  8
SHEET
 62
5
 10
15.0
 20
84.0
 30
0.0
 11
16.0
 21
84.0
 31
0.0
  0
LINE
  5
46A
  8
SHEET
 62
5
 10
15.0
 20
83.0
 30
0.0
 11
16.0
 21
83.0
 31
0.0
  0
LINE
  5
46B
  8
SHEET
 62
5
 10
16.0
 20
84.0
 30
0.0
 11
17.0
 21
84.0
 31
0.0
  0
LINE
  5
46C
  8
SHEET
 62
5
 10
16.0
 20
83.0
 30
0.0
 11
17.0
 21
83.0
 31
0.0
  0
LINE
  5
46D
  8
SHEET
 62
5
 10
17.0
 20
84.0
 30
0.0
 11
18.0
 21
84.0
 31
0.0
  0
LINE
  5
46E
  8
SHEET
 62
5
 10
17.0
 20
83.0
 30
0.0
 11
18.0
 21
83.0
 31
0.0
  0
LINE
  5
46F
  8
SHEET
 62
5
 10
18.0
 20
84.0
 30
0.0
 11
19.0
 21
84.0
 31
0.0
  0
LINE
  5
470
  8
SHEET
 62
5
 10
18.0
 20
83.0
 30
0.0
 11
19.0
 21
83.0
 31
0.0
  0
LINE
  5
471
  8
SHEET
 62
5
 10
19.0
 20
84.0
 30
0.0
 11
20.0
 21
84.0
 31
0.0
  0
LINE
  5
472
  8
SHEET
 62
5
 10
19.0
 20
83.0
 30
0.0
 11
20.0
 21
83.0
 31
0.0
  0
LINE
  5
473
  8
SHEET
 62
5
 10
20.0
 20
84.0
 30
0.0
 11
21.0
 21
84.0
 31
0.0
  0
LINE
  5
474
  8
SHEET
 62
5
 10
20.0
 20
83.0
 30
0.0
 11
21.0
 21
83.0
 31
0.0
  0
LINE
  5
475
  8
SHEET
 62
5
 10
21.0
 20
84.0
 30
0.0
 11
22.0
 21
84.0
 31
0.0
  0
LINE
  5
476
  8
SHEET
 62
5
 10
21.0
 20
83.0
 30
0.0
 11
22.0
 21
83.0
 31
0.0
  0
LINE
  5
477
  8
SHEET
 62
5
 10
22.0
 20
84.0
 30
0.0
 11
23.0
 21
84.0
 31
0.0
  0
LINE
  5
478
  8
SHEET
 62
5
 10
22.0
 20
83.0
 30
0.0
 11
23.0
 21
83.0
 31
0.0
  0
LINE
  5
479
  8
SHEET
 62
5
 10
23.0
 20
84.0
 30
0.0
 11
24.0
 21
84.0
 31
0.0
  0
LINE
  5
47A
  8
SHEET
 62
5
 10
23.0
 20
83.0
 30
0.0
 11
24.0
 21
83.0
 31
0.0
  0
LINE
  5
47B
  8
SHEET
 62
5
 10
24.0
 20
84.0
 30
0.0
 11
25.0
 21
84.0
 31
0.0
  0
LINE
  5
47C
  8
SHEET
 62
5
 10
24.0
 20
83.0
 30
0.0
 11
25.0
 21
83.0
 31
0.0
  0
LINE
  5
47D
  8
SHEET
 62
5
 10
25.0
 20
84.0
 30
0.0
 11
26.0
 21
84.0
 31
0.0
  0
LINE
  5
47E
  8
SHEET
 62
5
 10
25.0
 20
83.0
 30
0.0
 11
26.0
 21
83.0
 31
0.0
  0
LINE
  5
47F
  8
SHEET
 62
5
 10
26.0
 20
84.0
 30
0.0
 11
27.0
 21
84.0
 31
0.0
  0
LINE
  5
480
  8
SHEET
 62
5
 10
26.0
 20
83.0
 30
0.0
 11
27.0
 21
83.0
 31
0.0
  0
LINE
  5
481
  8
SHEET
 62
5
 10
27.0
 20
84.0
 30
0.0
 11
28.0
 21
84.0
 31
0.0
  0
LINE
  5
482
  8
SHEET
 62
5
 10
27.0
 20
83.0
 30
0.0
 11
28.0
 21
83.0
 31
0.0
  0
LINE
  5
483
  8
SHEET
 62
5
 10
28.0
 20
84.0
 30
0.0
 11
29.0
 21
84.0
 31
0.0
  0
LINE
  5
484
  8
SHEET
 62
5
 10
28.0
 20
83.0
 30
0.0
 11
29.0
 21
83.0
 31
0.0
  0
LINE
  5
485
  8
SHEET
 62
5
 10
29.0
 20
84.0
 30
0.0
 11
30.0
 21
84.0
 31
0.0
  0
LINE
  5
486
  8
SHEET
 62
5
 10
29.0
 20
83.0
 30
0.0
 11
30.0
 21
83.0
 31
0.0
  0
LINE
  5
487
  8
SHEET
 62
5
 10
30.0
 20
84.0
 30
0.0
 11
31.0
 21
84.0
 31
0.0
  0
LINE
  5
488
  8
SHEET
 62
5
 10
30.0
 20
83.0
 30
0.0
 11
31.0
 21
83.0
 31
0.0
  0
LINE
  5
489
  8
SHEET
 62
5
 10
31.0
 20
84.0
 30
0.0
 11
32.0
 21
84.0
 31
0.0
  0
LINE
  5
48A
  8
SHEET
 62
5
 10
31.0
 20
83.0
 30
0.0
 11
32.0
 21
83.0
 31
0.0
  0
LINE
  5
48B
  8
SHEET
 62
5
 10
32.0
 20
84.0
 30
0.0
 11
33.0
 21
84.0
 31
0.0
  0
LINE
  5
48C
  8
SHEET
 62
5
 10
32.0
 20
83.0
 30
0.0
 11
33.0
 21
83.0
 31
0.0
  0
LINE
  5
48D
  8
SHEET
 62
5
 10
33.0
 20
84.0
 30
0.0
 11
34.0
 21
84.0
 31
0.0
  0
LINE
  5
48E
  8
SHEET
 62
5
 10
33.0
 20
83.0
 30
0.0
 11
34.0
 21
83.0
 31
0.0
  0
LINE
  5
48F
  8
SHEET
 62
5
 10
34.0
 20
84.0
 30
0.0
 11
35.0
 21
84.0
 31
0.0
  0
LINE
  5
490
  8
SHEET
 62
5
 10
34.0
 20
83.0
 30
0.0
 11
35.0
 21
83.0
 31
0.0
  0
LINE
  5
491
  8
SHEET
 62
5
 10
35.0
 20
84.0
 30
0.0
 11
36.0
 21
84.0
 31
0.0
  0
LINE
  5
492
  8
SHEET
 62
5
 10
35.0
 20
83.0
 30
0.0
 11
36.0
 21
83.0
 31
0.0
  0
LINE
  5
493
  8
SHEET
 62
5
 10
36.0
 20
84.0
 30
0.0
 11
37.0
 21
84.0
 31
0.0
  0
LINE
  5
494
  8
SHEET
 62
5
 10
36.0
 20
83.0
 30
0.0
 11
37.0
 21
83.0
 31
0.0
  0
LINE
  5
495
  8
SHEET
 62
5
 10
37.0
 20
84.0
 30
0.0
 11
38.0
 21
84.0
 31
0.0
  0
LINE
  5
496
  8
SHEET
 62
5
 10
37.0
 20
83.0
 30
0.0
 11
38.0
 21
83.0
 31
0.0
  0
LINE
  5
497
  8
SHEET
 62
5
 10
38.0
 20
84.0
 30
0.0
 11
39.0
 21
84.0
 31
0.0
  0
LINE
  5
498
  8
SHEET
 62
5
 10
38.0
 20
83.0
 30
0.0
 11
39.0
 21
83.0
 31
0.0
  0
LINE
  5
499
  8
SHEET
 62
5
 10
39.0
 20
84.0
 30
0.0
 11
40.0
 21
84.0
 31
0.0
  0
LINE
  5
49A
  8
SHEET
 62
5
 10
39.0
 20
83.0
 30
0.0
 11
40.0
 21
83.0
 31
0.0
  0
LINE
  5
49B
  8
SHEET
 62
5
 10
40.0
 20
84.0
 30
0.0
 11
41.0
 21
84.0
 31
0.0
  0
LINE
  5
49C
  8
SHEET
 62
5
 10
40.0
 20
83.0
 30
0.0
 11
41.0
 21
83.0
 31
0.0
  0
LINE
  5
49D
  8
SHEET
 62
5
 10
41.0
 20
84.0
 30
0.0
 11
42.0
 21
84.0
 31
0.0
  0
LINE
  5
49E
  8
SHEET
 62
5
 10
42.0
 20
84.0
 30
0.0
 11
43.0
 21
84.0
 31
0.0
  0
LINE
  5
49F
  8
SHEET
 62
5
 10
43.0
 20
84.0
 30
0.0
 11
44.0
 21
84.0
 31
0.0
  0
LINE
  5
4A0
  8
SHEET
 62
5
 10
44.0
 20
84.0
 30
0.0
 11
45.0
 21
84.0
 31
0.0
  0
LINE
  5
4A1
  8
SHEET
 62
5
 10
44.0
 20
83.0
 30
0.0
 11
45.0
 21
83.0
 31
0.0
  0
LINE
  5
4A2
  8
SHEET
 62
5
 10
45.0
 20
84.0
 30
0.0
 11
46.0
 21
84.0
 31
0.0
  0
LINE
  5
4A3
  8
SHEET
 62
5
 10
45.0
 20
83.0
 30
0.0
 11
46.0
 21
83.0
 31
0.0
  0
LINE
  5
4A4
  8
SHEET
 62
5
 10
46.0
 20
84.0
 30
0.0
 11
47.0
 21
84.0
 31
0.0
  0
LINE
  5
4A5
  8
SHEET
 62
5
 10
46.0
 20
83.0
 30
0.0
 11
47.0
 21
83.0
 31
0.0
  0
LINE
  5
4A6
  8
SHEET
 62
5
 10
47.0
 20
84.0
 30
0.0
 11
48.0
 21
84.0
 31
0.0
  0
LINE
  5
4A7
  8
SHEET
 62
5
 10
47.0
 20
83.0
 30
0.0
 11
48.0
 21
83.0
 31
0.0
  0
LINE
  5
4A8
  8
SHEET
 62
5
 10
48.0
 20
84.0
 30
0.0
 11
49.0
 21
84.0
 31
0.0
  0
LINE
  5
4A9
  8
SHEET
 62
5
 10
48.0
 20
83.0
 30
0.0
 11
49.0
 21
83.0
 31
0.0
  0
LINE
  5
4AA
  8
SHEET
 62
5
 10
49.0
 20
84.0
 30
0.0
 11
50.0
 21
84.0
 31
0.0
  0
LINE
  5
4AB
  8
SHEET
 62
5
 10
49.0
 20
83.0
 30
0.0
 11
50.0
 21
83.0
 31
0.0
  0
LINE
  5
4AC
  8
SHEET
 62
5
 10
50.0
 20
84.0
 30
0.0
 11
51.0
 21
84.0
 31
0.0
  0
LINE
  5
4AD
  8
SHEET
 62
5
 10
50.0
 20
83.0
 30
0.0
 11
51.0
 21
83.0
 31
0.0
  0
LINE
  5
4AE
  8
SHEET
 62
5
 10
51.0
 20
84.0
 30
0.0
 11
52.0
 21
84.0
 31
0.0
  0
LINE
  5
4AF
  8
SHEET
 62
5
 10
51.0
 20
83.0
 30
0.0
 11
52.0
 21
83.0
 31
0.0
  0
LINE
  5
4B0
  8
SHEET
 62
5
 10
52.0
 20
84.0
 30
0.0
 11
53.0
 21
84.0
 31
0.0
  0
LINE
  5
4B1
  8
SHEET
 62
5
 10
52.0
 20
83.0
 30
0.0
 11
53.0
 21
83.0
 31
0.0
  0
LINE
  5
4B2
  8
SHEET
 62
5
 10
53.0
 20
84.0
 30
0.0
 11
54.0
 21
84.0
 31
0.0
  0
LINE
  5
4B3
  8
SHEET
 62
5
 10
53.0
 20
83.0
 30
0.0
 11
54.0
 21
83.0
 31
0.0
  0
LINE
  5
4B4
  8
SHEET
 62
5
 10
54.0
 20
84.0
 30
0.0
 11
55.0
 21
84.0
 31
0.0
  0
LINE
  5
4B5
  8
SHEET
 62
5
 10
54.0
 20
83.0
 30
0.0
 11
55.0
 21
83.0
 31
0.0
  0
LINE
  5
4B6
  8
SHEET
 62
5
 10
55.0
 20
84.0
 30
0.0
 11
56.0
 21
84.0
 31
0.0
  0
LINE
  5
4B7
  8
SHEET
 62
5
 10
55.0
 20
83.0
 30
0.0
 11
56.0
 21
83.0
 31
0.0
  0
LINE
  5
4B8
  8
SHEET
 62
5
 10
56.0
 20
84.0
 30
0.0
 11
57.0
 21
84.0
 31
0.0
  0
LINE
  5
4B9
  8
SHEET
 62
5
 10
56.0
 20
83.0
 30
0.0
 11
57.0
 21
83.0
 31
0.0
  0
LINE
  5
4BA
  8
SHEET
 62
5
 10
57.0
 20
84.0
 30
0.0
 11
58.0
 21
84.0
 31
0.0
  0
LINE
  5
4BB
  8
SHEET
 62
5
 10
57.0
 20
83.0
 30
0.0
 11
58.0
 21
83.0
 31
0.0
  0
LINE
  5
4BC
  8
SHEET
 62
5
 10
58.0
 20
84.0
 30
0.0
 11
59.0
 21
84.0
 31
0.0
  0
LINE
  5
4BD
  8
SHEET
 62
5
 10
58.0
 20
83.0
 30
0.0
 11
59.0
 21
83.0
 31
0.0
  0
LINE
  5
4BE
  8
SHEET
 62
5
 10
59.0
 20
84.0
 30
0.0
 11
60.0
 21
84.0
 31
0.0
  0
LINE
  5
4BF
  8
SHEET
 62
5
 10
59.0
 20
83.0
 30
0.0
 11
60.0
 21
83.0
 31
0.0
  0
LINE
  5
4C0
  8
SHEET
 62
5
 10
60.0
 20
84.0
 30
0.0
 11
61.0
 21
84.0
 31
0.0
  0
LINE
  5
4C1
  8
SHEET
 62
5
 10
60.0
 20
83.0
 30
0.0
 11
61.0
 21
83.0
 31
0.0
  0
LINE
  5
4C2
  8
SHEET
 62
5
 10
61.0
 20
84.0
 30
0.0
 11
62.0
 21
84.0
 31
0.0
  0
LINE
  5
4C3
  8
SHEET
 62
5
 10
61.0
 20
83.0
 30
0.0
 11
62.0
 21
83.0
 31
0.0
  0
LINE
  5
4C4
  8
SHEET
 62
5
 10
62.0
 20
84.0
 30
0.0
 11
63.0
 21
84.0
 31
0.0
  0
LINE
  5
4C5
  8
SHEET
 62
5
 10
62.0
 20
83.0
 30
0.0
 11
63.0
 21
83.0
 31
0.0
  0
LINE
  5
4C6
  8
SHEET
 62
5
 10
63.0
 20
84.0
 30
0.0
 11
64.0
 21
84.0
 31
0.0
  0
LINE
  5
4C7
  8
SHEET
 62
5
 10
63.0
 20
83.0
 30
0.0
 11
64.0
 21
83.0
 31
0.0
  0
LINE
  5
4C8
  8
SHEET
 62
5
 10
64.0
 20
84.0
 30
0.0
 11
65.0
 21
84.0
 31
0.0
  0
LINE
  5
4C9
  8
SHEET
 62
5
 10
64.0
 20
83.0
 30
0.0
 11
65.0
 21
83.0
 31
0.0
  0
LINE
  5
4CA
  8
SHEET
 62
5
 10
65.0
 20
84.0
 30
0.0
 11
66.0
 21
84.0
 31
0.0
  0
LINE
  5
4CB
  8
SHEET
 62
5
 10
65.0
 20
83.0
 30
0.0
 11
66.0
 21
83.0
 31
0.0
  0
LINE
  5
4CC
  8
SHEET
 62
5
 10
66.0
 20
84.0
 30
0.0
 11
67.0
 21
84.0
 31
0.0
  0
LINE
  5
4CD
  8
SHEET
 62
5
 10
66.0
 20
83.0
 30
0.0
 11
67.0
 21
83.0
 31
0.0
  0
LINE
  5
4CE
  8
SHEET
 62
5
 10
67.0
 20
84.0
 30
0.0
 11
68.0
 21
84.0
 31
0.0
  0
LINE
  5
4CF
  8
SHEET
 62
5
 10
67.0
 20
83.0
 30
0.0
 11
68.0
 21
83.0
 31
0.0
  0
LINE
  5
4D0
  8
SHEET
 62
5
 10
68.0
 20
84.0
 30
0.0
 11
69.0
 21
84.0
 31
0.0
  0
LINE
  5
4D1
  8
SHEET
 62
5
 10
68.0
 20
83.0
 30
0.0
 11
69.0
 21
83.0
 31
0.0
  0
LINE
  5
4D2
  8
SHEET
 62
5
 10
69.0
 20
84.0
 30
0.0
 11
70.0
 21
84.0
 31
0.0
  0
LINE
  5
4D3
  8
SHEET
 62
5
 10
69.0
 20
83.0
 30
0.0
 11
70.0
 21
83.0
 31
0.0
  0
LINE
  5
4D4
  8
SHEET
 62
5
 10
70.0
 20
84.0
 30
0.0
 11
71.0
 21
84.0
 31
0.0
  0
LINE
  5
4D5
  8
SHEET
 62
5
 10
70.0
 20
83.0
 30
0.0
 11
71.0
 21
83.0
 31
0.0
  0
LINE
  5
4D6
  8
SHEET
 62
5
 10
71.0
 20
84.0
 30
0.0
 11
72.0
 21
84.0
 31
0.0
  0
LINE
  5
4D7
  8
SHEET
 62
5
 10
71.0
 20
83.0
 30
0.0
 11
72.0
 21
83.0
 31
0.0
  0
LINE
  5
4D8
  8
SHEET
 62
5
 10
72.0
 20
84.0
 30
0.0
 11
73.0
 21
84.0
 31
0.0
  0
LINE
  5
4D9
  8
SHEET
 62
5
 10
72.0
 20
83.0
 30
0.0
 11
73.0
 21
83.0
 31
0.0
  0
LINE
  5
4DA
  8
SHEET
 62
5
 10
73.0
 20
84.0
 30
0.0
 11
74.0
 21
84.0
 31
0.0
  0
LINE
  5
4DB
  8
SHEET
 62
5
 10
73.0
 20
83.0
 30
0.0
 11
74.0
 21
83.0
 31
0.0
  0
LINE
  5
4DC
  8
SHEET
 62
5
 10
74.0
 20
84.0
 30
0.0
 11
75.0
 21
84.0
 31
0.0
  0
LINE
  5
4DD
  8
SHEET
 62
5
 10
74.0
 20
83.0
 30
0.0
 11
75.0
 21
83.0
 31
0.0
  0
LINE
  5
4DE
  8
SHEET
 62
5
 10
75.0
 20
84.0
 30
0.0
 11
76.0
 21
84.0
 31
0.0
  0
LINE
  5
4DF
  8
SHEET
 62
5
 10
75.0
 20
83.0
 30
0.0
 11
76.0
 21
83.0
 31
0.0
  0
LINE
  5
4E0
  8
SHEET
 62
5
 10
76.0
 20
84.0
 30
0.0
 11
77.0
 21
84.0
 31
0.0
  0
LINE
  5
4E1
  8
SHEET
 62
5
 10
76.0
 20
83.0
 30
0.0
 11
77.0
 21
83.0
 31
0.0
  0
LINE
  5
4E2
  8
SHEET
 62
5
 10
77.0
 20
84.0
 30
0.0
 11
78.0
 21
84.0
 31
0.0
  0
LINE
  5
4E3
  8
SHEET
 62
5
 10
77.0
 20
83.0
 30
0.0
 11
78.0
 21
83.0
 31
0.0
  0
LINE
  5
4E4
  8
SHEET
 62
5
 10
78.0
 20
84.0
 30
0.0
 11
79.0
 21
84.0
 31
0.0
  0
LINE
  5
4E5
  8
SHEET
 62
5
 10
78.0
 20
83.0
 30
0.0
 11
79.0
 21
83.0
 31
0.0
  0
LINE
  5
4E6
  8
SHEET
 62
5
 10
79.0
 20
84.0
 30
0.0
 11
80.0
 21
84.0
 31
0.0
  0
LINE
  5
4E7
  8
SHEET
 62
5
 10
79.0
 20
83.0
 30
0.0
 11
80.0
 21
83.0
 31
0.0
  0
LINE
  5
4E8
  8
SHEET
 62
5
 10
80.0
 20
84.0
 30
0.0
 11
81.0
 21
84.0
 31
0.0
  0
LINE
  5
4E9
  8
SHEET
 62
5
 10
80.0
 20
83.0
 30
0.0
 11
81.0
 21
83.0
 31
0.0
  0
LINE
  5
4EA
  8
SHEET
 62
5
 10
81.0
 20
84.0
 30
0.0
 11
82.0
 21
84.0
 31
0.0
  0
LINE
  5
4EB
  8
SHEET
 62
5
 10
81.0
 20
83.0
 30
0.0
 11
82.0
 21
83.0
 31
0.0
  0
LINE
  5
4EC
  8
SHEET
 62
5
 10
82.0
 20
84.0
 30
0.0
 11
83.0
 21
84.0
 31
0.0
  0
LINE
  5
4ED
  8
SHEET
 62
5
 10
82.0
 20
83.0
 30
0.0
 11
83.0
 21
83.0
 31
0.0
  0
LINE
  5
4EE
  8
SHEET
 62
5
 10
83.0
 20
84.0
 30
0.0
 11
84.0
 21
84.0
 31
0.0
  0
LINE
  5
4EF
  8
SHEET
 62
5
 10
83.0
 20
83.0
 30
0.0
 11
84.0
 21
83.0
 31
0.0
  0
LINE
  5
4F0
  8
SHEET
 62
5
 10
84.0
 20
84.0
 30
0.0
 11
85.0
 21
84.0
 31
0.0
  0
LINE
  5
4F1
  8
SHEET
 62
5
 10
84.0
 20
83.0
 30
0.0
 11
85.0
 21
83.0
 31
0.0
  0
LINE
  5
4F2
  8
SHEET
 62
5
 10
85.0
 20
84.0
 30
0.0
 11
86.0
 21
84.0
 31
0.0
  0
LINE
  5
4F3
  8
SHEET
 62
5
 10
85.0
 20
83.0
 30
0.0
 11
86.0
 21
83.0
 31
0.0
  0
LINE
  5
4F4
  8
SHEET
 62
5
 10
86.0
 20
84.0
 30
0.0
 11
87.0
 21
84.0
 31
0.0
  0
LINE
  5
4F5
  8
SHEET
 62
5
 10
86.0
 20
83.0
 30
0.0
 11
87.0
 21
83.0
 31
0.0
  0
LINE
  5
4F6
  8
SHEET
 62
5
 10
87.0
 20
84.0
 30
0.0
 11
88.0
 21
84.0
 31
0.0
  0
LINE
  5
4F7
  8
SHEET
 62
5
 10
87.0
 20
83.0
 30
0.0
 11
88.0
 21
83.0
 31
0.0
  0
LINE
  5
4F8
  8
SHEET
 62
5
 10
88.0
 20
84.0
 30
0.0
 11
89.0
 21
84.0
 31
0.0
  0
LINE
  5
4F9
  8
SHEET
 62
5
 10
88.0
 20
83.0
 30
0.0
 11
89.0
 21
83.0
 31
0.0
  0
LINE
  5
4FA
  8
SHEET
 62
5
 10
89.0
 20
84.0
 30
0.0
 11
90.0
 21
84.0
 31
0.0
  0
LINE
  5
4FB
  8
SHEET
 62
5
 10
89.0
 20
83.0
 30
0.0
 11
90.0
 21
83.0
 31
0.0
  0
LINE
  5
4FC
  8
SHEET
 62
5
 10
90.0
 20
84.0
 30
0.0
 11
91.0
 21
84.0
 31
0.0
  0
LINE
  5
4FD
  8
SHEET
 62
5
 10
90.0
 20
83.0
 30
0.0
 11
91.0
 21
83.0
 31
0.0
  0
LINE
  5
4FE
  8
SHEET
 62
5
 10
91.0
 20
84.0
 30
0.0
 11
92.0
 21
84.0
 31
0.0
  0
LINE
  5
4FF
  8
SHEET
 62
5
 10
91.0
 20
83.0
 30
0.0
 11
92.0
 21
83.0
 31
0.0
  0
LINE
  5
500
  8
SHEET
 62
5
 10
92.0
 20
84.0
 30
0.0
 11
93.0
 21
84.0
 31
0.0
  0
LINE
  5
501
  8
SHEET
 62
5
 10
92.0
 20
83.0
 30
0.0
 11
93.0
 21
83.0
 31
0.0
  0
LINE
  5
502
  8
SHEET
 62
5
 10
93.0
 20
84.0
 30
0.0
 11
94.0
 21
84.0
 31
0.0
  0
LINE
  5
503
  8
SHEET
 62
5
 10
93.0
 20
83.0
 30
0.0
 11
94.0
 21
83.0
 31
0.0
  0
LINE
  5
504
  8
SHEET
 62
5
 10
94.0
 20
84.0
 30
0.0
 11
95.0
 21
84.0
 31
0.0
  0
LINE
  5
505
  8
SHEET
 62
5
 10
94.0
 20
83.0
 30
0.0
 11
95.0
 21
83.0
 31
0.0
  0
LINE
  5
506
  8
SHEET
 62
5
 10
95.0
 20
84.0
 30
0.0
 11
96.0
 21
84.0
 31
0.0
  0
LINE
  5
507
  8
SHEET
 62
5
 10
95.0
 20
83.0
 30
0.0
 11
96.0
 21
83.0
 31
0.0
  0
LINE
  5
508
  8
SHEET
 62
5
 10
96.0
 20
84.0
 30
0.0
 11
97.0
 21
84.0
 31
0.0
  0
LINE
  5
509
  8
SHEET
 62
5
 10
96.0
 20
83.0
 30
0.0
 11
97.0
 21
83.0
 31
0.0
  0
LINE
  5
50A
  8
SHEET
 62
5
 10
97.0
 20
84.0
 30
0.0
 11
98.0
 21
84.0
 31
0.0
  0
LINE
  5
50B
  8
SHEET
 62
5
 10
97.0
 20
83.0
 30
0.0
 11
98.0
 21
83.0
 31
0.0
  0
LINE
  5
50C
  8
SHEET
 62
5
 10
98.0
 20
84.0
 30
0.0
 11
99.0
 21
84.0
 31
0.0
  0
LINE
  5
50D
  8
SHEET
 62
5
 10
98.0
 20
83.0
 30
0.0
 11
99.0
 21
83.0
 31
0.0
  0
LINE
  5
50E
  8
SHEET
 62
5
 10
99.0
 20
84.0
 30
0.0
 11
100.0
 21
84.0
 31
0.0
  0
LINE
  5
50F
  8
SHEET
 62
5
 10
99.0
 20
83.0
 30
0.0
 11
100.0
 21
83.0
 31
0.0
  0
LINE
  5
510
  8
SHEET
 62
5
 10
100.0
 20
84.0
 30
0.0
 11
101.0
 21
84.0
 31
0.0
  0
LINE
  5
511
  8
SHEET
 62
5
 10
100.0
 20
83.0
 30
0.0
 11
101.0
 21
83.0
 31
0.0
  0
LINE
  5
512
  8
SHEET
 62
5
 10
101.0
 20
84.0
 30
0.0
 11
102.0
 21
84.0
 31
0.0
  0
LINE
  5
513
  8
SHEET
 62
5
 10
101.0
 20
83.0
 30
0.0
 11
102.0
 21
83.0
 31
0.0
  0
LINE
  5
514
  8
SHEET
 62
5
 10
102.0
 20
84.0
 30
0.0
 11
103.0
 21
84.0
 31
0.0
  0
LINE
  5
515
  8
SHEET
 62
5
 10
102.0
 20
83.0
 30
0.0
 11
103.0
 21
83.0
 31
0.0
  0
LINE
  5
516
  8
SHEET
 62
5
 10
103.0
 20
84.0
 30
0.0
 11
104.0
 21
84.0
 31
0.0
  0
LINE
  5
517
  8
SHEET
 62
5
 10
103.0
 20
83.0
 30
0.0
 11
104.0
 21
83.0
 31
0.0
  0
LINE
  5
518
  8
SHEET
 62
5
 10
104.0
 20
84.0
 30
0.0
 11
105.0
 21
84.0
 31
0.0
  0
LINE
  5
519
  8
SHEET
 62
5
 10
104.0
 20
83.0
 30
0.0
 11
105.0
 21
83.0
 31
0.0
  0
LINE
  5
51A
  8
SHEET
 62
5
 10
105.0
 20
84.0
 30
0.0
 11
106.0
 21
84.0
 31
0.0
  0
LINE
  5
51B
  8
SHEET
 62
5
 10
105.0
 20
83.0
 30
0.0
 11
106.0
 21
83.0
 31
0.0
  0
LINE
  5
51C
  8
SHEET
 62
5
 10
106.0
 20
84.0
 30
0.0
 11
107.0
 21
84.0
 31
0.0
  0
LINE
  5
51D
  8
SHEET
 62
5
 10
106.0
 20
83.0
 30
0.0
 11
107.0
 21
83.0
 31
0.0
  0
LINE
  5
51E
  8
SHEET
 62
5
 10
107.0
 20
84.0
 30
0.0
 11
108.0
 21
84.0
 31
0.0
  0
LINE
  5
51F
  8
SHEET
 62
5
 10
107.0
 20
83.0
 30
0.0
 11
108.0
 21
83.0
 31
0.0
  0
LINE
  5
520
  8
SHEET
 62
5
 10
108.0
 20
84.0
 30
0.0
 11
109.0
 21
84.0
 31
0.0
  0
LINE
  5
521
  8
SHEET
 62
5
 10
108.0
 20
83.0
 30
0.0
 11
109.0
 21
83.0
 31
0.0
  0
LINE
  5
522
  8
SHEET
 62
5
 10
109.0
 20
84.0
 30
0.0
 11
110.0
 21
84.0
 31
0.0
  0
LINE
  5
523
  8
SHEET
 62
5
 10
109.0
 20
83.0
 30
0.0
 11
110.0
 21
83.0
 31
0.0
  0
LINE
  5
524
  8
SHEET
 62
5
 10
110.0
 20
84.0
 30
0.0
 11
111.0
 21
84.0
 31
0.0
  0
LINE
  5
525
  8
SHEET
 62
5
 10
110.0
 20
83.0
 30
0.0
 11
111.0
 21
83.0
 31
0.0
  0
LINE
  5
526
  8
SHEET
 62
5
 10
111.0
 20
84.0
 30
0.0
 11
112.0
 21
84.0
 31
0.0
  0
LINE
  5
527
  8
SHEET
 62
5
 10
111.0
 20
83.0
 30
0.0
 11
112.0
 21
83.0
 31
0.0
  0
LINE
  5
528
  8
SHEET
 62
5
 10
112.0
 20
84.0
 30
0.0
 11
113.0
 21
84.0
 31
0.0
  0
LINE
  5
529
  8
SHEET
 62
5
 10
112.0
 20
83.0
 30
0.0
 11
113.0
 21
83.0
 31
0.0
  0
LINE
  5
52A
  8
SHEET
 62
5
 10
113.0
 20
84.0
 30
0.0
 11
114.0
 21
84.0
 31
0.0
  0
LINE
  5
52B
  8
SHEET
 62
5
 10
113.0
 20
83.0
 30
0.0
 11
114.0
 21
83.0
 31
0.0
  0
LINE
  5
52C
  8
SHEET
 62
5
 10
114.0
 20
84.0
 30
0.0
 11
115.0
 21
84.0
 31
0.0
  0
LINE
  5
52D
  8
SHEET
 62
5
 10
114.0
 20
83.0
 30
0.0
 11
115.0
 21
83.0
 31
0.0
  0
LINE
  5
52E
  8
SHEET
 62
5
 10
115.0
 20
84.0
 30
0.0
 11
116.0
 21
84.0
 31
0.0
  0
LINE
  5
52F
  8
SHEET
 62
5
 10
115.0
 20
83.0
 30
0.0
 11
116.0
 21
83.0
 31
0.0
  0
LINE
  5
530
  8
SHEET
 62
5
 10
116.0
 20
84.0
 30
0.0
 11
117.0
 21
84.0
 31
0.0
  0
LINE
  5
531
  8
SHEET
 62
5
 10
116.0
 20
83.0
 30
0.0
 11
117.0
 21
83.0
 31
0.0
  0
LINE
  5
532
  8
SHEET
 62
5
 10
117.0
 20
84.0
 30
0.0
 11
118.0
 21
84.0
 31
0.0
  0
LINE
  5
533
  8
SHEET
 62
5
 10
117.0
 20
83.0
 30
0.0
 11
118.0
 21
83.0
 31
0.0
  0
LINE
  5
534
  8
SHEET
 62
5
 10
118.0
 20
84.0
 30
0.0
 11
119.0
 21
84.0
 31
0.0
  0
LINE
  5
535
  8
SHEET
 62
5
 10
118.0
 20
83.0
 30
0.0
 11
119.0
 21
83.0
 31
0.0
  0
LINE
  5
536
  8
SHEET
 62
5
 10
119.0
 20
84.0
 30
0.0
 11
120.0
 21
84.0
 31
0.0
  0
LINE
  5
537
  8
SHEET
 62
5
 10
119.0
 20
83.0
 30
0.0
 11
120.0
 21
83.0
 31
0.0
  0
LINE
  5
538
  8
SHEET
 62
5
 10
120.0
 20
84.0
 30
0.0
 11
121.0
 21
84.0
 31
0.0
  0
LINE
  5
539
  8
SHEET
 62
5
 10
120.0
 20
83.0
 30
0.0
 11
121.0
 21
83.0
 31
0.0
  0
LINE
  5
53A
  8
SHEET
 62
5
 10
121.0
 20
84.0
 30
0.0
 11
122.0
 21
84.0
 31
0.0
  0
LINE
  5
53B
  8
SHEET
 62
5
 10
121.0
 20
83.0
 30
0.0
 11
122.0
 21
83.0
 31
0.0
  0
LINE
  5
53C
  8
SHEET
 62
5
 10
122.0
 20
84.0
 30
0.0
 11
123.0
 21
84.0
 31
0.0
  0
LINE
  5
53D
  8
SHEET
 62
5
 10
122.0
 20
83.0
 30
0.0
 11
123.0
 21
83.0
 31
0.0
  0
LINE
  5
53E
  8
SHEET
 62
5
 10
123.0
 20
84.0
 30
0.0
 11
124.0
 21
84.0
 31
0.0
  0
LINE
  5
53F
  8
SHEET
 62
5
 10
123.0
 20
83.0
 30
0.0
 11
124.0
 21
83.0
 31
0.0
  0
LINE
  5
540
  8
SHEET
 62
5
 10
124.0
 20
84.0
 30
0.0
 11
125.0
 21
84.0
 31
0.0
  0
LINE
  5
541
  8
SHEET
 62
5
 10
124.0
 20
83.0
 30
0.0
 11
125.0
 21
83.0
 31
0.0
  0
LINE
  5
542
  8
SHEET
 62
5
 10
125.0
 20
84.0
 30
0.0
 11
126.0
 21
84.0
 31
0.0
  0
LINE
  5
543
  8
SHEET
 62
5
 10
125.0
 20
83.0
 30
0.0
 11
126.0
 21
83.0
 31
0.0
  0
LINE
  5
544
  8
SHEET
 62
5
 10
126.0
 20
84.0
 30
0.0
 11
127.0
 21
84.0
 31
0.0
  0
LINE
  5
545
  8
SHEET
 62
5
 10
126.0
 20
83.0
 30
0.0
 11
127.0
 21
83.0
 31
0.0
  0
LINE
  5
546
  8
SHEET
 62
5
 10
127.0
 20
84.0
 30
0.0
 11
128.0
 21
84.0
 31
0.0
  0
LINE
  5
547
  8
SHEET
 62
5
 10
127.0
 20
83.0
 30
0.0
 11
128.0
 21
83.0
 31
0.0
  0
LINE
  5
548
  8
SHEET
 62
5
 10
128.0
 20
84.0
 30
0.0
 11
129.0
 21
84.0
 31
0.0
  0
LINE
  5
549
  8
SHEET
 62
5
 10
128.0
 20
83.0
 30
0.0
 11
129.0
 21
83.0
 31
0.0
  0
LINE
  5
54A
  8
SHEET
 62
5
 10
129.0
 20
84.0
 30
0.0
 11
130.0
 21
84.0
 31
0.0
  0
LINE
  5
54B
  8
SHEET
 62
5
 10
129.0
 20
83.0
 30
0.0
 11
130.0
 21
83.0
 31
0.0
  0
LINE
  5
54C
  8
SHEET
 62
5
 10
130.0
 20
84.0
 30
0.0
 11
131.0
 21
84.0
 31
0.0
  0
LINE
  5
54D
  8
SHEET
 62
5
 10
130.0
 20
83.0
 30
0.0
 11
131.0
 21
83.0
 31
0.0
  0
LINE
  5
54E
  8
SHEET
 62
5
 10
131.0
 20
84.0
 30
0.0
 11
132.0
 21
84.0
 31
0.0
  0
LINE
  5
54F
  8
SHEET
 62
5
 10
131.0
 20
83.0
 30
0.0
 11
132.0
 21
83.0
 31
0.0
  0
LINE
  5
550
  8
SHEET
 62
5
 10
132.0
 20
84.0
 30
0.0
 11
133.0
 21
84.0
 31
0.0
  0
LINE
  5
551
  8
SHEET
 62
5
 10
132.0
 20
83.0
 30
0.0
 11
133.0
 21
83.0
 31
0.0
  0
LINE
  5
552
  8
SHEET
 62
5
 10
133.0
 20
84.0
 30
0.0
 11
134.0
 21
84.0
 31
0.0
  0
LINE
  5
553
  8
SHEET
 62
5
 10
133.0
 20
83.0
 30
0.0
 11
134.0
 21
83.0
 31
0.0
  0
LINE
  5
554
  8
SHEET
 62
5
 10
134.0
 20
84.0
 30
0.0
 11
135.0
 21
84.0
 31
0.0
  0
LINE
  5
555
  8
SHEET
 62
5
 10
134.0
 20
83.0
 30
0.0
 11
135.0
 21
83.0
 31
0.0
  0
LINE
  5
556
  8
SHEET
 62
5
 10
135.0
 20
84.0
 30
0.0
 11
136.0
 21
84.0
 31
0.0
  0
LINE
  5
557
  8
SHEET
 62
5
 10
135.0
 20
83.0
 30
0.0
 11
136.0
 21
83.0
 31
0.0
  0
LINE
  5
558
  8
SHEET
 62
5
 10
136.0
 20
84.0
 30
0.0
 11
137.0
 21
84.0
 31
0.0
  0
LINE
  5
559
  8
SHEET
 62
5
 10
136.0
 20
83.0
 30
0.0
 11
137.0
 21
83.0
 31
0.0
  0
LINE
  5
55A
  8
SHEET
 62
5
 10
137.0
 20
84.0
 30
0.0
 11
138.0
 21
84.0
 31
0.0
  0
LINE
  5
55B
  8
SHEET
 62
5
 10
137.0
 20
83.0
 30
0.0
 11
138.0
 21
83.0
 31
0.0
  0
LINE
  5
55C
  8
SHEET
 62
5
 10
138.0
 20
84.0
 30
0.0
 11
139.0
 21
84.0
 31
0.0
  0
LINE
  5
55D
  8
SHEET
 62
5
 10
138.0
 20
83.0
 30
0.0
 11
139.0
 21
83.0
 31
0.0
  0
LINE
  5
55E
  8
SHEET
 62
5
 10
139.0
 20
84.0
 30
0.0
 11
140.0
 21
84.0
 31
0.0
  0
LINE
  5
55F
  8
SHEET
 62
5
 10
139.0
 20
83.0
 30
0.0
 11
140.0
 21
83.0
 31
0.0
  0
LINE
  5
560
  8
SHEET
 62
5
 10
140.0
 20
84.0
 30
0.0
 11
141.0
 21
84.0
 31
0.0
  0
LINE
  5
561
  8
SHEET
 62
5
 10
140.0
 20
83.0
 30
0.0
 11
141.0
 21
83.0
 31
0.0
  0
LINE
  5
562
  8
SHEET
 62
5
 10
141.0
 20
84.0
 30
0.0
 11
142.0
 21
84.0
 31
0.0
  0
LINE
  5
563
  8
SHEET
 62
5
 10
141.0
 20
83.0
 30
0.0
 11
142.0
 21
83.0
 31
0.0
  0
LINE
  5
564
  8
SHEET
 62
5
 10
142.0
 20
84.0
 30
0.0
 11
143.0
 21
84.0
 31
0.0
  0
LINE
  5
565
  8
SHEET
 62
5
 10
142.0
 20
83.0
 30
0.0
 11
143.0
 21
83.0
 31
0.0
  0
LINE
  5
566
  8
SHEET
 62
5
 10
143.0
 20
84.0
 30
0.0
 11
144.0
 21
84.0
 31
0.0
  0
LINE
  5
567
  8
SHEET
 62
5
 10
143.0
 20
83.0
 30
0.0
 11
144.0
 21
83.0
 31
0.0
  0
LINE
  5
568
  8
SHEET
 62
5
 10
144.0
 20
84.0
 30
0.0
 11
145.0
 21
84.0
 31
0.0
  0
LINE
  5
569
  8
SHEET
 62
5
 10
144.0
 20
83.0
 30
0.0
 11
145.0
 21
83.0
 31
0.0
  0
LINE
  5
56A
  8
SHEET
 62
5
 10
145.0
 20
84.0
 30
0.0
 11
146.0
 21
84.0
 31
0.0
  0
LINE
  5
56B
  8
SHEET
 62
5
 10
145.0
 20
83.0
 30
0.0
 11
146.0
 21
83.0
 31
0.0
  0
LINE
  5
56C
  8
SHEET
 62
5
 10
146.0
 20
84.0
 30
0.0
 11
147.0
 21
84.0
 31
0.0
  0
LINE
  5
56D
  8
SHEET
 62
5
 10
146.0
 20
83.0
 30
0.0
 11
147.0
 21
83.0
 31
0.0
  0
LINE
  5
56E
  8
SHEET
 62
5
 10
147.0
 20
84.0
 30
0.0
 11
148.0
 21
84.0
 31
0.0
  0
LINE
  5
56F
  8
SHEET
 62
5
 10
147.0
 20
83.0
 30
0.0
 11
148.0
 21
83.0
 31
0.0
  0
LINE
  5
570
  8
SHEET
 62
5
 10
148.0
 20
84.0
 30
0.0
 11
149.0
 21
84.0
 31
0.0
  0
LINE
  5
571
  8
SHEET
 62
5
 10
148.0
 20
83.0
 30
0.0
 11
149.0
 21
83.0
 31
0.0
  0
LINE
  5
572
  8
SHEET
 62
5
 10
149.0
 20
84.0
 30
0.0
 11
150.0
 21
84.0
 31
0.0
  0
LINE
  5
573
  8
SHEET
 62
5
 10
149.0
 20
83.0
 30
0.0
 11
150.0
 21
83.0
 31
0.0
  0
LINE
  5
574
  8
SHEET
 62
5
 10
150.0
 20
84.0
 30
0.0
 11
151.0
 21
84.0
 31
0.0
  0
LINE
  5
575
  8
SHEET
 62
5
 10
150.0
 20
83.0
 30
0.0
 11
151.0
 21
83.0
 31
0.0
  0
LINE
  5
576
  8
SHEET
 62
5
 10
151.0
 20
84.0
 30
0.0
 11
152.0
 21
84.0
 31
0.0
  0
LINE
  5
577
  8
SHEET
 62
5
 10
151.0
 20
83.0
 30
0.0
 11
152.0
 21
83.0
 31
0.0
  0
LINE
  5
578
  8
SHEET
 62
5
 10
152.0
 20
84.0
 30
0.0
 11
153.0
 21
84.0
 31
0.0
  0
LINE
  5
579
  8
SHEET
 62
5
 10
152.0
 20
83.0
 30
0.0
 11
153.0
 21
83.0
 31
0.0
  0
LINE
  5
57A
  8
SHEET
 62
5
 10
153.0
 20
84.0
 30
0.0
 11
154.0
 21
84.0
 31
0.0
  0
LINE
  5
57B
  8
SHEET
 62
5
 10
153.0
 20
83.0
 30
0.0
 11
154.0
 21
83.0
 31
0.0
  0
LINE
  5
57C
  8
SHEET
 62
5
 10
154.0
 20
84.0
 30
0.0
 11
155.0
 21
84.0
 31
0.0
  0
LINE
  5
57D
  8
SHEET
 62
5
 10
154.0
 20
83.0
 30
0.0
 11
155.0
 21
83.0
 31
0.0
  0
LINE
  5
57E
  8
SHEET
 62
5
 10
155.0
 20
84.0
 30
0.0
 11
156.0
 21
84.0
 31
0.0
  0
LINE
  5
57F
  8
SHEET
 62
5
 10
155.0
 20
83.0
 30
0.0
 11
156.0
 21
83.0
 31
0.0
  0
LINE
  5
580
  8
SHEET
 62
5
 10
156.0
 20
84.0
 30
0.0
 11
157.0
 21
84.0
 31
0.0
  0
LINE
  5
581
  8
SHEET
 62
5
 10
156.0
 20
83.0
 30
0.0
 11
157.0
 21
83.0
 31
0.0
  0
LINE
  5
582
  8
SHEET
 62
5
 10
157.0
 20
84.0
 30
0.0
 11
158.0
 21
84.0
 31
0.0
  0
LINE
  5
583
  8
SHEET
 62
5
 10
157.0
 20
83.0
 30
0.0
 11
158.0
 21
83.0
 31
0.0
  0
LINE
  5
584
  8
SHEET
 62
5
 10
158.0
 20
84.0
 30
0.0
 11
159.0
 21
84.0
 31
0.0
  0
LINE
  5
585
  8
SHEET
 62
5
 10
158.0
 20
83.0
 30
0.0
 11
159.0
 21
83.0
 31
0.0
  0
LINE
  5
586
  8
SHEET
 62
5
 10
159.0
 20
84.0
 30
0.0
 11
160.0
 21
84.0
 31
0.0
  0
LINE
  5
587
  8
SHEET
 62
5
 10
159.0
 20
83.0
 30
0.0
 11
160.0
 21
83.0
 31
0.0
  0
LINE
  5
588
  8
SHEET
 62
5
 10
160.0
 20
84.0
 30
0.0
 11
161.0
 21
84.0
 31
0.0
  0
LINE
  5
589
  8
SHEET
 62
5
 10
160.0
 20
83.0
 30
0.0
 11
161.0
 21
83.0
 31
0.0
  0
LINE
  5
58A
  8
SHEET
 62
5
 10
161.0
 20
84.0
 30
0.0
 11
162.0
 21
84.0
 31
0.0
  0
LINE
  5
58B
  8
SHEET
 62
5
 10
161.0
 20
83.0
 30
0.0
 11
162.0
 21
83.0
 31
0.0
  0
LINE
  5
58C
  8
SHEET
 62
5
 10
162.0
 20
84.0
 30
0.0
 11
163.0
 21
84.0
 31
0.0
  0
LINE
  5
58D
  8
SHEET
 62
5
 10
162.0
 20
83.0
 30
0.0
 11
163.0
 21
83.0
 31
0.0
  0
LINE
  5
58E
  8
SHEET
 62
5
 10
163.0
 20
84.0
 30
0.0
 11
164.0
 21
84.0
 31
0.0
  0
LINE
  5
58F
  8
SHEET
 62
5
 10
163.0
 20
83.0
 30
0.0
 11
164.0
 21
83.0
 31
0.0
  0
LINE
  5
590
  8
SHEET
 62
5
 10
164.0
 20
84.0
 30
0.0
 11
165.0
 21
84.0
 31
0.0
  0
LINE
  5
591
  8
SHEET
 62
5
 10
164.0
 20
83.0
 30
0.0
 11
165.0
 21
83.0
 31
0.0
  0
LINE
  5
592
  8
SHEET
 62
5
 10
165.0
 20
84.0
 30
0.0
 11
166.0
 21
84.0
 31
0.0
  0
LINE
  5
593
  8
SHEET
 62
5
 10
165.0
 20
83.0
 30
0.0
 11
166.0
 21
83.0
 31
0.0
  0
LINE
  5
594
  8
SHEET
 62
5
 10
166.0
 20
84.0
 30
0.0
 11
167.0
 21
84.0
 31
0.0
  0
LINE
  5
595
  8
SHEET
 62
5
 10
166.0
 20
83.0
 30
0.0
 11
167.0
 21
83.0
 31
0.0
  0
LINE
  5
596
  8
SHEET
 62
5
 10
167.0
 20
84.0
 30
0.0
 11
168.0
 21
84.0
 31
0.0
  0
LINE
  5
597
  8
SHEET
 62
5
 10
167.0
 20
83.0
 30
0.0
 11
168.0
 21
83.0
 31
0.0
  0
LINE
  5
598
  8
SHEET
 62
5
 10
168.0
 20
84.0
 30
0.0
 11
169.0
 21
84.0
 31
0.0
  0
LINE
  5
599
  8
SHEET
 62
5
 10
168.0
 20
83.0
 30
0.0
 11
169.0
 21
83.0
 31
0.0
  0
LINE
  5
59A
  8
SHEET
 62
5
 10
169.0
 20
84.0
 30
0.0
 11
170.0
 21
84.0
 31
0.0
  0
LINE
  5
59B
  8
SHEET
 62
5
 10
169.0
 20
83.0
 30
0.0
 11
170.0
 21
83.0
 31
0.0
  0
LINE
  5
59C
  8
SHEET
 62
5
 10
170.0
 20
84.0
 30
0.0
 11
171.0
 21
84.0
 31
0.0
  0
LINE
  5
59D
  8
SHEET
 62
5
 10
170.0
 20
83.0
 30
0.0
 11
171.0
 21
83.0
 31
0.0
  0
LINE
  5
59E
  8
SHEET
 62
5
 10
171.0
 20
84.0
 30
0.0
 11
172.0
 21
84.0
 31
0.0
  0
LINE
  5
59F
  8
SHEET
 62
5
 10
171.0
 20
83.0
 30
0.0
 11
172.0
 21
83.0
 31
0.0
  0
LINE
  5
5A0
  8
SHEET
 62
5
 10
172.0
 20
84.0
 30
0.0
 11
173.0
 21
84.0
 31
0.0
  0
LINE
  5
5A1
  8
SHEET
 62
5
 10
172.0
 20
83.0
 30
0.0
 11
173.0
 21
83.0
 31
0.0
  0
LINE
  5
5A2
  8
SHEET
 62
5
 10
173.0
 20
84.0
 30
0.0
 11
174.0
 21
84.0
 31
0.0
  0
LINE
  5
5A3
  8
SHEET
 62
5
 10
173.0
 20
83.0
 30
0.0
 11
174.0
 21
83.0
 31
0.0
  0
LINE
  5
5A4
  8
SHEET
 62
5
 10
174.0
 20
84.0
 30
0.0
 11
175.0
 21
84.0
 31
0.0
  0
LINE
  5
5A5
  8
SHEET
 62
5
 10
174.0
 20
83.0
 30
0.0
 11
175.0
 21
83.0
 31
0.0
  0
LINE
  5
5A6
  8
SHEET
 62
5
 10
175.0
 20
84.0
 30
0.0
 11
176.0
 21
84.0
 31
0.0
  0
LINE
  5
5A7
  8
SHEET
 62
5
 10
175.0
 20
83.0
 30
0.0
 11
176.0
 21
83.0
 31
0.0
  0
LINE
  5
5A8
  8
SHEET
 62
5
 10
176.0
 20
84.0
 30
0.0
 11
177.0
 21
84.0
 31
0.0
  0
LINE
  5
5A9
  8
SHEET
 62
5
 10
176.0
 20
83.0
 30
0.0
 11
177.0
 21
83.0
 31
0.0
  0
LINE
  5
5AA
  8
SHEET
 62
5
 10
177.0
 20
84.0
 30
0.0
 11
178.0
 21
84.0
 31
0.0
  0
LINE
  5
5AB
  8
SHEET
 62
5
 10
177.0
 20
83.0
 30
0.0
 11
178.0
 21
83.0
 31
0.0
  0
LINE
  5
5AC
  8
SHEET
 62
5
 10
178.0
 20
84.0
 30
0.0
 11
179.0
 21
84.0
 31
0.0
  0
LINE
  5
5AD
  8
SHEET
 62
5
 10
178.0
 20
83.0
 30
0.0
 11
179.0
 21
83.0
 31
0.0
  0
LINE
  5
5AE
  8
SHEET
 62
5
 10
179.0
 20
84.0
 30
0.0
 11
180.0
 21
84.0
 31
0.0
  0
LINE
  5
5AF
  8
SHEET
 62
5
 10
179.0
 20
83.0
 30
0.0
 11
180.0
 21
83.0
 31
0.0
  0
LINE
  5
5B0
  8
SHEET
 62
5
 10
180.0
 20
83.0
 30
0.0
 11
180.0
 21
84.0
 31
0.0
  0
LINE
  5
5B1
  8
SHEET
 62
5
 10
41.0
 20
82.0
 30
0.0
 11
42.0
 21
82.0
 31
0.0
  0
LINE
  5
5B2
  8
SHEET
 62
5
 10
41.0
 20
82.0
 30
0.0
 11
41.0
 21
83.0
 31
0.0
  0
LINE
  5
5B3
  8
SHEET
 62
7
 10
43.0
 20
82.0
 30
0.0
 11
44.0
 21
82.0
 31
0.0
  0
LINE
  5
5B4
  8
SHEET
 62
7
 10
44.0
 20
82.0
 30
0.0
 11
44.0
 21
83.0
 31
0.0
  0
LINE
  5
5B5
  8
SHEET
 62
5
 10
0.0
 20
82.0
 30
0.0
 11
1.0
 21
82.0
 31
0.0
  0
LINE
  5
5B6
  8
SHEET
 62
5
 10
0.0
 20
81.0
 30
0.0
 11
1.0
 21
81.0
 31
0.0
  0
LINE
  5
5B7
  8
SHEET
 62
5
 10
0.0
 20
81.0
 30
0.0
 11
0.0
 21
82.0
 31
0.0
  0
LINE
  5
5B8
  8
SHEET
 62
5
 10
1.0
 20
82.0
 30
0.0
 11
2.0
 21
82.0
 31
0.0
  0
LINE
  5
5B9
  8
SHEET
 62
5
 10
1.0
 20
81.0
 30
0.0
 11
2.0
 21
81.0
 31
0.0
  0
LINE
  5
5BA
  8
SHEET
 62
5
 10
2.0
 20
82.0
 30
0.0
 11
3.0
 21
82.0
 31
0.0
  0
LINE
  5
5BB
  8
SHEET
 62
5
 10
2.0
 20
81.0
 30
0.0
 11
3.0
 21
81.0
 31
0.0
  0
LINE
  5
5BC
  8
SHEET
 62
5
 10
3.0
 20
82.0
 30
0.0
 11
4.0
 21
82.0
 31
0.0
  0
LINE
  5
5BD
  8
SHEET
 62
5
 10
3.0
 20
81.0
 30
0.0
 11
4.0
 21
81.0
 31
0.0
  0
LINE
  5
5BE
  8
SHEET
 62
5
 10
4.0
 20
82.0
 30
0.0
 11
5.0
 21
82.0
 31
0.0
  0
LINE
  5
5BF
  8
SHEET
 62
5
 10
4.0
 20
81.0
 30
0.0
 11
5.0
 21
81.0
 31
0.0
  0
LINE
  5
5C0
  8
SHEET
 62
5
 10
5.0
 20
82.0
 30
0.0
 11
6.0
 21
82.0
 31
0.0
  0
LINE
  5
5C1
  8
SHEET
 62
5
 10
5.0
 20
81.0
 30
0.0
 11
6.0
 21
81.0
 31
0.0
  0
LINE
  5
5C2
  8
SHEET
 62
5
 10
6.0
 20
82.0
 30
0.0
 11
7.0
 21
82.0
 31
0.0
  0
LINE
  5
5C3
  8
SHEET
 62
5
 10
6.0
 20
81.0
 30
0.0
 11
7.0
 21
81.0
 31
0.0
  0
LINE
  5
5C4
  8
SHEET
 62
5
 10
7.0
 20
82.0
 30
0.0
 11
8.0
 21
82.0
 31
0.0
  0
LINE
  5
5C5
  8
SHEET
 62
5
 10
7.0
 20
81.0
 30
0.0
 11
8.0
 21
81.0
 31
0.0
  0
LINE
  5
5C6
  8
SHEET
 62
5
 10
8.0
 20
82.0
 30
0.0
 11
9.0
 21
82.0
 31
0.0
  0
LINE
  5
5C7
  8
SHEET
 62
5
 10
8.0
 20
81.0
 30
0.0
 11
9.0
 21
81.0
 31
0.0
  0
LINE
  5
5C8
  8
SHEET
 62
5
 10
9.0
 20
82.0
 30
0.0
 11
10.0
 21
82.0
 31
0.0
  0
LINE
  5
5C9
  8
SHEET
 62
5
 10
9.0
 20
81.0
 30
0.0
 11
10.0
 21
81.0
 31
0.0
  0
LINE
  5
5CA
  8
SHEET
 62
5
 10
10.0
 20
82.0
 30
0.0
 11
11.0
 21
82.0
 31
0.0
  0
LINE
  5
5CB
  8
SHEET
 62
5
 10
10.0
 20
81.0
 30
0.0
 11
11.0
 21
81.0
 31
0.0
  0
LINE
  5
5CC
  8
SHEET
 62
5
 10
11.0
 20
82.0
 30
0.0
 11
12.0
 21
82.0
 31
0.0
  0
LINE
  5
5CD
  8
SHEET
 62
5
 10
11.0
 20
81.0
 30
0.0
 11
12.0
 21
81.0
 31
0.0
  0
LINE
  5
5CE
  8
SHEET
 62
5
 10
12.0
 20
82.0
 30
0.0
 11
13.0
 21
82.0
 31
0.0
  0
LINE
  5
5CF
  8
SHEET
 62
5
 10
12.0
 20
81.0
 30
0.0
 11
13.0
 21
81.0
 31
0.0
  0
LINE
  5
5D0
  8
SHEET
 62
5
 10
13.0
 20
82.0
 30
0.0
 11
14.0
 21
82.0
 31
0.0
  0
LINE
  5
5D1
  8
SHEET
 62
5
 10
13.0
 20
81.0
 30
0.0
 11
14.0
 21
81.0
 31
0.0
  0
LINE
  5
5D2
  8
SHEET
 62
5
 10
14.0
 20
82.0
 30
0.0
 11
15.0
 21
82.0
 31
0.0
  0
LINE
  5
5D3
  8
SHEET
 62
5
 10
14.0
 20
81.0
 30
0.0
 11
15.0
 21
81.0
 31
0.0
  0
LINE
  5
5D4
  8
SHEET
 62
5
 10
15.0
 20
82.0
 30
0.0
 11
16.0
 21
82.0
 31
0.0
  0
LINE
  5
5D5
  8
SHEET
 62
5
 10
15.0
 20
81.0
 30
0.0
 11
16.0
 21
81.0
 31
0.0
  0
LINE
  5
5D6
  8
SHEET
 62
5
 10
16.0
 20
82.0
 30
0.0
 11
17.0
 21
82.0
 31
0.0
  0
LINE
  5
5D7
  8
SHEET
 62
5
 10
16.0
 20
81.0
 30
0.0
 11
17.0
 21
81.0
 31
0.0
  0
LINE
  5
5D8
  8
SHEET
 62
5
 10
17.0
 20
82.0
 30
0.0
 11
18.0
 21
82.0
 31
0.0
  0
LINE
  5
5D9
  8
SHEET
 62
5
 10
17.0
 20
81.0
 30
0.0
 11
18.0
 21
81.0
 31
0.0
  0
LINE
  5
5DA
  8
SHEET
 62
5
 10
18.0
 20
82.0
 30
0.0
 11
19.0
 21
82.0
 31
0.0
  0
LINE
  5
5DB
  8
SHEET
 62
5
 10
18.0
 20
81.0
 30
0.0
 11
19.0
 21
81.0
 31
0.0
  0
LINE
  5
5DC
  8
SHEET
 62
5
 10
19.0
 20
82.0
 30
0.0
 11
20.0
 21
82.0
 31
0.0
  0
LINE
  5
5DD
  8
SHEET
 62
5
 10
19.0
 20
81.0
 30
0.0
 11
20.0
 21
81.0
 31
0.0
  0
LINE
  5
5DE
  8
SHEET
 62
5
 10
20.0
 20
82.0
 30
0.0
 11
21.0
 21
82.0
 31
0.0
  0
LINE
  5
5DF
  8
SHEET
 62
5
 10
20.0
 20
81.0
 30
0.0
 11
21.0
 21
81.0
 31
0.0
  0
LINE
  5
5E0
  8
SHEET
 62
5
 10
21.0
 20
82.0
 30
0.0
 11
22.0
 21
82.0
 31
0.0
  0
LINE
  5
5E1
  8
SHEET
 62
5
 10
21.0
 20
81.0
 30
0.0
 11
22.0
 21
81.0
 31
0.0
  0
LINE
  5
5E2
  8
SHEET
 62
5
 10
22.0
 20
82.0
 30
0.0
 11
23.0
 21
82.0
 31
0.0
  0
LINE
  5
5E3
  8
SHEET
 62
5
 10
22.0
 20
81.0
 30
0.0
 11
23.0
 21
81.0
 31
0.0
  0
LINE
  5
5E4
  8
SHEET
 62
5
 10
23.0
 20
82.0
 30
0.0
 11
24.0
 21
82.0
 31
0.0
  0
LINE
  5
5E5
  8
SHEET
 62
5
 10
23.0
 20
81.0
 30
0.0
 11
24.0
 21
81.0
 31
0.0
  0
LINE
  5
5E6
  8
SHEET
 62
5
 10
24.0
 20
82.0
 30
0.0
 11
25.0
 21
82.0
 31
0.0
  0
LINE
  5
5E7
  8
SHEET
 62
5
 10
24.0
 20
81.0
 30
0.0
 11
25.0
 21
81.0
 31
0.0
  0
LINE
  5
5E8
  8
SHEET
 62
5
 10
25.0
 20
82.0
 30
0.0
 11
26.0
 21
82.0
 31
0.0
  0
LINE
  5
5E9
  8
SHEET
 62
5
 10
25.0
 20
81.0
 30
0.0
 11
26.0
 21
81.0
 31
0.0
  0
LINE
  5
5EA
  8
SHEET
 62
5
 10
26.0
 20
82.0
 30
0.0
 11
27.0
 21
82.0
 31
0.0
  0
LINE
  5
5EB
  8
SHEET
 62
5
 10
26.0
 20
81.0
 30
0.0
 11
27.0
 21
81.0
 31
0.0
  0
LINE
  5
5EC
  8
SHEET
 62
5
 10
27.0
 20
82.0
 30
0.0
 11
28.0
 21
82.0
 31
0.0
  0
LINE
  5
5ED
  8
SHEET
 62
5
 10
27.0
 20
81.0
 30
0.0
 11
28.0
 21
81.0
 31
0.0
  0
LINE
  5
5EE
  8
SHEET
 62
5
 10
28.0
 20
82.0
 30
0.0
 11
29.0
 21
82.0
 31
0.0
  0
LINE
  5
5EF
  8
SHEET
 62
5
 10
28.0
 20
81.0
 30
0.0
 11
29.0
 21
81.0
 31
0.0
  0
LINE
  5
5F0
  8
SHEET
 62
5
 10
29.0
 20
82.0
 30
0.0
 11
30.0
 21
82.0
 31
0.0
  0
LINE
  5
5F1
  8
SHEET
 62
5
 10
29.0
 20
81.0
 30
0.0
 11
30.0
 21
81.0
 31
0.0
  0
LINE
  5
5F2
  8
SHEET
 62
5
 10
30.0
 20
82.0
 30
0.0
 11
31.0
 21
82.0
 31
0.0
  0
LINE
  5
5F3
  8
SHEET
 62
5
 10
30.0
 20
81.0
 30
0.0
 11
31.0
 21
81.0
 31
0.0
  0
LINE
  5
5F4
  8
SHEET
 62
5
 10
31.0
 20
82.0
 30
0.0
 11
32.0
 21
82.0
 31
0.0
  0
LINE
  5
5F5
  8
SHEET
 62
5
 10
31.0
 20
81.0
 30
0.0
 11
32.0
 21
81.0
 31
0.0
  0
LINE
  5
5F6
  8
SHEET
 62
5
 10
32.0
 20
82.0
 30
0.0
 11
33.0
 21
82.0
 31
0.0
  0
LINE
  5
5F7
  8
SHEET
 62
5
 10
32.0
 20
81.0
 30
0.0
 11
33.0
 21
81.0
 31
0.0
  0
LINE
  5
5F8
  8
SHEET
 62
5
 10
33.0
 20
82.0
 30
0.0
 11
34.0
 21
82.0
 31
0.0
  0
LINE
  5
5F9
  8
SHEET
 62
5
 10
33.0
 20
81.0
 30
0.0
 11
34.0
 21
81.0
 31
0.0
  0
LINE
  5
5FA
  8
SHEET
 62
5
 10
34.0
 20
82.0
 30
0.0
 11
35.0
 21
82.0
 31
0.0
  0
LINE
  5
5FB
  8
SHEET
 62
5
 10
34.0
 20
81.0
 30
0.0
 11
35.0
 21
81.0
 31
0.0
  0
LINE
  5
5FC
  8
SHEET
 62
5
 10
35.0
 20
82.0
 30
0.0
 11
36.0
 21
82.0
 31
0.0
  0
LINE
  5
5FD
  8
SHEET
 62
5
 10
35.0
 20
81.0
 30
0.0
 11
36.0
 21
81.0
 31
0.0
  0
LINE
  5
5FE
  8
SHEET
 62
5
 10
36.0
 20
82.0
 30
0.0
 11
37.0
 21
82.0
 31
0.0
  0
LINE
  5
5FF
  8
SHEET
 62
5
 10
36.0
 20
81.0
 30
0.0
 11
37.0
 21
81.0
 31
0.0
  0
LINE
  5
600
  8
SHEET
 62
5
 10
37.0
 20
82.0
 30
0.0
 11
38.0
 21
82.0
 31
0.0
  0
LINE
  5
601
  8
SHEET
 62
5
 10
37.0
 20
81.0
 30
0.0
 11
38.0
 21
81.0
 31
0.0
  0
LINE
  5
602
  8
SHEET
 62
5
 10
38.0
 20
82.0
 30
0.0
 11
39.0
 21
82.0
 31
0.0
  0
LINE
  5
603
  8
SHEET
 62
5
 10
38.0
 20
81.0
 30
0.0
 11
39.0
 21
81.0
 31
0.0
  0
LINE
  5
604
  8
SHEET
 62
5
 10
39.0
 20
82.0
 30
0.0
 11
40.0
 21
82.0
 31
0.0
  0
LINE
  5
605
  8
SHEET
 62
5
 10
39.0
 20
81.0
 30
0.0
 11
40.0
 21
81.0
 31
0.0
  0
LINE
  5
606
  8
SHEET
 62
5
 10
40.0
 20
82.0
 30
0.0
 11
41.0
 21
82.0
 31
0.0
  0
LINE
  5
607
  8
SHEET
 62
5
 10
41.0
 20
81.0
 30
0.0
 11
41.0
 21
82.0
 31
0.0
  0
LINE
  5
608
  8
SHEET
 62
5
 10
42.0
 20
81.0
 30
0.0
 11
42.0
 21
82.0
 31
0.0
  0
LINE
  5
609
  8
SHEET
 62
5
 10
43.0
 20
81.0
 30
0.0
 11
43.0
 21
82.0
 31
0.0
  0
LINE
  5
60A
  8
SHEET
 62
5
 10
44.0
 20
82.0
 30
0.0
 11
45.0
 21
82.0
 31
0.0
  0
LINE
  5
60B
  8
SHEET
 62
5
 10
44.0
 20
81.0
 30
0.0
 11
44.0
 21
82.0
 31
0.0
  0
LINE
  5
60C
  8
SHEET
 62
5
 10
45.0
 20
82.0
 30
0.0
 11
46.0
 21
82.0
 31
0.0
  0
LINE
  5
60D
  8
SHEET
 62
5
 10
45.0
 20
81.0
 30
0.0
 11
46.0
 21
81.0
 31
0.0
  0
LINE
  5
60E
  8
SHEET
 62
5
 10
46.0
 20
82.0
 30
0.0
 11
47.0
 21
82.0
 31
0.0
  0
LINE
  5
60F
  8
SHEET
 62
5
 10
46.0
 20
81.0
 30
0.0
 11
47.0
 21
81.0
 31
0.0
  0
LINE
  5
610
  8
SHEET
 62
5
 10
47.0
 20
82.0
 30
0.0
 11
48.0
 21
82.0
 31
0.0
  0
LINE
  5
611
  8
SHEET
 62
5
 10
47.0
 20
81.0
 30
0.0
 11
48.0
 21
81.0
 31
0.0
  0
LINE
  5
612
  8
SHEET
 62
5
 10
48.0
 20
82.0
 30
0.0
 11
49.0
 21
82.0
 31
0.0
  0
LINE
  5
613
  8
SHEET
 62
5
 10
48.0
 20
81.0
 30
0.0
 11
49.0
 21
81.0
 31
0.0
  0
LINE
  5
614
  8
SHEET
 62
5
 10
49.0
 20
82.0
 30
0.0
 11
50.0
 21
82.0
 31
0.0
  0
LINE
  5
615
  8
SHEET
 62
5
 10
49.0
 20
81.0
 30
0.0
 11
50.0
 21
81.0
 31
0.0
  0
LINE
  5
616
  8
SHEET
 62
5
 10
50.0
 20
82.0
 30
0.0
 11
51.0
 21
82.0
 31
0.0
  0
LINE
  5
617
  8
SHEET
 62
5
 10
50.0
 20
81.0
 30
0.0
 11
51.0
 21
81.0
 31
0.0
  0
LINE
  5
618
  8
SHEET
 62
5
 10
51.0
 20
82.0
 30
0.0
 11
52.0
 21
82.0
 31
0.0
  0
LINE
  5
619
  8
SHEET
 62
5
 10
51.0
 20
81.0
 30
0.0
 11
52.0
 21
81.0
 31
0.0
  0
LINE
  5
61A
  8
SHEET
 62
5
 10
52.0
 20
82.0
 30
0.0
 11
53.0
 21
82.0
 31
0.0
  0
LINE
  5
61B
  8
SHEET
 62
5
 10
52.0
 20
81.0
 30
0.0
 11
53.0
 21
81.0
 31
0.0
  0
LINE
  5
61C
  8
SHEET
 62
5
 10
53.0
 20
82.0
 30
0.0
 11
54.0
 21
82.0
 31
0.0
  0
LINE
  5
61D
  8
SHEET
 62
5
 10
53.0
 20
81.0
 30
0.0
 11
54.0
 21
81.0
 31
0.0
  0
LINE
  5
61E
  8
SHEET
 62
5
 10
54.0
 20
82.0
 30
0.0
 11
55.0
 21
82.0
 31
0.0
  0
LINE
  5
61F
  8
SHEET
 62
5
 10
54.0
 20
81.0
 30
0.0
 11
55.0
 21
81.0
 31
0.0
  0
LINE
  5
620
  8
SHEET
 62
5
 10
55.0
 20
82.0
 30
0.0
 11
56.0
 21
82.0
 31
0.0
  0
LINE
  5
621
  8
SHEET
 62
5
 10
55.0
 20
81.0
 30
0.0
 11
56.0
 21
81.0
 31
0.0
  0
LINE
  5
622
  8
SHEET
 62
5
 10
56.0
 20
82.0
 30
0.0
 11
57.0
 21
82.0
 31
0.0
  0
LINE
  5
623
  8
SHEET
 62
5
 10
56.0
 20
81.0
 30
0.0
 11
57.0
 21
81.0
 31
0.0
  0
LINE
  5
624
  8
SHEET
 62
5
 10
57.0
 20
82.0
 30
0.0
 11
58.0
 21
82.0
 31
0.0
  0
LINE
  5
625
  8
SHEET
 62
5
 10
57.0
 20
81.0
 30
0.0
 11
58.0
 21
81.0
 31
0.0
  0
LINE
  5
626
  8
SHEET
 62
5
 10
58.0
 20
82.0
 30
0.0
 11
59.0
 21
82.0
 31
0.0
  0
LINE
  5
627
  8
SHEET
 62
5
 10
58.0
 20
81.0
 30
0.0
 11
59.0
 21
81.0
 31
0.0
  0
LINE
  5
628
  8
SHEET
 62
5
 10
59.0
 20
82.0
 30
0.0
 11
60.0
 21
82.0
 31
0.0
  0
LINE
  5
629
  8
SHEET
 62
5
 10
59.0
 20
81.0
 30
0.0
 11
60.0
 21
81.0
 31
0.0
  0
LINE
  5
62A
  8
SHEET
 62
5
 10
60.0
 20
82.0
 30
0.0
 11
61.0
 21
82.0
 31
0.0
  0
LINE
  5
62B
  8
SHEET
 62
5
 10
60.0
 20
81.0
 30
0.0
 11
61.0
 21
81.0
 31
0.0
  0
LINE
  5
62C
  8
SHEET
 62
5
 10
61.0
 20
82.0
 30
0.0
 11
62.0
 21
82.0
 31
0.0
  0
LINE
  5
62D
  8
SHEET
 62
5
 10
61.0
 20
81.0
 30
0.0
 11
62.0
 21
81.0
 31
0.0
  0
LINE
  5
62E
  8
SHEET
 62
5
 10
62.0
 20
82.0
 30
0.0
 11
63.0
 21
82.0
 31
0.0
  0
LINE
  5
62F
  8
SHEET
 62
5
 10
62.0
 20
81.0
 30
0.0
 11
63.0
 21
81.0
 31
0.0
  0
LINE
  5
630
  8
SHEET
 62
5
 10
63.0
 20
82.0
 30
0.0
 11
64.0
 21
82.0
 31
0.0
  0
LINE
  5
631
  8
SHEET
 62
5
 10
63.0
 20
81.0
 30
0.0
 11
64.0
 21
81.0
 31
0.0
  0
LINE
  5
632
  8
SHEET
 62
5
 10
64.0
 20
82.0
 30
0.0
 11
65.0
 21
82.0
 31
0.0
  0
LINE
  5
633
  8
SHEET
 62
5
 10
64.0
 20
81.0
 30
0.0
 11
65.0
 21
81.0
 31
0.0
  0
LINE
  5
634
  8
SHEET
 62
5
 10
65.0
 20
82.0
 30
0.0
 11
66.0
 21
82.0
 31
0.0
  0
LINE
  5
635
  8
SHEET
 62
5
 10
65.0
 20
81.0
 30
0.0
 11
66.0
 21
81.0
 31
0.0
  0
LINE
  5
636
  8
SHEET
 62
5
 10
66.0
 20
82.0
 30
0.0
 11
67.0
 21
82.0
 31
0.0
  0
LINE
  5
637
  8
SHEET
 62
5
 10
66.0
 20
81.0
 30
0.0
 11
67.0
 21
81.0
 31
0.0
  0
LINE
  5
638
  8
SHEET
 62
5
 10
67.0
 20
82.0
 30
0.0
 11
68.0
 21
82.0
 31
0.0
  0
LINE
  5
639
  8
SHEET
 62
5
 10
67.0
 20
81.0
 30
0.0
 11
68.0
 21
81.0
 31
0.0
  0
LINE
  5
63A
  8
SHEET
 62
5
 10
68.0
 20
82.0
 30
0.0
 11
69.0
 21
82.0
 31
0.0
  0
LINE
  5
63B
  8
SHEET
 62
5
 10
68.0
 20
81.0
 30
0.0
 11
69.0
 21
81.0
 31
0.0
  0
LINE
  5
63C
  8
SHEET
 62
5
 10
69.0
 20
82.0
 30
0.0
 11
70.0
 21
82.0
 31
0.0
  0
LINE
  5
63D
  8
SHEET
 62
5
 10
69.0
 20
81.0
 30
0.0
 11
70.0
 21
81.0
 31
0.0
  0
LINE
  5
63E
  8
SHEET
 62
5
 10
70.0
 20
82.0
 30
0.0
 11
71.0
 21
82.0
 31
0.0
  0
LINE
  5
63F
  8
SHEET
 62
5
 10
70.0
 20
81.0
 30
0.0
 11
71.0
 21
81.0
 31
0.0
  0
LINE
  5
640
  8
SHEET
 62
5
 10
71.0
 20
82.0
 30
0.0
 11
72.0
 21
82.0
 31
0.0
  0
LINE
  5
641
  8
SHEET
 62
5
 10
71.0
 20
81.0
 30
0.0
 11
72.0
 21
81.0
 31
0.0
  0
LINE
  5
642
  8
SHEET
 62
5
 10
72.0
 20
82.0
 30
0.0
 11
73.0
 21
82.0
 31
0.0
  0
LINE
  5
643
  8
SHEET
 62
5
 10
72.0
 20
81.0
 30
0.0
 11
73.0
 21
81.0
 31
0.0
  0
LINE
  5
644
  8
SHEET
 62
5
 10
73.0
 20
82.0
 30
0.0
 11
74.0
 21
82.0
 31
0.0
  0
LINE
  5
645
  8
SHEET
 62
5
 10
73.0
 20
81.0
 30
0.0
 11
74.0
 21
81.0
 31
0.0
  0
LINE
  5
646
  8
SHEET
 62
5
 10
74.0
 20
82.0
 30
0.0
 11
75.0
 21
82.0
 31
0.0
  0
LINE
  5
647
  8
SHEET
 62
5
 10
74.0
 20
81.0
 30
0.0
 11
75.0
 21
81.0
 31
0.0
  0
LINE
  5
648
  8
SHEET
 62
5
 10
75.0
 20
82.0
 30
0.0
 11
76.0
 21
82.0
 31
0.0
  0
LINE
  5
649
  8
SHEET
 62
5
 10
75.0
 20
81.0
 30
0.0
 11
76.0
 21
81.0
 31
0.0
  0
LINE
  5
64A
  8
SHEET
 62
5
 10
76.0
 20
82.0
 30
0.0
 11
77.0
 21
82.0
 31
0.0
  0
LINE
  5
64B
  8
SHEET
 62
5
 10
76.0
 20
81.0
 30
0.0
 11
77.0
 21
81.0
 31
0.0
  0
LINE
  5
64C
  8
SHEET
 62
5
 10
77.0
 20
82.0
 30
0.0
 11
78.0
 21
82.0
 31
0.0
  0
LINE
  5
64D
  8
SHEET
 62
5
 10
77.0
 20
81.0
 30
0.0
 11
78.0
 21
81.0
 31
0.0
  0
LINE
  5
64E
  8
SHEET
 62
5
 10
78.0
 20
82.0
 30
0.0
 11
79.0
 21
82.0
 31
0.0
  0
LINE
  5
64F
  8
SHEET
 62
5
 10
78.0
 20
81.0
 30
0.0
 11
79.0
 21
81.0
 31
0.0
  0
LINE
  5
650
  8
SHEET
 62
5
 10
79.0
 20
82.0
 30
0.0
 11
80.0
 21
82.0
 31
0.0
  0
LINE
  5
651
  8
SHEET
 62
5
 10
79.0
 20
81.0
 30
0.0
 11
80.0
 21
81.0
 31
0.0
  0
LINE
  5
652
  8
SHEET
 62
5
 10
80.0
 20
82.0
 30
0.0
 11
81.0
 21
82.0
 31
0.0
  0
LINE
  5
653
  8
SHEET
 62
5
 10
80.0
 20
81.0
 30
0.0
 11
81.0
 21
81.0
 31
0.0
  0
LINE
  5
654
  8
SHEET
 62
5
 10
81.0
 20
82.0
 30
0.0
 11
82.0
 21
82.0
 31
0.0
  0
LINE
  5
655
  8
SHEET
 62
5
 10
81.0
 20
81.0
 30
0.0
 11
82.0
 21
81.0
 31
0.0
  0
LINE
  5
656
  8
SHEET
 62
5
 10
82.0
 20
82.0
 30
0.0
 11
83.0
 21
82.0
 31
0.0
  0
LINE
  5
657
  8
SHEET
 62
5
 10
82.0
 20
81.0
 30
0.0
 11
83.0
 21
81.0
 31
0.0
  0
LINE
  5
658
  8
SHEET
 62
5
 10
83.0
 20
82.0
 30
0.0
 11
84.0
 21
82.0
 31
0.0
  0
LINE
  5
659
  8
SHEET
 62
5
 10
83.0
 20
81.0
 30
0.0
 11
84.0
 21
81.0
 31
0.0
  0
LINE
  5
65A
  8
SHEET
 62
5
 10
84.0
 20
82.0
 30
0.0
 11
85.0
 21
82.0
 31
0.0
  0
LINE
  5
65B
  8
SHEET
 62
5
 10
84.0
 20
81.0
 30
0.0
 11
85.0
 21
81.0
 31
0.0
  0
LINE
  5
65C
  8
SHEET
 62
5
 10
85.0
 20
82.0
 30
0.0
 11
86.0
 21
82.0
 31
0.0
  0
LINE
  5
65D
  8
SHEET
 62
5
 10
85.0
 20
81.0
 30
0.0
 11
86.0
 21
81.0
 31
0.0
  0
LINE
  5
65E
  8
SHEET
 62
5
 10
86.0
 20
82.0
 30
0.0
 11
87.0
 21
82.0
 31
0.0
  0
LINE
  5
65F
  8
SHEET
 62
5
 10
86.0
 20
81.0
 30
0.0
 11
87.0
 21
81.0
 31
0.0
  0
LINE
  5
660
  8
SHEET
 62
5
 10
87.0
 20
82.0
 30
0.0
 11
88.0
 21
82.0
 31
0.0
  0
LINE
  5
661
  8
SHEET
 62
5
 10
87.0
 20
81.0
 30
0.0
 11
88.0
 21
81.0
 31
0.0
  0
LINE
  5
662
  8
SHEET
 62
5
 10
88.0
 20
82.0
 30
0.0
 11
89.0
 21
82.0
 31
0.0
  0
LINE
  5
663
  8
SHEET
 62
5
 10
88.0
 20
81.0
 30
0.0
 11
89.0
 21
81.0
 31
0.0
  0
LINE
  5
664
  8
SHEET
 62
5
 10
89.0
 20
82.0
 30
0.0
 11
90.0
 21
82.0
 31
0.0
  0
LINE
  5
665
  8
SHEET
 62
5
 10
89.0
 20
81.0
 30
0.0
 11
90.0
 21
81.0
 31
0.0
  0
LINE
  5
666
  8
SHEET
 62
5
 10
90.0
 20
82.0
 30
0.0
 11
91.0
 21
82.0
 31
0.0
  0
LINE
  5
667
  8
SHEET
 62
5
 10
90.0
 20
81.0
 30
0.0
 11
91.0
 21
81.0
 31
0.0
  0
LINE
  5
668
  8
SHEET
 62
5
 10
91.0
 20
82.0
 30
0.0
 11
92.0
 21
82.0
 31
0.0
  0
LINE
  5
669
  8
SHEET
 62
5
 10
91.0
 20
81.0
 30
0.0
 11
92.0
 21
81.0
 31
0.0
  0
LINE
  5
66A
  8
SHEET
 62
5
 10
92.0
 20
82.0
 30
0.0
 11
93.0
 21
82.0
 31
0.0
  0
LINE
  5
66B
  8
SHEET
 62
5
 10
92.0
 20
81.0
 30
0.0
 11
93.0
 21
81.0
 31
0.0
  0
LINE
  5
66C
  8
SHEET
 62
5
 10
93.0
 20
82.0
 30
0.0
 11
94.0
 21
82.0
 31
0.0
  0
LINE
  5
66D
  8
SHEET
 62
5
 10
93.0
 20
81.0
 30
0.0
 11
94.0
 21
81.0
 31
0.0
  0
LINE
  5
66E
  8
SHEET
 62
5
 10
94.0
 20
82.0
 30
0.0
 11
95.0
 21
82.0
 31
0.0
  0
LINE
  5
66F
  8
SHEET
 62
5
 10
94.0
 20
81.0
 30
0.0
 11
95.0
 21
81.0
 31
0.0
  0
LINE
  5
670
  8
SHEET
 62
5
 10
95.0
 20
82.0
 30
0.0
 11
96.0
 21
82.0
 31
0.0
  0
LINE
  5
671
  8
SHEET
 62
5
 10
95.0
 20
81.0
 30
0.0
 11
96.0
 21
81.0
 31
0.0
  0
LINE
  5
672
  8
SHEET
 62
5
 10
96.0
 20
82.0
 30
0.0
 11
97.0
 21
82.0
 31
0.0
  0
LINE
  5
673
  8
SHEET
 62
5
 10
96.0
 20
81.0
 30
0.0
 11
97.0
 21
81.0
 31
0.0
  0
LINE
  5
674
  8
SHEET
 62
5
 10
97.0
 20
82.0
 30
0.0
 11
98.0
 21
82.0
 31
0.0
  0
LINE
  5
675
  8
SHEET
 62
5
 10
97.0
 20
81.0
 30
0.0
 11
98.0
 21
81.0
 31
0.0
  0
LINE
  5
676
  8
SHEET
 62
5
 10
98.0
 20
82.0
 30
0.0
 11
99.0
 21
82.0
 31
0.0
  0
LINE
  5
677
  8
SHEET
 62
5
 10
98.0
 20
81.0
 30
0.0
 11
99.0
 21
81.0
 31
0.0
  0
LINE
  5
678
  8
SHEET
 62
5
 10
99.0
 20
82.0
 30
0.0
 11
100.0
 21
82.0
 31
0.0
  0
LINE
  5
679
  8
SHEET
 62
5
 10
99.0
 20
81.0
 30
0.0
 11
100.0
 21
81.0
 31
0.0
  0
LINE
  5
67A
  8
SHEET
 62
5
 10
100.0
 20
82.0
 30
0.0
 11
101.0
 21
82.0
 31
0.0
  0
LINE
  5
67B
  8
SHEET
 62
5
 10
100.0
 20
81.0
 30
0.0
 11
101.0
 21
81.0
 31
0.0
  0
LINE
  5
67C
  8
SHEET
 62
5
 10
101.0
 20
82.0
 30
0.0
 11
102.0
 21
82.0
 31
0.0
  0
LINE
  5
67D
  8
SHEET
 62
5
 10
101.0
 20
81.0
 30
0.0
 11
102.0
 21
81.0
 31
0.0
  0
LINE
  5
67E
  8
SHEET
 62
5
 10
102.0
 20
82.0
 30
0.0
 11
103.0
 21
82.0
 31
0.0
  0
LINE
  5
67F
  8
SHEET
 62
5
 10
102.0
 20
81.0
 30
0.0
 11
103.0
 21
81.0
 31
0.0
  0
LINE
  5
680
  8
SHEET
 62
5
 10
103.0
 20
82.0
 30
0.0
 11
104.0
 21
82.0
 31
0.0
  0
LINE
  5
681
  8
SHEET
 62
5
 10
103.0
 20
81.0
 30
0.0
 11
104.0
 21
81.0
 31
0.0
  0
LINE
  5
682
  8
SHEET
 62
5
 10
104.0
 20
82.0
 30
0.0
 11
105.0
 21
82.0
 31
0.0
  0
LINE
  5
683
  8
SHEET
 62
5
 10
104.0
 20
81.0
 30
0.0
 11
105.0
 21
81.0
 31
0.0
  0
LINE
  5
684
  8
SHEET
 62
5
 10
105.0
 20
82.0
 30
0.0
 11
106.0
 21
82.0
 31
0.0
  0
LINE
  5
685
  8
SHEET
 62
5
 10
105.0
 20
81.0
 30
0.0
 11
106.0
 21
81.0
 31
0.0
  0
LINE
  5
686
  8
SHEET
 62
5
 10
106.0
 20
82.0
 30
0.0
 11
107.0
 21
82.0
 31
0.0
  0
LINE
  5
687
  8
SHEET
 62
5
 10
106.0
 20
81.0
 30
0.0
 11
107.0
 21
81.0
 31
0.0
  0
LINE
  5
688
  8
SHEET
 62
5
 10
107.0
 20
82.0
 30
0.0
 11
108.0
 21
82.0
 31
0.0
  0
LINE
  5
689
  8
SHEET
 62
5
 10
107.0
 20
81.0
 30
0.0
 11
108.0
 21
81.0
 31
0.0
  0
LINE
  5
68A
  8
SHEET
 62
5
 10
108.0
 20
82.0
 30
0.0
 11
109.0
 21
82.0
 31
0.0
  0
LINE
  5
68B
  8
SHEET
 62
5
 10
108.0
 20
81.0
 30
0.0
 11
109.0
 21
81.0
 31
0.0
  0
LINE
  5
68C
  8
SHEET
 62
5
 10
109.0
 20
82.0
 30
0.0
 11
110.0
 21
82.0
 31
0.0
  0
LINE
  5
68D
  8
SHEET
 62
5
 10
109.0
 20
81.0
 30
0.0
 11
110.0
 21
81.0
 31
0.0
  0
LINE
  5
68E
  8
SHEET
 62
5
 10
110.0
 20
82.0
 30
0.0
 11
111.0
 21
82.0
 31
0.0
  0
LINE
  5
68F
  8
SHEET
 62
5
 10
110.0
 20
81.0
 30
0.0
 11
111.0
 21
81.0
 31
0.0
  0
LINE
  5
690
  8
SHEET
 62
5
 10
111.0
 20
82.0
 30
0.0
 11
112.0
 21
82.0
 31
0.0
  0
LINE
  5
691
  8
SHEET
 62
5
 10
111.0
 20
81.0
 30
0.0
 11
112.0
 21
81.0
 31
0.0
  0
LINE
  5
692
  8
SHEET
 62
5
 10
112.0
 20
82.0
 30
0.0
 11
113.0
 21
82.0
 31
0.0
  0
LINE
  5
693
  8
SHEET
 62
5
 10
112.0
 20
81.0
 30
0.0
 11
113.0
 21
81.0
 31
0.0
  0
LINE
  5
694
  8
SHEET
 62
5
 10
113.0
 20
82.0
 30
0.0
 11
114.0
 21
82.0
 31
0.0
  0
LINE
  5
695
  8
SHEET
 62
5
 10
113.0
 20
81.0
 30
0.0
 11
114.0
 21
81.0
 31
0.0
  0
LINE
  5
696
  8
SHEET
 62
5
 10
114.0
 20
82.0
 30
0.0
 11
115.0
 21
82.0
 31
0.0
  0
LINE
  5
697
  8
SHEET
 62
5
 10
114.0
 20
81.0
 30
0.0
 11
115.0
 21
81.0
 31
0.0
  0
LINE
  5
698
  8
SHEET
 62
5
 10
115.0
 20
82.0
 30
0.0
 11
116.0
 21
82.0
 31
0.0
  0
LINE
  5
699
  8
SHEET
 62
5
 10
115.0
 20
81.0
 30
0.0
 11
116.0
 21
81.0
 31
0.0
  0
LINE
  5
69A
  8
SHEET
 62
5
 10
116.0
 20
82.0
 30
0.0
 11
117.0
 21
82.0
 31
0.0
  0
LINE
  5
69B
  8
SHEET
 62
5
 10
116.0
 20
81.0
 30
0.0
 11
117.0
 21
81.0
 31
0.0
  0
LINE
  5
69C
  8
SHEET
 62
5
 10
117.0
 20
82.0
 30
0.0
 11
118.0
 21
82.0
 31
0.0
  0
LINE
  5
69D
  8
SHEET
 62
5
 10
117.0
 20
81.0
 30
0.0
 11
118.0
 21
81.0
 31
0.0
  0
LINE
  5
69E
  8
SHEET
 62
5
 10
118.0
 20
82.0
 30
0.0
 11
119.0
 21
82.0
 31
0.0
  0
LINE
  5
69F
  8
SHEET
 62
5
 10
118.0
 20
81.0
 30
0.0
 11
119.0
 21
81.0
 31
0.0
  0
LINE
  5
6A0
  8
SHEET
 62
5
 10
119.0
 20
82.0
 30
0.0
 11
120.0
 21
82.0
 31
0.0
  0
LINE
  5
6A1
  8
SHEET
 62
5
 10
119.0
 20
81.0
 30
0.0
 11
120.0
 21
81.0
 31
0.0
  0
LINE
  5
6A2
  8
SHEET
 62
5
 10
120.0
 20
82.0
 30
0.0
 11
121.0
 21
82.0
 31
0.0
  0
LINE
  5
6A3
  8
SHEET
 62
5
 10
120.0
 20
81.0
 30
0.0
 11
121.0
 21
81.0
 31
0.0
  0
LINE
  5
6A4
  8
SHEET
 62
5
 10
121.0
 20
82.0
 30
0.0
 11
122.0
 21
82.0
 31
0.0
  0
LINE
  5
6A5
  8
SHEET
 62
5
 10
121.0
 20
81.0
 30
0.0
 11
122.0
 21
81.0
 31
0.0
  0
LINE
  5
6A6
  8
SHEET
 62
5
 10
122.0
 20
82.0
 30
0.0
 11
123.0
 21
82.0
 31
0.0
  0
LINE
  5
6A7
  8
SHEET
 62
5
 10
122.0
 20
81.0
 30
0.0
 11
123.0
 21
81.0
 31
0.0
  0
LINE
  5
6A8
  8
SHEET
 62
5
 10
123.0
 20
82.0
 30
0.0
 11
124.0
 21
82.0
 31
0.0
  0
LINE
  5
6A9
  8
SHEET
 62
5
 10
123.0
 20
81.0
 30
0.0
 11
124.0
 21
81.0
 31
0.0
  0
LINE
  5
6AA
  8
SHEET
 62
5
 10
124.0
 20
82.0
 30
0.0
 11
125.0
 21
82.0
 31
0.0
  0
LINE
  5
6AB
  8
SHEET
 62
5
 10
124.0
 20
81.0
 30
0.0
 11
125.0
 21
81.0
 31
0.0
  0
LINE
  5
6AC
  8
SHEET
 62
5
 10
125.0
 20
82.0
 30
0.0
 11
126.0
 21
82.0
 31
0.0
  0
LINE
  5
6AD
  8
SHEET
 62
5
 10
125.0
 20
81.0
 30
0.0
 11
126.0
 21
81.0
 31
0.0
  0
LINE
  5
6AE
  8
SHEET
 62
5
 10
126.0
 20
82.0
 30
0.0
 11
127.0
 21
82.0
 31
0.0
  0
LINE
  5
6AF
  8
SHEET
 62
5
 10
126.0
 20
81.0
 30
0.0
 11
127.0
 21
81.0
 31
0.0
  0
LINE
  5
6B0
  8
SHEET
 62
5
 10
127.0
 20
82.0
 30
0.0
 11
128.0
 21
82.0
 31
0.0
  0
LINE
  5
6B1
  8
SHEET
 62
5
 10
127.0
 20
81.0
 30
0.0
 11
128.0
 21
81.0
 31
0.0
  0
LINE
  5
6B2
  8
SHEET
 62
5
 10
128.0
 20
82.0
 30
0.0
 11
129.0
 21
82.0
 31
0.0
  0
LINE
  5
6B3
  8
SHEET
 62
5
 10
128.0
 20
81.0
 30
0.0
 11
129.0
 21
81.0
 31
0.0
  0
LINE
  5
6B4
  8
SHEET
 62
5
 10
129.0
 20
82.0
 30
0.0
 11
130.0
 21
82.0
 31
0.0
  0
LINE
  5
6B5
  8
SHEET
 62
5
 10
129.0
 20
81.0
 30
0.0
 11
130.0
 21
81.0
 31
0.0
  0
LINE
  5
6B6
  8
SHEET
 62
5
 10
130.0
 20
82.0
 30
0.0
 11
131.0
 21
82.0
 31
0.0
  0
LINE
  5
6B7
  8
SHEET
 62
5
 10
130.0
 20
81.0
 30
0.0
 11
131.0
 21
81.0
 31
0.0
  0
LINE
  5
6B8
  8
SHEET
 62
5
 10
131.0
 20
82.0
 30
0.0
 11
132.0
 21
82.0
 31
0.0
  0
LINE
  5
6B9
  8
SHEET
 62
5
 10
131.0
 20
81.0
 30
0.0
 11
132.0
 21
81.0
 31
0.0
  0
LINE
  5
6BA
  8
SHEET
 62
5
 10
132.0
 20
82.0
 30
0.0
 11
133.0
 21
82.0
 31
0.0
  0
LINE
  5
6BB
  8
SHEET
 62
5
 10
132.0
 20
81.0
 30
0.0
 11
133.0
 21
81.0
 31
0.0
  0
LINE
  5
6BC
  8
SHEET
 62
5
 10
133.0
 20
82.0
 30
0.0
 11
134.0
 21
82.0
 31
0.0
  0
LINE
  5
6BD
  8
SHEET
 62
5
 10
133.0
 20
81.0
 30
0.0
 11
134.0
 21
81.0
 31
0.0
  0
LINE
  5
6BE
  8
SHEET
 62
5
 10
134.0
 20
82.0
 30
0.0
 11
135.0
 21
82.0
 31
0.0
  0
LINE
  5
6BF
  8
SHEET
 62
5
 10
134.0
 20
81.0
 30
0.0
 11
135.0
 21
81.0
 31
0.0
  0
LINE
  5
6C0
  8
SHEET
 62
5
 10
135.0
 20
82.0
 30
0.0
 11
136.0
 21
82.0
 31
0.0
  0
LINE
  5
6C1
  8
SHEET
 62
5
 10
135.0
 20
81.0
 30
0.0
 11
136.0
 21
81.0
 31
0.0
  0
LINE
  5
6C2
  8
SHEET
 62
5
 10
136.0
 20
82.0
 30
0.0
 11
137.0
 21
82.0
 31
0.0
  0
LINE
  5
6C3
  8
SHEET
 62
5
 10
136.0
 20
81.0
 30
0.0
 11
137.0
 21
81.0
 31
0.0
  0
LINE
  5
6C4
  8
SHEET
 62
5
 10
137.0
 20
82.0
 30
0.0
 11
138.0
 21
82.0
 31
0.0
  0
LINE
  5
6C5
  8
SHEET
 62
5
 10
137.0
 20
81.0
 30
0.0
 11
138.0
 21
81.0
 31
0.0
  0
LINE
  5
6C6
  8
SHEET
 62
5
 10
138.0
 20
82.0
 30
0.0
 11
139.0
 21
82.0
 31
0.0
  0
LINE
  5
6C7
  8
SHEET
 62
5
 10
138.0
 20
81.0
 30
0.0
 11
139.0
 21
81.0
 31
0.0
  0
LINE
  5
6C8
  8
SHEET
 62
5
 10
139.0
 20
82.0
 30
0.0
 11
140.0
 21
82.0
 31
0.0
  0
LINE
  5
6C9
  8
SHEET
 62
5
 10
139.0
 20
81.0
 30
0.0
 11
140.0
 21
81.0
 31
0.0
  0
LINE
  5
6CA
  8
SHEET
 62
5
 10
140.0
 20
82.0
 30
0.0
 11
141.0
 21
82.0
 31
0.0
  0
LINE
  5
6CB
  8
SHEET
 62
5
 10
140.0
 20
81.0
 30
0.0
 11
141.0
 21
81.0
 31
0.0
  0
LINE
  5
6CC
  8
SHEET
 62
5
 10
141.0
 20
82.0
 30
0.0
 11
142.0
 21
82.0
 31
0.0
  0
LINE
  5
6CD
  8
SHEET
 62
5
 10
141.0
 20
81.0
 30
0.0
 11
142.0
 21
81.0
 31
0.0
  0
LINE
  5
6CE
  8
SHEET
 62
5
 10
142.0
 20
82.0
 30
0.0
 11
143.0
 21
82.0
 31
0.0
  0
LINE
  5
6CF
  8
SHEET
 62
5
 10
142.0
 20
81.0
 30
0.0
 11
143.0
 21
81.0
 31
0.0
  0
LINE
  5
6D0
  8
SHEET
 62
5
 10
143.0
 20
82.0
 30
0.0
 11
144.0
 21
82.0
 31
0.0
  0
LINE
  5
6D1
  8
SHEET
 62
5
 10
143.0
 20
81.0
 30
0.0
 11
144.0
 21
81.0
 31
0.0
  0
LINE
  5
6D2
  8
SHEET
 62
5
 10
144.0
 20
82.0
 30
0.0
 11
145.0
 21
82.0
 31
0.0
  0
LINE
  5
6D3
  8
SHEET
 62
5
 10
144.0
 20
81.0
 30
0.0
 11
145.0
 21
81.0
 31
0.0
  0
LINE
  5
6D4
  8
SHEET
 62
5
 10
145.0
 20
82.0
 30
0.0
 11
146.0
 21
82.0
 31
0.0
  0
LINE
  5
6D5
  8
SHEET
 62
5
 10
145.0
 20
81.0
 30
0.0
 11
146.0
 21
81.0
 31
0.0
  0
LINE
  5
6D6
  8
SHEET
 62
5
 10
146.0
 20
82.0
 30
0.0
 11
147.0
 21
82.0
 31
0.0
  0
LINE
  5
6D7
  8
SHEET
 62
5
 10
146.0
 20
81.0
 30
0.0
 11
147.0
 21
81.0
 31
0.0
  0
LINE
  5
6D8
  8
SHEET
 62
5
 10
147.0
 20
82.0
 30
0.0
 11
148.0
 21
82.0
 31
0.0
  0
LINE
  5
6D9
  8
SHEET
 62
5
 10
147.0
 20
81.0
 30
0.0
 11
148.0
 21
81.0
 31
0.0
  0
LINE
  5
6DA
  8
SHEET
 62
5
 10
148.0
 20
82.0
 30
0.0
 11
149.0
 21
82.0
 31
0.0
  0
LINE
  5
6DB
  8
SHEET
 62
5
 10
148.0
 20
81.0
 30
0.0
 11
149.0
 21
81.0
 31
0.0
  0
LINE
  5
6DC
  8
SHEET
 62
5
 10
149.0
 20
82.0
 30
0.0
 11
150.0
 21
82.0
 31
0.0
  0
LINE
  5
6DD
  8
SHEET
 62
5
 10
149.0
 20
81.0
 30
0.0
 11
150.0
 21
81.0
 31
0.0
  0
LINE
  5
6DE
  8
SHEET
 62
5
 10
150.0
 20
82.0
 30
0.0
 11
151.0
 21
82.0
 31
0.0
  0
LINE
  5
6DF
  8
SHEET
 62
5
 10
150.0
 20
81.0
 30
0.0
 11
151.0
 21
81.0
 31
0.0
  0
LINE
  5
6E0
  8
SHEET
 62
5
 10
151.0
 20
82.0
 30
0.0
 11
152.0
 21
82.0
 31
0.0
  0
LINE
  5
6E1
  8
SHEET
 62
5
 10
151.0
 20
81.0
 30
0.0
 11
152.0
 21
81.0
 31
0.0
  0
LINE
  5
6E2
  8
SHEET
 62
5
 10
152.0
 20
82.0
 30
0.0
 11
153.0
 21
82.0
 31
0.0
  0
LINE
  5
6E3
  8
SHEET
 62
5
 10
152.0
 20
81.0
 30
0.0
 11
153.0
 21
81.0
 31
0.0
  0
LINE
  5
6E4
  8
SHEET
 62
5
 10
153.0
 20
82.0
 30
0.0
 11
154.0
 21
82.0
 31
0.0
  0
LINE
  5
6E5
  8
SHEET
 62
5
 10
153.0
 20
81.0
 30
0.0
 11
154.0
 21
81.0
 31
0.0
  0
LINE
  5
6E6
  8
SHEET
 62
5
 10
154.0
 20
82.0
 30
0.0
 11
155.0
 21
82.0
 31
0.0
  0
LINE
  5
6E7
  8
SHEET
 62
5
 10
154.0
 20
81.0
 30
0.0
 11
155.0
 21
81.0
 31
0.0
  0
LINE
  5
6E8
  8
SHEET
 62
5
 10
155.0
 20
82.0
 30
0.0
 11
156.0
 21
82.0
 31
0.0
  0
LINE
  5
6E9
  8
SHEET
 62
5
 10
155.0
 20
81.0
 30
0.0
 11
156.0
 21
81.0
 31
0.0
  0
LINE
  5
6EA
  8
SHEET
 62
5
 10
156.0
 20
82.0
 30
0.0
 11
157.0
 21
82.0
 31
0.0
  0
LINE
  5
6EB
  8
SHEET
 62
5
 10
156.0
 20
81.0
 30
0.0
 11
157.0
 21
81.0
 31
0.0
  0
LINE
  5
6EC
  8
SHEET
 62
5
 10
157.0
 20
82.0
 30
0.0
 11
158.0
 21
82.0
 31
0.0
  0
LINE
  5
6ED
  8
SHEET
 62
5
 10
157.0
 20
81.0
 30
0.0
 11
158.0
 21
81.0
 31
0.0
  0
LINE
  5
6EE
  8
SHEET
 62
5
 10
158.0
 20
82.0
 30
0.0
 11
159.0
 21
82.0
 31
0.0
  0
LINE
  5
6EF
  8
SHEET
 62
5
 10
158.0
 20
81.0
 30
0.0
 11
159.0
 21
81.0
 31
0.0
  0
LINE
  5
6F0
  8
SHEET
 62
5
 10
159.0
 20
82.0
 30
0.0
 11
160.0
 21
82.0
 31
0.0
  0
LINE
  5
6F1
  8
SHEET
 62
5
 10
159.0
 20
81.0
 30
0.0
 11
160.0
 21
81.0
 31
0.0
  0
LINE
  5
6F2
  8
SHEET
 62
5
 10
160.0
 20
82.0
 30
0.0
 11
161.0
 21
82.0
 31
0.0
  0
LINE
  5
6F3
  8
SHEET
 62
5
 10
160.0
 20
81.0
 30
0.0
 11
161.0
 21
81.0
 31
0.0
  0
LINE
  5
6F4
  8
SHEET
 62
5
 10
161.0
 20
82.0
 30
0.0
 11
162.0
 21
82.0
 31
0.0
  0
LINE
  5
6F5
  8
SHEET
 62
5
 10
161.0
 20
81.0
 30
0.0
 11
162.0
 21
81.0
 31
0.0
  0
LINE
  5
6F6
  8
SHEET
 62
5
 10
162.0
 20
82.0
 30
0.0
 11
163.0
 21
82.0
 31
0.0
  0
LINE
  5
6F7
  8
SHEET
 62
5
 10
162.0
 20
81.0
 30
0.0
 11
163.0
 21
81.0
 31
0.0
  0
LINE
  5
6F8
  8
SHEET
 62
5
 10
163.0
 20
82.0
 30
0.0
 11
164.0
 21
82.0
 31
0.0
  0
LINE
  5
6F9
  8
SHEET
 62
5
 10
163.0
 20
81.0
 30
0.0
 11
164.0
 21
81.0
 31
0.0
  0
LINE
  5
6FA
  8
SHEET
 62
5
 10
164.0
 20
82.0
 30
0.0
 11
165.0
 21
82.0
 31
0.0
  0
LINE
  5
6FB
  8
SHEET
 62
5
 10
164.0
 20
81.0
 30
0.0
 11
165.0
 21
81.0
 31
0.0
  0
LINE
  5
6FC
  8
SHEET
 62
5
 10
165.0
 20
82.0
 30
0.0
 11
166.0
 21
82.0
 31
0.0
  0
LINE
  5
6FD
  8
SHEET
 62
5
 10
165.0
 20
81.0
 30
0.0
 11
166.0
 21
81.0
 31
0.0
  0
LINE
  5
6FE
  8
SHEET
 62
5
 10
166.0
 20
82.0
 30
0.0
 11
167.0
 21
82.0
 31
0.0
  0
LINE
  5
6FF
  8
SHEET
 62
5
 10
166.0
 20
81.0
 30
0.0
 11
167.0
 21
81.0
 31
0.0
  0
LINE
  5
700
  8
SHEET
 62
5
 10
167.0
 20
82.0
 30
0.0
 11
168.0
 21
82.0
 31
0.0
  0
LINE
  5
701
  8
SHEET
 62
5
 10
167.0
 20
81.0
 30
0.0
 11
168.0
 21
81.0
 31
0.0
  0
LINE
  5
702
  8
SHEET
 62
5
 10
168.0
 20
82.0
 30
0.0
 11
169.0
 21
82.0
 31
0.0
  0
LINE
  5
703
  8
SHEET
 62
5
 10
168.0
 20
81.0
 30
0.0
 11
169.0
 21
81.0
 31
0.0
  0
LINE
  5
704
  8
SHEET
 62
5
 10
169.0
 20
82.0
 30
0.0
 11
170.0
 21
82.0
 31
0.0
  0
LINE
  5
705
  8
SHEET
 62
5
 10
169.0
 20
81.0
 30
0.0
 11
170.0
 21
81.0
 31
0.0
  0
LINE
  5
706
  8
SHEET
 62
5
 10
170.0
 20
82.0
 30
0.0
 11
171.0
 21
82.0
 31
0.0
  0
LINE
  5
707
  8
SHEET
 62
5
 10
170.0
 20
81.0
 30
0.0
 11
171.0
 21
81.0
 31
0.0
  0
LINE
  5
708
  8
SHEET
 62
5
 10
171.0
 20
82.0
 30
0.0
 11
172.0
 21
82.0
 31
0.0
  0
LINE
  5
709
  8
SHEET
 62
5
 10
171.0
 20
81.0
 30
0.0
 11
172.0
 21
81.0
 31
0.0
  0
LINE
  5
70A
  8
SHEET
 62
5
 10
172.0
 20
82.0
 30
0.0
 11
173.0
 21
82.0
 31
0.0
  0
LINE
  5
70B
  8
SHEET
 62
5
 10
172.0
 20
81.0
 30
0.0
 11
173.0
 21
81.0
 31
0.0
  0
LINE
  5
70C
  8
SHEET
 62
5
 10
173.0
 20
82.0
 30
0.0
 11
174.0
 21
82.0
 31
0.0
  0
LINE
  5
70D
  8
SHEET
 62
5
 10
173.0
 20
81.0
 30
0.0
 11
174.0
 21
81.0
 31
0.0
  0
LINE
  5
70E
  8
SHEET
 62
5
 10
174.0
 20
82.0
 30
0.0
 11
175.0
 21
82.0
 31
0.0
  0
LINE
  5
70F
  8
SHEET
 62
5
 10
174.0
 20
81.0
 30
0.0
 11
175.0
 21
81.0
 31
0.0
  0
LINE
  5
710
  8
SHEET
 62
5
 10
175.0
 20
82.0
 30
0.0
 11
176.0
 21
82.0
 31
0.0
  0
LINE
  5
711
  8
SHEET
 62
5
 10
175.0
 20
81.0
 30
0.0
 11
176.0
 21
81.0
 31
0.0
  0
LINE
  5
712
  8
SHEET
 62
5
 10
176.0
 20
82.0
 30
0.0
 11
177.0
 21
82.0
 31
0.0
  0
LINE
  5
713
  8
SHEET
 62
5
 10
176.0
 20
81.0
 30
0.0
 11
177.0
 21
81.0
 31
0.0
  0
LINE
  5
714
  8
SHEET
 62
5
 10
177.0
 20
82.0
 30
0.0
 11
178.0
 21
82.0
 31
0.0
  0
LINE
  5
715
  8
SHEET
 62
5
 10
177.0
 20
81.0
 30
0.0
 11
178.0
 21
81.0
 31
0.0
  0
LINE
  5
716
  8
SHEET
 62
5
 10
178.0
 20
82.0
 30
0.0
 11
179.0
 21
82.0
 31
0.0
  0
LINE
  5
717
  8
SHEET
 62
5
 10
178.0
 20
81.0
 30
0.0
 11
179.0
 21
81.0
 31
0.0
  0
LINE
  5
718
  8
SHEET
 62
5
 10
179.0
 20
82.0
 30
0.0
 11
180.0
 21
82.0
 31
0.0
  0
LINE
  5
719
  8
SHEET
 62
5
 10
179.0
 20
81.0
 30
0.0
 11
180.0
 21
81.0
 31
0.0
  0
LINE
  5
71A
  8
SHEET
 62
5
 10
180.0
 20
81.0
 30
0.0
 11
180.0
 21
82.0
 31
0.0
  0
LINE
  5
71B
  8
SHEET
 62
5
 10
40.0
 20
80.0
 30
0.0
 11
40.0
 21
81.0
 31
0.0
  0
LINE
  5
71C
  8
SHEET
 62
7
 10
41.0
 20
81.0
 30
0.0
 11
42.0
 21
81.0
 31
0.0
  0
LINE
  5
71D
  8
SHEET
 62
5
 10
43.0
 20
80.0
 30
0.0
 11
43.0
 21
81.0
 31
0.0
  0
LINE
  5
71E
  8
SHEET
 62
5
 10
44.0
 20
80.0
 30
0.0
 11
44.0
 21
81.0
 31
0.0
  0
LINE
  5
71F
  8
SHEET
 62
5
 10
45.0
 20
80.0
 30
0.0
 11
45.0
 21
81.0
 31
0.0
  0
LINE
  5
720
  8
SHEET
 62
5
 10
40.0
 20
79.0
 30
0.0
 11
40.0
 21
80.0
 31
0.0
  0
LINE
  5
721
  8
SHEET
 62
5
 10
43.0
 20
79.0
 30
0.0
 11
43.0
 21
80.0
 31
0.0
  0
LINE
  5
722
  8
SHEET
 62
5
 10
44.0
 20
79.0
 30
0.0
 11
44.0
 21
80.0
 31
0.0
  0
LINE
  5
723
  8
SHEET
 62
5
 10
45.0
 20
79.0
 30
0.0
 11
45.0
 21
80.0
 31
0.0
  0
LINE
  5
724
  8
SHEET
 62
5
 10
40.0
 20
78.0
 30
0.0
 11
40.0
 21
79.0
 31
0.0
  0
LINE
  5
725
  8
SHEET
 62
5
 10
43.0
 20
78.0
 30
0.0
 11
43.0
 21
79.0
 31
0.0
  0
LINE
  5
726
  8
SHEET
 62
5
 10
44.0
 20
78.0
 30
0.0
 11
44.0
 21
79.0
 31
0.0
  0
LINE
  5
727
  8
SHEET
 62
5
 10
45.0
 20
78.0
 30
0.0
 11
45.0
 21
79.0
 31
0.0
  0
LINE
  5
728
  8
SHEET
 62
5
 10
40.0
 20
77.0
 30
0.0
 11
40.0
 21
78.0
 31
0.0
  0
LINE
  5
729
  8
SHEET
 62
5
 10
43.0
 20
77.0
 30
0.0
 11
43.0
 21
78.0
 31
0.0
  0
LINE
  5
72A
  8
SHEET
 62
5
 10
44.0
 20
77.0
 30
0.0
 11
44.0
 21
78.0
 31
0.0
  0
LINE
  5
72B
  8
SHEET
 62
5
 10
45.0
 20
77.0
 30
0.0
 11
45.0
 21
78.0
 31
0.0
  0
LINE
  5
72C
  8
SHEET
 62
5
 10
40.0
 20
76.0
 30
0.0
 11
40.0
 21
77.0
 31
0.0
  0
LINE
  5
72D
  8
SHEET
 62
5
 10
43.0
 20
76.0
 30
0.0
 11
43.0
 21
77.0
 31
0.0
  0
LINE
  5
72E
  8
SHEET
 62
5
 10
44.0
 20
76.0
 30
0.0
 11
44.0
 21
77.0
 31
0.0
  0
LINE
  5
72F
  8
SHEET
 62
5
 10
45.0
 20
76.0
 30
0.0
 11
45.0
 21
77.0
 31
0.0
  0
LINE
  5
730
  8
SHEET
 62
5
 10
40.0
 20
75.0
 30
0.0
 11
40.0
 21
76.0
 31
0.0
  0
LINE
  5
731
  8
SHEET
 62
5
 10
43.0
 20
75.0
 30
0.0
 11
43.0
 21
76.0
 31
0.0
  0
LINE
  5
732
  8
SHEET
 62
5
 10
44.0
 20
75.0
 30
0.0
 11
44.0
 21
76.0
 31
0.0
  0
LINE
  5
733
  8
SHEET
 62
5
 10
45.0
 20
75.0
 30
0.0
 11
45.0
 21
76.0
 31
0.0
  0
LINE
  5
734
  8
SHEET
 62
5
 10
40.0
 20
74.0
 30
0.0
 11
40.0
 21
75.0
 31
0.0
  0
LINE
  5
735
  8
SHEET
 62
5
 10
43.0
 20
74.0
 30
0.0
 11
43.0
 21
75.0
 31
0.0
  0
LINE
  5
736
  8
SHEET
 62
5
 10
44.0
 20
74.0
 30
0.0
 11
44.0
 21
75.0
 31
0.0
  0
LINE
  5
737
  8
SHEET
 62
5
 10
45.0
 20
74.0
 30
0.0
 11
45.0
 21
75.0
 31
0.0
  0
LINE
  5
738
  8
SHEET
 62
5
 10
40.0
 20
73.0
 30
0.0
 11
40.0
 21
74.0
 31
0.0
  0
LINE
  5
739
  8
SHEET
 62
5
 10
43.0
 20
73.0
 30
0.0
 11
43.0
 21
74.0
 31
0.0
  0
LINE
  5
73A
  8
SHEET
 62
5
 10
44.0
 20
73.0
 30
0.0
 11
44.0
 21
74.0
 31
0.0
  0
LINE
  5
73B
  8
SHEET
 62
5
 10
45.0
 20
73.0
 30
0.0
 11
45.0
 21
74.0
 31
0.0
  0
LINE
  5
73C
  8
SHEET
 62
5
 10
40.0
 20
72.0
 30
0.0
 11
40.0
 21
73.0
 31
0.0
  0
LINE
  5
73D
  8
SHEET
 62
5
 10
43.0
 20
72.0
 30
0.0
 11
43.0
 21
73.0
 31
0.0
  0
LINE
  5
73E
  8
SHEET
 62
5
 10
44.0
 20
72.0
 30
0.0
 11
44.0
 21
73.0
 31
0.0
  0
LINE
  5
73F
  8
SHEET
 62
5
 10
45.0
 20
72.0
 30
0.0
 11
45.0
 21
73.0
 31
0.0
  0
LINE
  5
740
  8
SHEET
 62
5
 10
40.0
 20
71.0
 30
0.0
 11
40.0
 21
72.0
 31
0.0
  0
LINE
  5
741
  8
SHEET
 62
5
 10
43.0
 20
71.0
 30
0.0
 11
43.0
 21
72.0
 31
0.0
  0
LINE
  5
742
  8
SHEET
 62
5
 10
44.0
 20
71.0
 30
0.0
 11
44.0
 21
72.0
 31
0.0
  0
LINE
  5
743
  8
SHEET
 62
5
 10
45.0
 20
71.0
 30
0.0
 11
45.0
 21
72.0
 31
0.0
  0
LINE
  5
744
  8
SHEET
 62
5
 10
40.0
 20
70.0
 30
0.0
 11
40.0
 21
71.0
 31
0.0
  0
LINE
  5
745
  8
SHEET
 62
5
 10
43.0
 20
70.0
 30
0.0
 11
43.0
 21
71.0
 31
0.0
  0
LINE
  5
746
  8
SHEET
 62
5
 10
44.0
 20
70.0
 30
0.0
 11
44.0
 21
71.0
 31
0.0
  0
LINE
  5
747
  8
SHEET
 62
5
 10
45.0
 20
70.0
 30
0.0
 11
45.0
 21
71.0
 31
0.0
  0
LINE
  5
748
  8
SHEET
 62
5
 10
40.0
 20
69.0
 30
0.0
 11
40.0
 21
70.0
 31
0.0
  0
LINE
  5
749
  8
SHEET
 62
5
 10
43.0
 20
69.0
 30
0.0
 11
43.0
 21
70.0
 31
0.0
  0
LINE
  5
74A
  8
SHEET
 62
5
 10
44.0
 20
69.0
 30
0.0
 11
44.0
 21
70.0
 31
0.0
  0
LINE
  5
74B
  8
SHEET
 62
5
 10
45.0
 20
69.0
 30
0.0
 11
45.0
 21
70.0
 31
0.0
  0
LINE
  5
74C
  8
SHEET
 62
5
 10
40.0
 20
68.0
 30
0.0
 11
40.0
 21
69.0
 31
0.0
  0
LINE
  5
74D
  8
SHEET
 62
5
 10
43.0
 20
68.0
 30
0.0
 11
43.0
 21
69.0
 31
0.0
  0
LINE
  5
74E
  8
SHEET
 62
5
 10
44.0
 20
68.0
 30
0.0
 11
44.0
 21
69.0
 31
0.0
  0
LINE
  5
74F
  8
SHEET
 62
5
 10
45.0
 20
68.0
 30
0.0
 11
45.0
 21
69.0
 31
0.0
  0
LINE
  5
750
  8
SHEET
 62
5
 10
40.0
 20
67.0
 30
0.0
 11
40.0
 21
68.0
 31
0.0
  0
LINE
  5
751
  8
SHEET
 62
5
 10
43.0
 20
67.0
 30
0.0
 11
43.0
 21
68.0
 31
0.0
  0
LINE
  5
752
  8
SHEET
 62
5
 10
44.0
 20
67.0
 30
0.0
 11
44.0
 21
68.0
 31
0.0
  0
LINE
  5
753
  8
SHEET
 62
5
 10
45.0
 20
67.0
 30
0.0
 11
45.0
 21
68.0
 31
0.0
  0
LINE
  5
754
  8
SHEET
 62
5
 10
40.0
 20
66.0
 30
0.0
 11
40.0
 21
67.0
 31
0.0
  0
LINE
  5
755
  8
SHEET
 62
5
 10
43.0
 20
66.0
 30
0.0
 11
43.0
 21
67.0
 31
0.0
  0
LINE
  5
756
  8
SHEET
 62
5
 10
44.0
 20
66.0
 30
0.0
 11
44.0
 21
67.0
 31
0.0
  0
LINE
  5
757
  8
SHEET
 62
5
 10
45.0
 20
66.0
 30
0.0
 11
45.0
 21
67.0
 31
0.0
  0
LINE
  5
758
  8
SHEET
 62
5
 10
74.0
 20
67.0
 30
0.0
 11
75.0
 21
67.0
 31
0.0
  0
LINE
  5
759
  8
SHEET
 62
5
 10
74.0
 20
66.0
 30
0.0
 11
75.0
 21
66.0
 31
0.0
  0
LINE
  5
75A
  8
SHEET
 62
5
 10
74.0
 20
66.0
 30
0.0
 11
74.0
 21
67.0
 31
0.0
  0
LINE
  5
75B
  8
SHEET
 62
5
 10
75.0
 20
66.0
 30
0.0
 11
75.0
 21
67.0
 31
0.0
  0
LINE
  5
75C
  8
SHEET
 62
5
 10
40.0
 20
65.0
 30
0.0
 11
40.0
 21
66.0
 31
0.0
  0
LINE
  5
75D
  8
SHEET
 62
5
 10
43.0
 20
65.0
 30
0.0
 11
43.0
 21
66.0
 31
0.0
  0
LINE
  5
75E
  8
SHEET
 62
5
 10
44.0
 20
65.0
 30
0.0
 11
44.0
 21
66.0
 31
0.0
  0
LINE
  5
75F
  8
SHEET
 62
5
 10
45.0
 20
65.0
 30
0.0
 11
45.0
 21
66.0
 31
0.0
  0
LINE
  5
760
  8
SHEET
 62
5
 10
72.0
 20
66.0
 30
0.0
 11
73.0
 21
66.0
 31
0.0
  0
LINE
  5
761
  8
SHEET
 62
5
 10
72.0
 20
65.0
 30
0.0
 11
73.0
 21
65.0
 31
0.0
  0
LINE
  5
762
  8
SHEET
 62
5
 10
72.0
 20
65.0
 30
0.0
 11
72.0
 21
66.0
 31
0.0
  0
LINE
  5
763
  8
SHEET
 62
5
 10
73.0
 20
66.0
 30
0.0
 11
74.0
 21
66.0
 31
0.0
  0
LINE
  5
764
  8
SHEET
 62
5
 10
74.0
 20
65.0
 30
0.0
 11
74.0
 21
66.0
 31
0.0
  0
LINE
  5
765
  8
SHEET
 62
5
 10
75.0
 20
66.0
 30
0.0
 11
76.0
 21
66.0
 31
0.0
  0
LINE
  5
766
  8
SHEET
 62
5
 10
75.0
 20
65.0
 30
0.0
 11
75.0
 21
66.0
 31
0.0
  0
LINE
  5
767
  8
SHEET
 62
5
 10
76.0
 20
65.0
 30
0.0
 11
76.0
 21
66.0
 31
0.0
  0
LINE
  5
768
  8
SHEET
 62
5
 10
40.0
 20
64.0
 30
0.0
 11
40.0
 21
65.0
 31
0.0
  0
LINE
  5
769
  8
SHEET
 62
5
 10
43.0
 20
64.0
 30
0.0
 11
43.0
 21
65.0
 31
0.0
  0
LINE
  5
76A
  8
SHEET
 62
5
 10
44.0
 20
64.0
 30
0.0
 11
44.0
 21
65.0
 31
0.0
  0
LINE
  5
76B
  8
SHEET
 62
5
 10
45.0
 20
64.0
 30
0.0
 11
45.0
 21
65.0
 31
0.0
  0
LINE
  5
76C
  8
SHEET
 62
5
 10
71.0
 20
65.0
 30
0.0
 11
72.0
 21
65.0
 31
0.0
  0
LINE
  5
76D
  8
SHEET
 62
5
 10
71.0
 20
64.0
 30
0.0
 11
71.0
 21
65.0
 31
0.0
  0
LINE
  5
76E
  8
SHEET
 62
5
 10
72.0
 20
64.0
 30
0.0
 11
72.0
 21
65.0
 31
0.0
  0
LINE
  5
76F
  8
SHEET
 62
7
 10
73.0
 20
64.0
 30
0.0
 11
73.0
 21
65.0
 31
0.0
  0
LINE
  5
770
  8
SHEET
 62
1
 10
74.0
 20
65.0
 30
0.0
 11
75.0
 21
65.0
 31
0.0
  0
LINE
  5
771
  8
SHEET
 62
5
 10
76.0
 20
65.0
 30
0.0
 11
77.0
 21
65.0
 31
0.0
  0
LINE
  5
772
  8
SHEET
 62
5
 10
76.0
 20
64.0
 30
0.0
 11
77.0
 21
64.0
 31
0.0
  0
LINE
  5
773
  8
SHEET
 62
5
 10
77.0
 20
64.0
 30
0.0
 11
77.0
 21
65.0
 31
0.0
  0
LINE
  5
774
  8
SHEET
 62
5
 10
78.0
 20
65.0
 30
0.0
 11
79.0
 21
65.0
 31
0.0
  0
LINE
  5
775
  8
SHEET
 62
5
 10
78.0
 20
64.0
 30
0.0
 11
78.0
 21
65.0
 31
0.0
  0
LINE
  5
776
  8
SHEET
 62
5
 10
79.0
 20
65.0
 30
0.0
 11
80.0
 21
65.0
 31
0.0
  0
LINE
  5
777
  8
SHEET
 62
5
 10
80.0
 20
64.0
 30
0.0
 11
80.0
 21
65.0
 31
0.0
  0
LINE
  5
778
  8
SHEET
 62
5
 10
40.0
 20
63.0
 30
0.0
 11
40.0
 21
64.0
 31
0.0
  0
LINE
  5
779
  8
SHEET
 62
5
 10
43.0
 20
63.0
 30
0.0
 11
43.0
 21
64.0
 31
0.0
  0
LINE
  5
77A
  8
SHEET
 62
5
 10
44.0
 20
63.0
 30
0.0
 11
44.0
 21
64.0
 31
0.0
  0
LINE
  5
77B
  8
SHEET
 62
5
 10
45.0
 20
63.0
 30
0.0
 11
45.0
 21
64.0
 31
0.0
  0
LINE
  5
77C
  8
SHEET
 62
5
 10
70.0
 20
64.0
 30
0.0
 11
71.0
 21
64.0
 31
0.0
  0
LINE
  5
77D
  8
SHEET
 62
5
 10
70.0
 20
63.0
 30
0.0
 11
70.0
 21
64.0
 31
0.0
  0
LINE
  5
77E
  8
SHEET
 62
1
 10
72.0
 20
64.0
 30
0.0
 11
73.0
 21
64.0
 31
0.0
  0
LINE
  5
77F
  8
SHEET
 62
1
 10
76.0
 20
63.0
 30
0.0
 11
76.0
 21
64.0
 31
0.0
  0
LINE
  5
780
  8
SHEET
 62
5
 10
77.0
 20
64.0
 30
0.0
 11
78.0
 21
64.0
 31
0.0
  0
LINE
  5
781
  8
SHEET
 62
5
 10
77.0
 20
63.0
 30
0.0
 11
78.0
 21
63.0
 31
0.0
  0
LINE
  5
782
  8
SHEET
 62
5
 10
77.0
 20
63.0
 30
0.0
 11
77.0
 21
64.0
 31
0.0
  0
LINE
  5
783
  8
SHEET
 62
5
 10
80.0
 20
64.0
 30
0.0
 11
81.0
 21
64.0
 31
0.0
  0
LINE
  5
784
  8
SHEET
 62
5
 10
80.0
 20
63.0
 30
0.0
 11
81.0
 21
63.0
 31
0.0
  0
LINE
  5
785
  8
SHEET
 62
5
 10
81.0
 20
63.0
 30
0.0
 11
81.0
 21
64.0
 31
0.0
  0
LINE
  5
786
  8
SHEET
 62
5
 10
40.0
 20
62.0
 30
0.0
 11
40.0
 21
63.0
 31
0.0
  0
LINE
  5
787
  8
SHEET
 62
5
 10
43.0
 20
62.0
 30
0.0
 11
43.0
 21
63.0
 31
0.0
  0
LINE
  5
788
  8
SHEET
 62
5
 10
44.0
 20
62.0
 30
0.0
 11
44.0
 21
63.0
 31
0.0
  0
LINE
  5
789
  8
SHEET
 62
5
 10
45.0
 20
62.0
 30
0.0
 11
45.0
 21
63.0
 31
0.0
  0
LINE
  5
78A
  8
SHEET
 62
5
 10
69.0
 20
63.0
 30
0.0
 11
70.0
 21
63.0
 31
0.0
  0
LINE
  5
78B
  8
SHEET
 62
5
 10
69.0
 20
62.0
 30
0.0
 11
69.0
 21
63.0
 31
0.0
  0
LINE
  5
78C
  8
SHEET
 62
1
 10
76.0
 20
63.0
 30
0.0
 11
77.0
 21
63.0
 31
0.0
  0
LINE
  5
78D
  8
SHEET
 62
1
 10
77.0
 20
62.0
 30
0.0
 11
77.0
 21
63.0
 31
0.0
  0
LINE
  5
78E
  8
SHEET
 62
1
 10
78.0
 20
62.0
 30
0.0
 11
78.0
 21
63.0
 31
0.0
  0
LINE
  5
78F
  8
SHEET
 62
1
 10
80.0
 20
62.0
 30
0.0
 11
80.0
 21
63.0
 31
0.0
  0
LINE
  5
790
  8
SHEET
 62
5
 10
81.0
 20
63.0
 30
0.0
 11
82.0
 21
63.0
 31
0.0
  0
LINE
  5
791
  8
SHEET
 62
5
 10
81.0
 20
62.0
 30
0.0
 11
81.0
 21
63.0
 31
0.0
  0
LINE
  5
792
  8
SHEET
 62
5
 10
82.0
 20
62.0
 30
0.0
 11
82.0
 21
63.0
 31
0.0
  0
LINE
  5
793
  8
SHEET
 62
5
 10
89.0
 20
63.0
 30
0.0
 11
90.0
 21
63.0
 31
0.0
  0
LINE
  5
794
  8
SHEET
 62
5
 10
89.0
 20
62.0
 30
0.0
 11
90.0
 21
62.0
 31
0.0
  0
LINE
  5
795
  8
SHEET
 62
5
 10
89.0
 20
62.0
 30
0.0
 11
89.0
 21
63.0
 31
0.0
  0
LINE
  5
796
  8
SHEET
 62
5
 10
90.0
 20
63.0
 30
0.0
 11
91.0
 21
63.0
 31
0.0
  0
LINE
  5
797
  8
SHEET
 62
5
 10
90.0
 20
62.0
 30
0.0
 11
91.0
 21
62.0
 31
0.0
  0
LINE
  5
798
  8
SHEET
 62
5
 10
91.0
 20
62.0
 30
0.0
 11
91.0
 21
63.0
 31
0.0
  0
LINE
  5
799
  8
SHEET
 62
5
 10
98.0
 20
63.0
 30
0.0
 11
99.0
 21
63.0
 31
0.0
  0
LINE
  5
79A
  8
SHEET
 62
5
 10
98.0
 20
62.0
 30
0.0
 11
99.0
 21
62.0
 31
0.0
  0
LINE
  5
79B
  8
SHEET
 62
5
 10
98.0
 20
62.0
 30
0.0
 11
98.0
 21
63.0
 31
0.0
  0
LINE
  5
79C
  8
SHEET
 62
5
 10
99.0
 20
62.0
 30
0.0
 11
99.0
 21
63.0
 31
0.0
  0
LINE
  5
79D
  8
SHEET
 62
5
 10
101.0
 20
63.0
 30
0.0
 11
102.0
 21
63.0
 31
0.0
  0
LINE
  5
79E
  8
SHEET
 62
5
 10
101.0
 20
62.0
 30
0.0
 11
102.0
 21
62.0
 31
0.0
  0
LINE
  5
79F
  8
SHEET
 62
5
 10
101.0
 20
62.0
 30
0.0
 11
101.0
 21
63.0
 31
0.0
  0
LINE
  5
7A0
  8
SHEET
 62
5
 10
102.0
 20
63.0
 30
0.0
 11
103.0
 21
63.0
 31
0.0
  0
LINE
  5
7A1
  8
SHEET
 62
5
 10
102.0
 20
62.0
 30
0.0
 11
103.0
 21
62.0
 31
0.0
  0
LINE
  5
7A2
  8
SHEET
 62
5
 10
103.0
 20
63.0
 30
0.0
 11
104.0
 21
63.0
 31
0.0
  0
LINE
  5
7A3
  8
SHEET
 62
5
 10
103.0
 20
62.0
 30
0.0
 11
104.0
 21
62.0
 31
0.0
  0
LINE
  5
7A4
  8
SHEET
 62
5
 10
104.0
 20
63.0
 30
0.0
 11
105.0
 21
63.0
 31
0.0
  0
LINE
  5
7A5
  8
SHEET
 62
5
 10
104.0
 20
62.0
 30
0.0
 11
105.0
 21
62.0
 31
0.0
  0
LINE
  5
7A6
  8
SHEET
 62
5
 10
105.0
 20
62.0
 30
0.0
 11
105.0
 21
63.0
 31
0.0
  0
LINE
  5
7A7
  8
SHEET
 62
5
 10
40.0
 20
61.0
 30
0.0
 11
40.0
 21
62.0
 31
0.0
  0
LINE
  5
7A8
  8
SHEET
 62
5
 10
43.0
 20
61.0
 30
0.0
 11
43.0
 21
62.0
 31
0.0
  0
LINE
  5
7A9
  8
SHEET
 62
5
 10
44.0
 20
61.0
 30
0.0
 11
44.0
 21
62.0
 31
0.0
  0
LINE
  5
7AA
  8
SHEET
 62
5
 10
45.0
 20
61.0
 30
0.0
 11
45.0
 21
62.0
 31
0.0
  0
LINE
  5
7AB
  8
SHEET
 62
5
 10
68.0
 20
62.0
 30
0.0
 11
69.0
 21
62.0
 31
0.0
  0
LINE
  5
7AC
  8
SHEET
 62
5
 10
68.0
 20
61.0
 30
0.0
 11
69.0
 21
61.0
 31
0.0
  0
LINE
  5
7AD
  8
SHEET
 62
5
 10
68.0
 20
61.0
 30
0.0
 11
68.0
 21
62.0
 31
0.0
  0
LINE
  5
7AE
  8
SHEET
 62
5
 10
71.0
 20
61.0
 30
0.0
 11
72.0
 21
61.0
 31
0.0
  0
LINE
  5
7AF
  8
SHEET
 62
1
 10
77.0
 20
62.0
 30
0.0
 11
78.0
 21
62.0
 31
0.0
  0
LINE
  5
7B0
  8
SHEET
 62
7
 10
80.0
 20
61.0
 30
0.0
 11
80.0
 21
62.0
 31
0.0
  0
LINE
  5
7B1
  8
SHEET
 62
5
 10
81.0
 20
61.0
 30
0.0
 11
82.0
 21
61.0
 31
0.0
  0
LINE
  5
7B2
  8
SHEET
 62
5
 10
81.0
 20
61.0
 30
0.0
 11
81.0
 21
62.0
 31
0.0
  0
LINE
  5
7B3
  8
SHEET
 62
5
 10
82.0
 20
61.0
 30
0.0
 11
82.0
 21
62.0
 31
0.0
  0
LINE
  5
7B4
  8
SHEET
 62
5
 10
91.0
 20
62.0
 30
0.0
 11
92.0
 21
62.0
 31
0.0
  0
LINE
  5
7B5
  8
SHEET
 62
5
 10
91.0
 20
61.0
 30
0.0
 11
91.0
 21
62.0
 31
0.0
  0
LINE
  5
7B6
  8
SHEET
 62
5
 10
92.0
 20
62.0
 30
0.0
 11
93.0
 21
62.0
 31
0.0
  0
LINE
  5
7B7
  8
SHEET
 62
5
 10
93.0
 20
61.0
 30
0.0
 11
93.0
 21
62.0
 31
0.0
  0
LINE
  5
7B8
  8
SHEET
 62
5
 10
94.0
 20
62.0
 30
0.0
 11
95.0
 21
62.0
 31
0.0
  0
LINE
  5
7B9
  8
SHEET
 62
5
 10
94.0
 20
61.0
 30
0.0
 11
95.0
 21
61.0
 31
0.0
  0
LINE
  5
7BA
  8
SHEET
 62
5
 10
94.0
 20
61.0
 30
0.0
 11
94.0
 21
62.0
 31
0.0
  0
LINE
  5
7BB
  8
SHEET
 62
5
 10
95.0
 20
61.0
 30
0.0
 11
95.0
 21
62.0
 31
0.0
  0
LINE
  5
7BC
  8
SHEET
 62
5
 10
96.0
 20
62.0
 30
0.0
 11
97.0
 21
62.0
 31
0.0
  0
LINE
  5
7BD
  8
SHEET
 62
5
 10
96.0
 20
61.0
 30
0.0
 11
97.0
 21
61.0
 31
0.0
  0
LINE
  5
7BE
  8
SHEET
 62
5
 10
96.0
 20
61.0
 30
0.0
 11
96.0
 21
62.0
 31
0.0
  0
LINE
  5
7BF
  8
SHEET
 62
5
 10
97.0
 20
62.0
 30
0.0
 11
98.0
 21
62.0
 31
0.0
  0
LINE
  5
7C0
  8
SHEET
 62
5
 10
98.0
 20
61.0
 30
0.0
 11
98.0
 21
62.0
 31
0.0
  0
LINE
  5
7C1
  8
SHEET
 62
5
 10
99.0
 20
62.0
 30
0.0
 11
100.0
 21
62.0
 31
0.0
  0
LINE
  5
7C2
  8
SHEET
 62
5
 10
99.0
 20
61.0
 30
0.0
 11
100.0
 21
61.0
 31
0.0
  0
LINE
  5
7C3
  8
SHEET
 62
5
 10
99.0
 20
61.0
 30
0.0
 11
99.0
 21
62.0
 31
0.0
  0
LINE
  5
7C4
  8
SHEET
 62
5
 10
100.0
 20
62.0
 30
0.0
 11
101.0
 21
62.0
 31
0.0
  0
LINE
  5
7C5
  8
SHEET
 62
5
 10
101.0
 20
61.0
 30
0.0
 11
101.0
 21
62.0
 31
0.0
  0
LINE
  5
7C6
  8
SHEET
 62
5
 10
105.0
 20
62.0
 30
0.0
 11
106.0
 21
62.0
 31
0.0
  0
LINE
  5
7C7
  8
SHEET
 62
5
 10
105.0
 20
61.0
 30
0.0
 11
105.0
 21
62.0
 31
0.0
  0
LINE
  5
7C8
  8
SHEET
 62
5
 10
106.0
 20
61.0
 30
0.0
 11
106.0
 21
62.0
 31
0.0
  0
LINE
  5
7C9
  8
SHEET
 62
5
 10
121.0
 20
62.0
 30
0.0
 11
122.0
 21
62.0
 31
0.0
  0
LINE
  5
7CA
  8
SHEET
 62
5
 10
121.0
 20
61.0
 30
0.0
 11
122.0
 21
61.0
 31
0.0
  0
LINE
  5
7CB
  8
SHEET
 62
5
 10
121.0
 20
61.0
 30
0.0
 11
121.0
 21
62.0
 31
0.0
  0
LINE
  5
7CC
  8
SHEET
 62
5
 10
122.0
 20
62.0
 30
0.0
 11
123.0
 21
62.0
 31
0.0
  0
LINE
  5
7CD
  8
SHEET
 62
5
 10
123.0
 20
62.0
 30
0.0
 11
124.0
 21
62.0
 31
0.0
  0
LINE
  5
7CE
  8
SHEET
 62
5
 10
124.0
 20
62.0
 30
0.0
 11
125.0
 21
62.0
 31
0.0
  0
LINE
  5
7CF
  8
SHEET
 62
5
 10
124.0
 20
61.0
 30
0.0
 11
125.0
 21
61.0
 31
0.0
  0
LINE
  5
7D0
  8
SHEET
 62
5
 10
125.0
 20
61.0
 30
0.0
 11
125.0
 21
62.0
 31
0.0
  0
LINE
  5
7D1
  8
SHEET
 62
5
 10
129.0
 20
62.0
 30
0.0
 11
130.0
 21
62.0
 31
0.0
  0
LINE
  5
7D2
  8
SHEET
 62
5
 10
129.0
 20
61.0
 30
0.0
 11
130.0
 21
61.0
 31
0.0
  0
LINE
  5
7D3
  8
SHEET
 62
5
 10
129.0
 20
61.0
 30
0.0
 11
129.0
 21
62.0
 31
0.0
  0
LINE
  5
7D4
  8
SHEET
 62
5
 10
130.0
 20
62.0
 30
0.0
 11
131.0
 21
62.0
 31
0.0
  0
LINE
  5
7D5
  8
SHEET
 62
5
 10
130.0
 20
61.0
 30
0.0
 11
131.0
 21
61.0
 31
0.0
  0
LINE
  5
7D6
  8
SHEET
 62
5
 10
131.0
 20
62.0
 30
0.0
 11
132.0
 21
62.0
 31
0.0
  0
LINE
  5
7D7
  8
SHEET
 62
5
 10
132.0
 20
62.0
 30
0.0
 11
133.0
 21
62.0
 31
0.0
  0
LINE
  5
7D8
  8
SHEET
 62
5
 10
132.0
 20
61.0
 30
0.0
 11
133.0
 21
61.0
 31
0.0
  0
LINE
  5
7D9
  8
SHEET
 62
5
 10
133.0
 20
61.0
 30
0.0
 11
133.0
 21
62.0
 31
0.0
  0
LINE
  5
7DA
  8
SHEET
 62
5
 10
40.0
 20
60.0
 30
0.0
 11
40.0
 21
61.0
 31
0.0
  0
LINE
  5
7DB
  8
SHEET
 62
5
 10
43.0
 20
60.0
 30
0.0
 11
43.0
 21
61.0
 31
0.0
  0
LINE
  5
7DC
  8
SHEET
 62
5
 10
44.0
 20
60.0
 30
0.0
 11
44.0
 21
61.0
 31
0.0
  0
LINE
  5
7DD
  8
SHEET
 62
5
 10
45.0
 20
60.0
 30
0.0
 11
45.0
 21
61.0
 31
0.0
  0
LINE
  5
7DE
  8
SHEET
 62
5
 10
67.0
 20
61.0
 30
0.0
 11
68.0
 21
61.0
 31
0.0
  0
LINE
  5
7DF
  8
SHEET
 62
5
 10
67.0
 20
60.0
 30
0.0
 11
67.0
 21
61.0
 31
0.0
  0
LINE
  5
7E0
  8
SHEET
 62
5
 10
68.0
 20
60.0
 30
0.0
 11
68.0
 21
61.0
 31
0.0
  0
LINE
  5
7E1
  8
SHEET
 62
1
 10
69.0
 20
60.0
 30
0.0
 11
69.0
 21
61.0
 31
0.0
  0
LINE
  5
7E2
  8
SHEET
 62
1
 10
71.0
 20
60.0
 30
0.0
 11
71.0
 21
61.0
 31
0.0
  0
LINE
  5
7E3
  8
SHEET
 62
5
 10
72.0
 20
60.0
 30
0.0
 11
72.0
 21
61.0
 31
0.0
  0
LINE
  5
7E4
  8
SHEET
 62
5
 10
80.0
 20
61.0
 30
0.0
 11
81.0
 21
61.0
 31
0.0
  0
LINE
  5
7E5
  8
SHEET
 62
5
 10
80.0
 20
60.0
 30
0.0
 11
81.0
 21
60.0
 31
0.0
  0
LINE
  5
7E6
  8
SHEET
 62
5
 10
81.0
 20
60.0
 30
0.0
 11
81.0
 21
61.0
 31
0.0
  0
LINE
  5
7E7
  8
SHEET
 62
5
 10
87.0
 20
61.0
 30
0.0
 11
88.0
 21
61.0
 31
0.0
  0
LINE
  5
7E8
  8
SHEET
 62
5
 10
87.0
 20
60.0
 30
0.0
 11
87.0
 21
61.0
 31
0.0
  0
LINE
  5
7E9
  8
SHEET
 62
5
 10
88.0
 20
60.0
 30
0.0
 11
88.0
 21
61.0
 31
0.0
  0
LINE
  5
7EA
  8
SHEET
 62
1
 10
89.0
 20
61.0
 30
0.0
 11
90.0
 21
61.0
 31
0.0
  0
LINE
  5
7EB
  8
SHEET
 62
1
 10
89.0
 20
60.0
 30
0.0
 11
89.0
 21
61.0
 31
0.0
  0
LINE
  5
7EC
  8
SHEET
 62
1
 10
90.0
 20
61.0
 30
0.0
 11
91.0
 21
61.0
 31
0.0
  0
LINE
  5
7ED
  8
SHEET
 62
5
 10
93.0
 20
61.0
 30
0.0
 11
94.0
 21
61.0
 31
0.0
  0
LINE
  5
7EE
  8
SHEET
 62
5
 10
93.0
 20
60.0
 30
0.0
 11
94.0
 21
60.0
 31
0.0
  0
LINE
  5
7EF
  8
SHEET
 62
5
 10
94.0
 20
60.0
 30
0.0
 11
94.0
 21
61.0
 31
0.0
  0
LINE
  5
7F0
  8
SHEET
 62
5
 10
95.0
 20
61.0
 30
0.0
 11
96.0
 21
61.0
 31
0.0
  0
LINE
  5
7F1
  8
SHEET
 62
5
 10
95.0
 20
60.0
 30
0.0
 11
95.0
 21
61.0
 31
0.0
  0
LINE
  5
7F2
  8
SHEET
 62
5
 10
96.0
 20
60.0
 30
0.0
 11
96.0
 21
61.0
 31
0.0
  0
LINE
  5
7F3
  8
SHEET
 62
1
 10
97.0
 20
60.0
 30
0.0
 11
97.0
 21
61.0
 31
0.0
  0
LINE
  5
7F4
  8
SHEET
 62
7
 10
98.0
 20
61.0
 30
0.0
 11
99.0
 21
61.0
 31
0.0
  0
LINE
  5
7F5
  8
SHEET
 62
7
 10
99.0
 20
60.0
 30
0.0
 11
99.0
 21
61.0
 31
0.0
  0
LINE
  5
7F6
  8
SHEET
 62
7
 10
100.0
 20
60.0
 30
0.0
 11
100.0
 21
61.0
 31
0.0
  0
LINE
  5
7F7
  8
SHEET
 62
1
 10
101.0
 20
61.0
 30
0.0
 11
102.0
 21
61.0
 31
0.0
  0
LINE
  5
7F8
  8
SHEET
 62
1
 10
102.0
 20
61.0
 30
0.0
 11
103.0
 21
61.0
 31
0.0
  0
LINE
  5
7F9
  8
SHEET
 62
1
 10
103.0
 20
61.0
 30
0.0
 11
104.0
 21
61.0
 31
0.0
  0
LINE
  5
7FA
  8
SHEET
 62
1
 10
104.0
 20
61.0
 30
0.0
 11
105.0
 21
61.0
 31
0.0
  0
LINE
  5
7FB
  8
SHEET
 62
5
 10
106.0
 20
61.0
 30
0.0
 11
107.0
 21
61.0
 31
0.0
  0
LINE
  5
7FC
  8
SHEET
 62
5
 10
107.0
 20
60.0
 30
0.0
 11
107.0
 21
61.0
 31
0.0
  0
LINE
  5
7FD
  8
SHEET
 62
5
 10
112.0
 20
61.0
 30
0.0
 11
113.0
 21
61.0
 31
0.0
  0
LINE
  5
7FE
  8
SHEET
 62
5
 10
112.0
 20
60.0
 30
0.0
 11
113.0
 21
60.0
 31
0.0
  0
LINE
  5
7FF
  8
SHEET
 62
5
 10
112.0
 20
60.0
 30
0.0
 11
112.0
 21
61.0
 31
0.0
  0
LINE
  5
800
  8
SHEET
 62
5
 10
113.0
 20
60.0
 30
0.0
 11
113.0
 21
61.0
 31
0.0
  0
LINE
  5
801
  8
SHEET
 62
5
 10
115.0
 20
61.0
 30
0.0
 11
116.0
 21
61.0
 31
0.0
  0
LINE
  5
802
  8
SHEET
 62
5
 10
115.0
 20
60.0
 30
0.0
 11
115.0
 21
61.0
 31
0.0
  0
LINE
  5
803
  8
SHEET
 62
5
 10
116.0
 20
60.0
 30
0.0
 11
116.0
 21
61.0
 31
0.0
  0
LINE
  5
804
  8
SHEET
 62
5
 10
119.0
 20
61.0
 30
0.0
 11
120.0
 21
61.0
 31
0.0
  0
LINE
  5
805
  8
SHEET
 62
5
 10
119.0
 20
60.0
 30
0.0
 11
120.0
 21
60.0
 31
0.0
  0
LINE
  5
806
  8
SHEET
 62
5
 10
119.0
 20
60.0
 30
0.0
 11
119.0
 21
61.0
 31
0.0
  0
LINE
  5
807
  8
SHEET
 62
5
 10
120.0
 20
61.0
 30
0.0
 11
121.0
 21
61.0
 31
0.0
  0
LINE
  5
808
  8
SHEET
 62
5
 10
121.0
 20
60.0
 30
0.0
 11
121.0
 21
61.0
 31
0.0
  0
LINE
  5
809
  8
SHEET
 62
7
 10
122.0
 20
60.0
 30
0.0
 11
122.0
 21
61.0
 31
0.0
  0
LINE
  5
80A
  8
SHEET
 62
7
 10
124.0
 20
60.0
 30
0.0
 11
124.0
 21
61.0
 31
0.0
  0
LINE
  5
80B
  8
SHEET
 62
5
 10
125.0
 20
61.0
 30
0.0
 11
126.0
 21
61.0
 31
0.0
  0
LINE
  5
80C
  8
SHEET
 62
5
 10
125.0
 20
60.0
 30
0.0
 11
125.0
 21
61.0
 31
0.0
  0
LINE
  5
80D
  8
SHEET
 62
5
 10
126.0
 20
60.0
 30
0.0
 11
126.0
 21
61.0
 31
0.0
  0
LINE
  5
80E
  8
SHEET
 62
5
 10
128.0
 20
61.0
 30
0.0
 11
129.0
 21
61.0
 31
0.0
  0
LINE
  5
80F
  8
SHEET
 62
5
 10
128.0
 20
60.0
 30
0.0
 11
128.0
 21
61.0
 31
0.0
  0
LINE
  5
810
  8
SHEET
 62
5
 10
129.0
 20
60.0
 30
0.0
 11
129.0
 21
61.0
 31
0.0
  0
LINE
  5
811
  8
SHEET
 62
7
 10
131.0
 20
60.0
 30
0.0
 11
131.0
 21
61.0
 31
0.0
  0
LINE
  5
812
  8
SHEET
 62
7
 10
132.0
 20
60.0
 30
0.0
 11
132.0
 21
61.0
 31
0.0
  0
LINE
  5
813
  8
SHEET
 62
5
 10
133.0
 20
61.0
 30
0.0
 11
134.0
 21
61.0
 31
0.0
  0
LINE
  5
814
  8
SHEET
 62
5
 10
133.0
 20
60.0
 30
0.0
 11
133.0
 21
61.0
 31
0.0
  0
LINE
  5
815
  8
SHEET
 62
5
 10
134.0
 20
60.0
 30
0.0
 11
134.0
 21
61.0
 31
0.0
  0
LINE
  5
816
  8
SHEET
 62
5
 10
40.0
 20
59.0
 30
0.0
 11
40.0
 21
60.0
 31
0.0
  0
LINE
  5
817
  8
SHEET
 62
5
 10
43.0
 20
59.0
 30
0.0
 11
43.0
 21
60.0
 31
0.0
  0
LINE
  5
818
  8
SHEET
 62
5
 10
44.0
 20
59.0
 30
0.0
 11
44.0
 21
60.0
 31
0.0
  0
LINE
  5
819
  8
SHEET
 62
5
 10
45.0
 20
59.0
 30
0.0
 11
45.0
 21
60.0
 31
0.0
  0
LINE
  5
81A
  8
SHEET
 62
5
 10
67.0
 20
59.0
 30
0.0
 11
68.0
 21
59.0
 31
0.0
  0
LINE
  5
81B
  8
SHEET
 62
5
 10
67.0
 20
59.0
 30
0.0
 11
67.0
 21
60.0
 31
0.0
  0
LINE
  5
81C
  8
SHEET
 62
7
 10
68.0
 20
60.0
 30
0.0
 11
69.0
 21
60.0
 31
0.0
  0
LINE
  5
81D
  8
SHEET
 62
1
 10
71.0
 20
60.0
 30
0.0
 11
72.0
 21
60.0
 31
0.0
  0
LINE
  5
81E
  8
SHEET
 62
1
 10
80.0
 20
59.0
 30
0.0
 11
80.0
 21
60.0
 31
0.0
  0
LINE
  5
81F
  8
SHEET
 62
5
 10
81.0
 20
60.0
 30
0.0
 11
82.0
 21
60.0
 31
0.0
  0
LINE
  5
820
  8
SHEET
 62
5
 10
81.0
 20
59.0
 30
0.0
 11
81.0
 21
60.0
 31
0.0
  0
LINE
  5
821
  8
SHEET
 62
5
 10
82.0
 20
60.0
 30
0.0
 11
83.0
 21
60.0
 31
0.0
  0
LINE
  5
822
  8
SHEET
 62
5
 10
82.0
 20
59.0
 30
0.0
 11
83.0
 21
59.0
 31
0.0
  0
LINE
  5
823
  8
SHEET
 62
5
 10
83.0
 20
59.0
 30
0.0
 11
83.0
 21
60.0
 31
0.0
  0
LINE
  5
824
  8
SHEET
 62
5
 10
87.0
 20
59.0
 30
0.0
 11
88.0
 21
59.0
 31
0.0
  0
LINE
  5
825
  8
SHEET
 62
5
 10
87.0
 20
59.0
 30
0.0
 11
87.0
 21
60.0
 31
0.0
  0
LINE
  5
826
  8
SHEET
 62
5
 10
88.0
 20
59.0
 30
0.0
 11
88.0
 21
60.0
 31
0.0
  0
LINE
  5
827
  8
SHEET
 62
5
 10
89.0
 20
59.0
 30
0.0
 11
89.0
 21
60.0
 31
0.0
  0
LINE
  5
828
  8
SHEET
 62
1
 10
90.0
 20
59.0
 30
0.0
 11
91.0
 21
59.0
 31
0.0
  0
LINE
  5
829
  8
SHEET
 62
1
 10
93.0
 20
59.0
 30
0.0
 11
93.0
 21
60.0
 31
0.0
  0
LINE
  5
82A
  8
SHEET
 62
5
 10
94.0
 20
60.0
 30
0.0
 11
95.0
 21
60.0
 31
0.0
  0
LINE
  5
82B
  8
SHEET
 62
5
 10
94.0
 20
59.0
 30
0.0
 11
94.0
 21
60.0
 31
0.0
  0
LINE
  5
82C
  8
SHEET
 62
1
 10
96.0
 20
60.0
 30
0.0
 11
97.0
 21
60.0
 31
0.0
  0
LINE
  5
82D
  8
SHEET
 62
7
 10
99.0
 20
60.0
 30
0.0
 11
100.0
 21
60.0
 31
0.0
  0
LINE
  5
82E
  8
SHEET
 62
5
 10
107.0
 20
59.0
 30
0.0
 11
107.0
 21
60.0
 31
0.0
  0
LINE
  5
82F
  8
SHEET
 62
5
 10
111.0
 20
60.0
 30
0.0
 11
112.0
 21
60.0
 31
0.0
  0
LINE
  5
830
  8
SHEET
 62
5
 10
111.0
 20
59.0
 30
0.0
 11
111.0
 21
60.0
 31
0.0
  0
LINE
  5
831
  8
SHEET
 62
5
 10
112.0
 20
59.0
 30
0.0
 11
112.0
 21
60.0
 31
0.0
  0
LINE
  5
832
  8
SHEET
 62
5
 10
113.0
 20
60.0
 30
0.0
 11
114.0
 21
60.0
 31
0.0
  0
LINE
  5
833
  8
SHEET
 62
5
 10
113.0
 20
59.0
 30
0.0
 11
113.0
 21
60.0
 31
0.0
  0
LINE
  5
834
  8
SHEET
 62
7
 10
114.0
 20
60.0
 30
0.0
 11
115.0
 21
60.0
 31
0.0
  0
LINE
  5
835
  8
SHEET
 62
5
 10
115.0
 20
59.0
 30
0.0
 11
116.0
 21
59.0
 31
0.0
  0
LINE
  5
836
  8
SHEET
 62
5
 10
116.0
 20
59.0
 30
0.0
 11
116.0
 21
60.0
 31
0.0
  0
LINE
  5
837
  8
SHEET
 62
5
 10
118.0
 20
60.0
 30
0.0
 11
119.0
 21
60.0
 31
0.0
  0
LINE
  5
838
  8
SHEET
 62
5
 10
118.0
 20
59.0
 30
0.0
 11
118.0
 21
60.0
 31
0.0
  0
LINE
  5
839
  8
SHEET
 62
5
 10
119.0
 20
59.0
 30
0.0
 11
119.0
 21
60.0
 31
0.0
  0
LINE
  5
83A
  8
SHEET
 62
5
 10
120.0
 20
59.0
 30
0.0
 11
120.0
 21
60.0
 31
0.0
  0
LINE
  5
83B
  8
SHEET
 62
5
 10
121.0
 20
60.0
 30
0.0
 11
122.0
 21
60.0
 31
0.0
  0
LINE
  5
83C
  8
SHEET
 62
5
 10
121.0
 20
59.0
 30
0.0
 11
122.0
 21
59.0
 31
0.0
  0
LINE
  5
83D
  8
SHEET
 62
5
 10
124.0
 20
60.0
 30
0.0
 11
125.0
 21
60.0
 31
0.0
  0
LINE
  5
83E
  8
SHEET
 62
5
 10
124.0
 20
59.0
 30
0.0
 11
125.0
 21
59.0
 31
0.0
  0
LINE
  5
83F
  8
SHEET
 62
5
 10
126.0
 20
60.0
 30
0.0
 11
127.0
 21
60.0
 31
0.0
  0
LINE
  5
840
  8
SHEET
 62
5
 10
127.0
 20
60.0
 30
0.0
 11
128.0
 21
60.0
 31
0.0
  0
LINE
  5
841
  8
SHEET
 62
5
 10
129.0
 20
60.0
 30
0.0
 11
130.0
 21
60.0
 31
0.0
  0
LINE
  5
842
  8
SHEET
 62
7
 10
130.0
 20
60.0
 30
0.0
 11
131.0
 21
60.0
 31
0.0
  0
LINE
  5
843
  8
SHEET
 62
5
 10
132.0
 20
60.0
 30
0.0
 11
133.0
 21
60.0
 31
0.0
  0
LINE
  5
844
  8
SHEET
 62
5
 10
132.0
 20
59.0
 30
0.0
 11
133.0
 21
59.0
 31
0.0
  0
LINE
  5
845
  8
SHEET
 62
5
 10
134.0
 20
59.0
 30
0.0
 11
134.0
 21
60.0
 31
0.0
  0
LINE
  5
846
  8
SHEET
 62
5
 10
135.0
 20
60.0
 30
0.0
 11
136.0
 21
60.0
 31
0.0
  0
LINE
  5
847
  8
SHEET
 62
5
 10
135.0
 20
59.0
 30
0.0
 11
135.0
 21
60.0
 31
0.0
  0
LINE
  5
848
  8
SHEET
 62
5
 10
136.0
 20
59.0
 30
0.0
 11
136.0
 21
60.0
 31
0.0
  0
LINE
  5
849
  8
SHEET
 62
5
 10
40.0
 20
58.0
 30
0.0
 11
40.0
 21
59.0
 31
0.0
  0
LINE
  5
84A
  8
SHEET
 62
5
 10
43.0
 20
58.0
 30
0.0
 11
43.0
 21
59.0
 31
0.0
  0
LINE
  5
84B
  8
SHEET
 62
5
 10
44.0
 20
58.0
 30
0.0
 11
44.0
 21
59.0
 31
0.0
  0
LINE
  5
84C
  8
SHEET
 62
5
 10
45.0
 20
58.0
 30
0.0
 11
45.0
 21
59.0
 31
0.0
  0
LINE
  5
84D
  8
SHEET
 62
5
 10
66.0
 20
59.0
 30
0.0
 11
67.0
 21
59.0
 31
0.0
  0
LINE
  5
84E
  8
SHEET
 62
5
 10
66.0
 20
58.0
 30
0.0
 11
66.0
 21
59.0
 31
0.0
  0
LINE
  5
84F
  8
SHEET
 62
5
 10
67.0
 20
58.0
 30
0.0
 11
67.0
 21
59.0
 31
0.0
  0
LINE
  5
850
  8
SHEET
 62
1
 10
68.0
 20
58.0
 30
0.0
 11
68.0
 21
59.0
 31
0.0
  0
LINE
  5
851
  8
SHEET
 62
1
 10
80.0
 20
59.0
 30
0.0
 11
81.0
 21
59.0
 31
0.0
  0
LINE
  5
852
  8
SHEET
 62
7
 10
82.0
 20
58.0
 30
0.0
 11
82.0
 21
59.0
 31
0.0
  0
LINE
  5
853
  8
SHEET
 62
5
 10
83.0
 20
59.0
 30
0.0
 11
84.0
 21
59.0
 31
0.0
  0
LINE
  5
854
  8
SHEET
 62
5
 10
83.0
 20
58.0
 30
0.0
 11
83.0
 21
59.0
 31
0.0
  0
LINE
  5
855
  8
SHEET
 62
5
 10
84.0
 20
58.0
 30
0.0
 11
84.0
 21
59.0
 31
0.0
  0
LINE
  5
856
  8
SHEET
 62
5
 10
89.0
 20
58.0
 30
0.0
 11
90.0
 21
58.0
 31
0.0
  0
LINE
  5
857
  8
SHEET
 62
5
 10
89.0
 20
58.0
 30
0.0
 11
89.0
 21
59.0
 31
0.0
  0
LINE
  5
858
  8
SHEET
 62
5
 10
90.0
 20
58.0
 30
0.0
 11
90.0
 21
59.0
 31
0.0
  0
LINE
  5
859
  8
SHEET
 62
1
 10
91.0
 20
58.0
 30
0.0
 11
91.0
 21
59.0
 31
0.0
  0
LINE
  5
85A
  8
SHEET
 62
1
 10
93.0
 20
59.0
 30
0.0
 11
94.0
 21
59.0
 31
0.0
  0
LINE
  5
85B
  8
SHEET
 62
5
 10
103.0
 20
58.0
 30
0.0
 11
104.0
 21
58.0
 31
0.0
  0
LINE
  5
85C
  8
SHEET
 62
5
 10
106.0
 20
58.0
 30
0.0
 11
107.0
 21
58.0
 31
0.0
  0
LINE
  5
85D
  8
SHEET
 62
5
 10
107.0
 20
58.0
 30
0.0
 11
107.0
 21
59.0
 31
0.0
  0
LINE
  5
85E
  8
SHEET
 62
5
 10
111.0
 20
58.0
 30
0.0
 11
112.0
 21
58.0
 31
0.0
  0
LINE
  5
85F
  8
SHEET
 62
5
 10
111.0
 20
58.0
 30
0.0
 11
111.0
 21
59.0
 31
0.0
  0
LINE
  5
860
  8
SHEET
 62
7
 10
112.0
 20
59.0
 30
0.0
 11
113.0
 21
59.0
 31
0.0
  0
LINE
  5
861
  8
SHEET
 62
5
 10
115.0
 20
58.0
 30
0.0
 11
115.0
 21
59.0
 31
0.0
  0
LINE
  5
862
  8
SHEET
 62
5
 10
118.0
 20
58.0
 30
0.0
 11
119.0
 21
58.0
 31
0.0
  0
LINE
  5
863
  8
SHEET
 62
5
 10
118.0
 20
58.0
 30
0.0
 11
118.0
 21
59.0
 31
0.0
  0
LINE
  5
864
  8
SHEET
 62
7
 10
119.0
 20
59.0
 30
0.0
 11
120.0
 21
59.0
 31
0.0
  0
LINE
  5
865
  8
SHEET
 62
5
 10
121.0
 20
58.0
 30
0.0
 11
121.0
 21
59.0
 31
0.0
  0
LINE
  5
866
  8
SHEET
 62
5
 10
122.0
 20
58.0
 30
0.0
 11
123.0
 21
58.0
 31
0.0
  0
LINE
  5
867
  8
SHEET
 62
5
 10
122.0
 20
58.0
 30
0.0
 11
122.0
 21
59.0
 31
0.0
  0
LINE
  5
868
  8
SHEET
 62
5
 10
123.0
 20
58.0
 30
0.0
 11
124.0
 21
58.0
 31
0.0
  0
LINE
  5
869
  8
SHEET
 62
5
 10
124.0
 20
58.0
 30
0.0
 11
124.0
 21
59.0
 31
0.0
  0
LINE
  5
86A
  8
SHEET
 62
7
 10
125.0
 20
58.0
 30
0.0
 11
125.0
 21
59.0
 31
0.0
  0
LINE
  5
86B
  8
SHEET
 62
7
 10
129.0
 20
58.0
 30
0.0
 11
130.0
 21
58.0
 31
0.0
  0
LINE
  5
86C
  8
SHEET
 62
5
 10
130.0
 20
58.0
 30
0.0
 11
131.0
 21
58.0
 31
0.0
  0
LINE
  5
86D
  8
SHEET
 62
5
 10
131.0
 20
58.0
 30
0.0
 11
132.0
 21
58.0
 31
0.0
  0
LINE
  5
86E
  8
SHEET
 62
5
 10
132.0
 20
58.0
 30
0.0
 11
132.0
 21
59.0
 31
0.0
  0
LINE
  5
86F
  8
SHEET
 62
7
 10
133.0
 20
58.0
 30
0.0
 11
133.0
 21
59.0
 31
0.0
  0
LINE
  5
870
  8
SHEET
 62
7
 10
134.0
 20
58.0
 30
0.0
 11
134.0
 21
59.0
 31
0.0
  0
LINE
  5
871
  8
SHEET
 62
5
 10
135.0
 20
58.0
 30
0.0
 11
136.0
 21
58.0
 31
0.0
  0
LINE
  5
872
  8
SHEET
 62
5
 10
135.0
 20
58.0
 30
0.0
 11
135.0
 21
59.0
 31
0.0
  0
LINE
  5
873
  8
SHEET
 62
5
 10
136.0
 20
58.0
 30
0.0
 11
136.0
 21
59.0
 31
0.0
  0
LINE
  5
874
  8
SHEET
 62
5
 10
40.0
 20
57.0
 30
0.0
 11
40.0
 21
58.0
 31
0.0
  0
LINE
  5
875
  8
SHEET
 62
5
 10
43.0
 20
57.0
 30
0.0
 11
43.0
 21
58.0
 31
0.0
  0
LINE
  5
876
  8
SHEET
 62
5
 10
44.0
 20
57.0
 30
0.0
 11
44.0
 21
58.0
 31
0.0
  0
LINE
  5
877
  8
SHEET
 62
5
 10
45.0
 20
57.0
 30
0.0
 11
45.0
 21
58.0
 31
0.0
  0
LINE
  5
878
  8
SHEET
 62
5
 10
62.0
 20
58.0
 30
0.0
 11
63.0
 21
58.0
 31
0.0
  0
LINE
  5
879
  8
SHEET
 62
5
 10
62.0
 20
57.0
 30
0.0
 11
63.0
 21
57.0
 31
0.0
  0
LINE
  5
87A
  8
SHEET
 62
5
 10
62.0
 20
57.0
 30
0.0
 11
62.0
 21
58.0
 31
0.0
  0
LINE
  5
87B
  8
SHEET
 62
5
 10
63.0
 20
58.0
 30
0.0
 11
64.0
 21
58.0
 31
0.0
  0
LINE
  5
87C
  8
SHEET
 62
5
 10
64.0
 20
58.0
 30
0.0
 11
65.0
 21
58.0
 31
0.0
  0
LINE
  5
87D
  8
SHEET
 62
5
 10
64.0
 20
57.0
 30
0.0
 11
65.0
 21
57.0
 31
0.0
  0
LINE
  5
87E
  8
SHEET
 62
5
 10
65.0
 20
57.0
 30
0.0
 11
65.0
 21
58.0
 31
0.0
  0
LINE
  5
87F
  8
SHEET
 62
5
 10
66.0
 20
57.0
 30
0.0
 11
66.0
 21
58.0
 31
0.0
  0
LINE
  5
880
  8
SHEET
 62
5
 10
67.0
 20
58.0
 30
0.0
 11
68.0
 21
58.0
 31
0.0
  0
LINE
  5
881
  8
SHEET
 62
5
 10
82.0
 20
58.0
 30
0.0
 11
83.0
 21
58.0
 31
0.0
  0
LINE
  5
882
  8
SHEET
 62
5
 10
84.0
 20
58.0
 30
0.0
 11
85.0
 21
58.0
 31
0.0
  0
LINE
  5
883
  8
SHEET
 62
5
 10
85.0
 20
58.0
 30
0.0
 11
86.0
 21
58.0
 31
0.0
  0
LINE
  5
884
  8
SHEET
 62
5
 10
85.0
 20
57.0
 30
0.0
 11
86.0
 21
57.0
 31
0.0
  0
LINE
  5
885
  8
SHEET
 62
5
 10
86.0
 20
57.0
 30
0.0
 11
86.0
 21
58.0
 31
0.0
  0
LINE
  5
886
  8
SHEET
 62
5
 10
90.0
 20
58.0
 30
0.0
 11
91.0
 21
58.0
 31
0.0
  0
LINE
  5
887
  8
SHEET
 62
5
 10
90.0
 20
57.0
 30
0.0
 11
91.0
 21
57.0
 31
0.0
  0
LINE
  5
888
  8
SHEET
 62
5
 10
90.0
 20
57.0
 30
0.0
 11
90.0
 21
58.0
 31
0.0
  0
LINE
  5
889
  8
SHEET
 62
1
 10
96.0
 20
57.0
 30
0.0
 11
97.0
 21
57.0
 31
0.0
  0
LINE
  5
88A
  8
SHEET
 62
7
 10
99.0
 20
57.0
 30
0.0
 11
100.0
 21
57.0
 31
0.0
  0
LINE
  5
88B
  8
SHEET
 62
7
 10
103.0
 20
57.0
 30
0.0
 11
103.0
 21
58.0
 31
0.0
  0
LINE
  5
88C
  8
SHEET
 62
5
 10
104.0
 20
57.0
 30
0.0
 11
104.0
 21
58.0
 31
0.0
  0
LINE
  5
88D
  8
SHEET
 62
5
 10
105.0
 20
57.0
 30
0.0
 11
106.0
 21
57.0
 31
0.0
  0
LINE
  5
88E
  8
SHEET
 62
5
 10
106.0
 20
57.0
 30
0.0
 11
106.0
 21
58.0
 31
0.0
  0
LINE
  5
88F
  8
SHEET
 62
5
 10
110.0
 20
58.0
 30
0.0
 11
111.0
 21
58.0
 31
0.0
  0
LINE
  5
890
  8
SHEET
 62
5
 10
110.0
 20
57.0
 30
0.0
 11
110.0
 21
58.0
 31
0.0
  0
LINE
  5
891
  8
SHEET
 62
5
 10
111.0
 20
57.0
 30
0.0
 11
111.0
 21
58.0
 31
0.0
  0
LINE
  5
892
  8
SHEET
 62
5
 10
112.0
 20
57.0
 30
0.0
 11
112.0
 21
58.0
 31
0.0
  0
LINE
  5
893
  8
SHEET
 62
7
 10
113.0
 20
57.0
 30
0.0
 11
114.0
 21
57.0
 31
0.0
  0
LINE
  5
894
  8
SHEET
 62
5
 10
115.0
 20
57.0
 30
0.0
 11
115.0
 21
58.0
 31
0.0
  0
LINE
  5
895
  8
SHEET
 62
5
 10
116.0
 20
58.0
 30
0.0
 11
117.0
 21
58.0
 31
0.0
  0
LINE
  5
896
  8
SHEET
 62
5
 10
116.0
 20
57.0
 30
0.0
 11
116.0
 21
58.0
 31
0.0
  0
LINE
  5
897
  8
SHEET
 62
5
 10
117.0
 20
57.0
 30
0.0
 11
117.0
 21
58.0
 31
0.0
  0
LINE
  5
898
  8
SHEET
 62
5
 10
119.0
 20
57.0
 30
0.0
 11
119.0
 21
58.0
 31
0.0
  0
LINE
  5
899
  8
SHEET
 62
5
 10
121.0
 20
58.0
 30
0.0
 11
122.0
 21
58.0
 31
0.0
  0
LINE
  5
89A
  8
SHEET
 62
5
 10
122.0
 20
57.0
 30
0.0
 11
122.0
 21
58.0
 31
0.0
  0
LINE
  5
89B
  8
SHEET
 62
5
 10
124.0
 20
58.0
 30
0.0
 11
125.0
 21
58.0
 31
0.0
  0
LINE
  5
89C
  8
SHEET
 62
5
 10
124.0
 20
57.0
 30
0.0
 11
125.0
 21
57.0
 31
0.0
  0
LINE
  5
89D
  8
SHEET
 62
5
 10
124.0
 20
57.0
 30
0.0
 11
124.0
 21
58.0
 31
0.0
  0
LINE
  5
89E
  8
SHEET
 62
5
 10
126.0
 20
57.0
 30
0.0
 11
127.0
 21
57.0
 31
0.0
  0
LINE
  5
89F
  8
SHEET
 62
5
 10
129.0
 20
57.0
 30
0.0
 11
129.0
 21
58.0
 31
0.0
  0
LINE
  5
8A0
  8
SHEET
 62
5
 10
133.0
 20
57.0
 30
0.0
 11
134.0
 21
57.0
 31
0.0
  0
LINE
  5
8A1
  8
SHEET
 62
5
 10
133.0
 20
57.0
 30
0.0
 11
133.0
 21
58.0
 31
0.0
  0
LINE
  5
8A2
  8
SHEET
 62
5
 10
134.0
 20
57.0
 30
0.0
 11
134.0
 21
58.0
 31
0.0
  0
LINE
  5
8A3
  8
SHEET
 62
5
 10
40.0
 20
56.0
 30
0.0
 11
40.0
 21
57.0
 31
0.0
  0
LINE
  5
8A4
  8
SHEET
 62
5
 10
43.0
 20
56.0
 30
0.0
 11
43.0
 21
57.0
 31
0.0
  0
LINE
  5
8A5
  8
SHEET
 62
5
 10
44.0
 20
56.0
 30
0.0
 11
44.0
 21
57.0
 31
0.0
  0
LINE
  5
8A6
  8
SHEET
 62
5
 10
45.0
 20
56.0
 30
0.0
 11
45.0
 21
57.0
 31
0.0
  0
LINE
  5
8A7
  8
SHEET
 62
5
 10
61.0
 20
57.0
 30
0.0
 11
62.0
 21
57.0
 31
0.0
  0
LINE
  5
8A8
  8
SHEET
 62
5
 10
61.0
 20
56.0
 30
0.0
 11
61.0
 21
57.0
 31
0.0
  0
LINE
  5
8A9
  8
SHEET
 62
5
 10
62.0
 20
56.0
 30
0.0
 11
62.0
 21
57.0
 31
0.0
  0
LINE
  5
8AA
  8
SHEET
 62
5
 10
63.0
 20
56.0
 30
0.0
 11
63.0
 21
57.0
 31
0.0
  0
LINE
  5
8AB
  8
SHEET
 62
5
 10
64.0
 20
56.0
 30
0.0
 11
64.0
 21
57.0
 31
0.0
  0
LINE
  5
8AC
  8
SHEET
 62
5
 10
65.0
 20
57.0
 30
0.0
 11
66.0
 21
57.0
 31
0.0
  0
LINE
  5
8AD
  8
SHEET
 62
5
 10
65.0
 20
56.0
 30
0.0
 11
66.0
 21
56.0
 31
0.0
  0
LINE
  5
8AE
  8
SHEET
 62
5
 10
65.0
 20
56.0
 30
0.0
 11
65.0
 21
57.0
 31
0.0
  0
LINE
  5
8AF
  8
SHEET
 62
5
 10
85.0
 20
56.0
 30
0.0
 11
85.0
 21
57.0
 31
0.0
  0
LINE
  5
8B0
  8
SHEET
 62
5
 10
91.0
 20
56.0
 30
0.0
 11
91.0
 21
57.0
 31
0.0
  0
LINE
  5
8B1
  8
SHEET
 62
7
 10
92.0
 20
56.0
 30
0.0
 11
93.0
 21
56.0
 31
0.0
  0
LINE
  5
8B2
  8
SHEET
 62
1
 10
96.0
 20
56.0
 30
0.0
 11
96.0
 21
57.0
 31
0.0
  0
LINE
  5
8B3
  8
SHEET
 62
5
 10
97.0
 20
56.0
 30
0.0
 11
98.0
 21
56.0
 31
0.0
  0
LINE
  5
8B4
  8
SHEET
 62
5
 10
97.0
 20
56.0
 30
0.0
 11
97.0
 21
57.0
 31
0.0
  0
LINE
  5
8B5
  8
SHEET
 62
5
 10
98.0
 20
56.0
 30
0.0
 11
99.0
 21
56.0
 31
0.0
  0
LINE
  5
8B6
  8
SHEET
 62
5
 10
99.0
 20
56.0
 30
0.0
 11
99.0
 21
57.0
 31
0.0
  0
LINE
  5
8B7
  8
SHEET
 62
7
 10
100.0
 20
56.0
 30
0.0
 11
100.0
 21
57.0
 31
0.0
  0
LINE
  5
8B8
  8
SHEET
 62
1
 10
103.0
 20
57.0
 30
0.0
 11
104.0
 21
57.0
 31
0.0
  0
LINE
  5
8B9
  8
SHEET
 62
7
 10
105.0
 20
56.0
 30
0.0
 11
105.0
 21
57.0
 31
0.0
  0
LINE
  5
8BA
  8
SHEET
 62
5
 10
106.0
 20
57.0
 30
0.0
 11
107.0
 21
57.0
 31
0.0
  0
LINE
  5
8BB
  8
SHEET
 62
5
 10
106.0
 20
56.0
 30
0.0
 11
107.0
 21
56.0
 31
0.0
  0
LINE
  5
8BC
  8
SHEET
 62
5
 10
106.0
 20
56.0
 30
0.0
 11
106.0
 21
57.0
 31
0.0
  0
LINE
  5
8BD
  8
SHEET
 62
5
 10
107.0
 20
56.0
 30
0.0
 11
107.0
 21
57.0
 31
0.0
  0
LINE
  5
8BE
  8
SHEET
 62
5
 10
110.0
 20
56.0
 30
0.0
 11
111.0
 21
56.0
 31
0.0
  0
LINE
  5
8BF
  8
SHEET
 62
5
 10
110.0
 20
56.0
 30
0.0
 11
110.0
 21
57.0
 31
0.0
  0
LINE
  5
8C0
  8
SHEET
 62
7
 10
111.0
 20
57.0
 30
0.0
 11
112.0
 21
57.0
 31
0.0
  0
LINE
  5
8C1
  8
SHEET
 62
7
 10
112.0
 20
56.0
 30
0.0
 11
113.0
 21
56.0
 31
0.0
  0
LINE
  5
8C2
  8
SHEET
 62
7
 10
113.0
 20
56.0
 30
0.0
 11
113.0
 21
57.0
 31
0.0
  0
LINE
  5
8C3
  8
SHEET
 62
5
 10
114.0
 20
56.0
 30
0.0
 11
114.0
 21
57.0
 31
0.0
  0
LINE
  5
8C4
  8
SHEET
 62
7
 10
115.0
 20
57.0
 30
0.0
 11
116.0
 21
57.0
 31
0.0
  0
LINE
  5
8C5
  8
SHEET
 62
5
 10
116.0
 20
56.0
 30
0.0
 11
117.0
 21
56.0
 31
0.0
  0
LINE
  5
8C6
  8
SHEET
 62
5
 10
117.0
 20
57.0
 30
0.0
 11
118.0
 21
57.0
 31
0.0
  0
LINE
  5
8C7
  8
SHEET
 62
5
 10
118.0
 20
56.0
 30
0.0
 11
118.0
 21
57.0
 31
0.0
  0
LINE
  5
8C8
  8
SHEET
 62
5
 10
119.0
 20
56.0
 30
0.0
 11
119.0
 21
57.0
 31
0.0
  0
LINE
  5
8C9
  8
SHEET
 62
5
 10
122.0
 20
56.0
 30
0.0
 11
122.0
 21
57.0
 31
0.0
  0
LINE
  5
8CA
  8
SHEET
 62
5
 10
125.0
 20
56.0
 30
0.0
 11
125.0
 21
57.0
 31
0.0
  0
LINE
  5
8CB
  8
SHEET
 62
5
 10
126.0
 20
56.0
 30
0.0
 11
126.0
 21
57.0
 31
0.0
  0
LINE
  5
8CC
  8
SHEET
 62
5
 10
127.0
 20
56.0
 30
0.0
 11
127.0
 21
57.0
 31
0.0
  0
LINE
  5
8CD
  8
SHEET
 62
5
 10
129.0
 20
57.0
 30
0.0
 11
130.0
 21
57.0
 31
0.0
  0
LINE
  5
8CE
  8
SHEET
 62
5
 10
130.0
 20
56.0
 30
0.0
 11
130.0
 21
57.0
 31
0.0
  0
LINE
  5
8CF
  8
SHEET
 62
5
 10
40.0
 20
55.0
 30
0.0
 11
40.0
 21
56.0
 31
0.0
  0
LINE
  5
8D0
  8
SHEET
 62
5
 10
43.0
 20
55.0
 30
0.0
 11
43.0
 21
56.0
 31
0.0
  0
LINE
  5
8D1
  8
SHEET
 62
5
 10
44.0
 20
55.0
 30
0.0
 11
44.0
 21
56.0
 31
0.0
  0
LINE
  5
8D2
  8
SHEET
 62
5
 10
45.0
 20
55.0
 30
0.0
 11
45.0
 21
56.0
 31
0.0
  0
LINE
  5
8D3
  8
SHEET
 62
5
 10
61.0
 20
55.0
 30
0.0
 11
61.0
 21
56.0
 31
0.0
  0
LINE
  5
8D4
  8
SHEET
 62
5
 10
62.0
 20
56.0
 30
0.0
 11
63.0
 21
56.0
 31
0.0
  0
LINE
  5
8D5
  8
SHEET
 62
5
 10
62.0
 20
55.0
 30
0.0
 11
63.0
 21
55.0
 31
0.0
  0
LINE
  5
8D6
  8
SHEET
 62
5
 10
64.0
 20
56.0
 30
0.0
 11
65.0
 21
56.0
 31
0.0
  0
LINE
  5
8D7
  8
SHEET
 62
5
 10
65.0
 20
55.0
 30
0.0
 11
65.0
 21
56.0
 31
0.0
  0
LINE
  5
8D8
  8
SHEET
 62
5
 10
66.0
 20
55.0
 30
0.0
 11
66.0
 21
56.0
 31
0.0
  0
LINE
  5
8D9
  8
SHEET
 62
5
 10
84.0
 20
55.0
 30
0.0
 11
85.0
 21
55.0
 31
0.0
  0
LINE
  5
8DA
  8
SHEET
 62
7
 10
85.0
 20
56.0
 30
0.0
 11
86.0
 21
56.0
 31
0.0
  0
LINE
  5
8DB
  8
SHEET
 62
7
 10
85.0
 20
55.0
 30
0.0
 11
86.0
 21
55.0
 31
0.0
  0
LINE
  5
8DC
  8
SHEET
 62
5
 10
86.0
 20
56.0
 30
0.0
 11
87.0
 21
56.0
 31
0.0
  0
LINE
  5
8DD
  8
SHEET
 62
5
 10
87.0
 20
55.0
 30
0.0
 11
87.0
 21
56.0
 31
0.0
  0
LINE
  5
8DE
  8
SHEET
 62
5
 10
91.0
 20
55.0
 30
0.0
 11
91.0
 21
56.0
 31
0.0
  0
LINE
  5
8DF
  8
SHEET
 62
5
 10
92.0
 20
55.0
 30
0.0
 11
92.0
 21
56.0
 31
0.0
  0
LINE
  5
8E0
  8
SHEET
 62
1
 10
93.0
 20
55.0
 30
0.0
 11
93.0
 21
56.0
 31
0.0
  0
LINE
  5
8E1
  8
SHEET
 62
5
 10
96.0
 20
56.0
 30
0.0
 11
97.0
 21
56.0
 31
0.0
  0
LINE
  5
8E2
  8
SHEET
 62
5
 10
97.0
 20
55.0
 30
0.0
 11
97.0
 21
56.0
 31
0.0
  0
LINE
  5
8E3
  8
SHEET
 62
5
 10
100.0
 20
55.0
 30
0.0
 11
100.0
 21
56.0
 31
0.0
  0
LINE
  5
8E4
  8
SHEET
 62
1
 10
105.0
 20
56.0
 30
0.0
 11
106.0
 21
56.0
 31
0.0
  0
LINE
  5
8E5
  8
SHEET
 62
1
 10
106.0
 20
55.0
 30
0.0
 11
106.0
 21
56.0
 31
0.0
  0
LINE
  5
8E6
  8
SHEET
 62
5
 10
107.0
 20
56.0
 30
0.0
 11
108.0
 21
56.0
 31
0.0
  0
LINE
  5
8E7
  8
SHEET
 62
5
 10
107.0
 20
55.0
 30
0.0
 11
107.0
 21
56.0
 31
0.0
  0
LINE
  5
8E8
  8
SHEET
 62
5
 10
108.0
 20
55.0
 30
0.0
 11
108.0
 21
56.0
 31
0.0
  0
LINE
  5
8E9
  8
SHEET
 62
5
 10
109.0
 20
56.0
 30
0.0
 11
110.0
 21
56.0
 31
0.0
  0
LINE
  5
8EA
  8
SHEET
 62
5
 10
109.0
 20
55.0
 30
0.0
 11
109.0
 21
56.0
 31
0.0
  0
LINE
  5
8EB
  8
SHEET
 62
5
 10
110.0
 20
55.0
 30
0.0
 11
110.0
 21
56.0
 31
0.0
  0
LINE
  5
8EC
  8
SHEET
 62
5
 10
111.0
 20
55.0
 30
0.0
 11
111.0
 21
56.0
 31
0.0
  0
LINE
  5
8ED
  8
SHEET
 62
5
 10
112.0
 20
55.0
 30
0.0
 11
112.0
 21
56.0
 31
0.0
  0
LINE
  5
8EE
  8
SHEET
 62
5
 10
113.0
 20
56.0
 30
0.0
 11
114.0
 21
56.0
 31
0.0
  0
LINE
  5
8EF
  8
SHEET
 62
5
 10
113.0
 20
55.0
 30
0.0
 11
113.0
 21
56.0
 31
0.0
  0
LINE
  5
8F0
  8
SHEET
 62
5
 10
116.0
 20
55.0
 30
0.0
 11
116.0
 21
56.0
 31
0.0
  0
LINE
  5
8F1
  8
SHEET
 62
5
 10
117.0
 20
55.0
 30
0.0
 11
117.0
 21
56.0
 31
0.0
  0
LINE
  5
8F2
  8
SHEET
 62
5
 10
118.0
 20
55.0
 30
0.0
 11
118.0
 21
56.0
 31
0.0
  0
LINE
  5
8F3
  8
SHEET
 62
5
 10
119.0
 20
55.0
 30
0.0
 11
119.0
 21
56.0
 31
0.0
  0
LINE
  5
8F4
  8
SHEET
 62
5
 10
122.0
 20
55.0
 30
0.0
 11
122.0
 21
56.0
 31
0.0
  0
LINE
  5
8F5
  8
SHEET
 62
5
 10
125.0
 20
55.0
 30
0.0
 11
126.0
 21
55.0
 31
0.0
  0
LINE
  5
8F6
  8
SHEET
 62
5
 10
125.0
 20
55.0
 30
0.0
 11
125.0
 21
56.0
 31
0.0
  0
LINE
  5
8F7
  8
SHEET
 62
5
 10
126.0
 20
55.0
 30
0.0
 11
126.0
 21
56.0
 31
0.0
  0
LINE
  5
8F8
  8
SHEET
 62
5
 10
127.0
 20
55.0
 30
0.0
 11
127.0
 21
56.0
 31
0.0
  0
LINE
  5
8F9
  8
SHEET
 62
5
 10
129.0
 20
55.0
 30
0.0
 11
130.0
 21
55.0
 31
0.0
  0
LINE
  5
8FA
  8
SHEET
 62
5
 10
130.0
 20
55.0
 30
0.0
 11
130.0
 21
56.0
 31
0.0
  0
LINE
  5
8FB
  8
SHEET
 62
5
 10
40.0
 20
54.0
 30
0.0
 11
40.0
 21
55.0
 31
0.0
  0
LINE
  5
8FC
  8
SHEET
 62
5
 10
43.0
 20
54.0
 30
0.0
 11
43.0
 21
55.0
 31
0.0
  0
LINE
  5
8FD
  8
SHEET
 62
5
 10
44.0
 20
54.0
 30
0.0
 11
44.0
 21
55.0
 31
0.0
  0
LINE
  5
8FE
  8
SHEET
 62
5
 10
45.0
 20
54.0
 30
0.0
 11
45.0
 21
55.0
 31
0.0
  0
LINE
  5
8FF
  8
SHEET
 62
5
 10
61.0
 20
54.0
 30
0.0
 11
62.0
 21
54.0
 31
0.0
  0
LINE
  5
900
  8
SHEET
 62
5
 10
61.0
 20
54.0
 30
0.0
 11
61.0
 21
55.0
 31
0.0
  0
LINE
  5
901
  8
SHEET
 62
5
 10
62.0
 20
54.0
 30
0.0
 11
62.0
 21
55.0
 31
0.0
  0
LINE
  5
902
  8
SHEET
 62
5
 10
63.0
 20
54.0
 30
0.0
 11
64.0
 21
54.0
 31
0.0
  0
LINE
  5
903
  8
SHEET
 62
5
 10
63.0
 20
54.0
 30
0.0
 11
63.0
 21
55.0
 31
0.0
  0
LINE
  5
904
  8
SHEET
 62
5
 10
65.0
 20
55.0
 30
0.0
 11
66.0
 21
55.0
 31
0.0
  0
LINE
  5
905
  8
SHEET
 62
5
 10
84.0
 20
54.0
 30
0.0
 11
84.0
 21
55.0
 31
0.0
  0
LINE
  5
906
  8
SHEET
 62
5
 10
86.0
 20
54.0
 30
0.0
 11
86.0
 21
55.0
 31
0.0
  0
LINE
  5
907
  8
SHEET
 62
5
 10
87.0
 20
54.0
 30
0.0
 11
87.0
 21
55.0
 31
0.0
  0
LINE
  5
908
  8
SHEET
 62
5
 10
88.0
 20
55.0
 30
0.0
 11
89.0
 21
55.0
 31
0.0
  0
LINE
  5
909
  8
SHEET
 62
5
 10
88.0
 20
54.0
 30
0.0
 11
88.0
 21
55.0
 31
0.0
  0
LINE
  5
90A
  8
SHEET
 62
5
 10
89.0
 20
54.0
 30
0.0
 11
89.0
 21
55.0
 31
0.0
  0
LINE
  5
90B
  8
SHEET
 62
5
 10
91.0
 20
54.0
 30
0.0
 11
91.0
 21
55.0
 31
0.0
  0
LINE
  5
90C
  8
SHEET
 62
5
 10
92.0
 20
54.0
 30
0.0
 11
92.0
 21
55.0
 31
0.0
  0
LINE
  5
90D
  8
SHEET
 62
1
 10
93.0
 20
54.0
 30
0.0
 11
93.0
 21
55.0
 31
0.0
  0
LINE
  5
90E
  8
SHEET
 62
5
 10
97.0
 20
54.0
 30
0.0
 11
97.0
 21
55.0
 31
0.0
  0
LINE
  5
90F
  8
SHEET
 62
5
 10
98.0
 20
55.0
 30
0.0
 11
99.0
 21
55.0
 31
0.0
  0
LINE
  5
910
  8
SHEET
 62
5
 10
98.0
 20
54.0
 30
0.0
 11
99.0
 21
54.0
 31
0.0
  0
LINE
  5
911
  8
SHEET
 62
5
 10
98.0
 20
54.0
 30
0.0
 11
98.0
 21
55.0
 31
0.0
  0
LINE
  5
912
  8
SHEET
 62
5
 10
99.0
 20
55.0
 30
0.0
 11
100.0
 21
55.0
 31
0.0
  0
LINE
  5
913
  8
SHEET
 62
7
 10
106.0
 20
55.0
 30
0.0
 11
107.0
 21
55.0
 31
0.0
  0
LINE
  5
914
  8
SHEET
 62
5
 10
108.0
 20
54.0
 30
0.0
 11
108.0
 21
55.0
 31
0.0
  0
LINE
  5
915
  8
SHEET
 62
5
 10
109.0
 20
54.0
 30
0.0
 11
109.0
 21
55.0
 31
0.0
  0
LINE
  5
916
  8
SHEET
 62
7
 10
110.0
 20
55.0
 30
0.0
 11
111.0
 21
55.0
 31
0.0
  0
LINE
  5
917
  8
SHEET
 62
7
 10
112.0
 20
55.0
 30
0.0
 11
113.0
 21
55.0
 31
0.0
  0
LINE
  5
918
  8
SHEET
 62
7
 10
112.0
 20
54.0
 30
0.0
 11
113.0
 21
54.0
 31
0.0
  0
LINE
  5
919
  8
SHEET
 62
7
 10
113.0
 20
54.0
 30
0.0
 11
114.0
 21
54.0
 31
0.0
  0
LINE
  5
91A
  8
SHEET
 62
5
 10
114.0
 20
54.0
 30
0.0
 11
115.0
 21
54.0
 31
0.0
  0
LINE
  5
91B
  8
SHEET
 62
7
 10
116.0
 20
55.0
 30
0.0
 11
117.0
 21
55.0
 31
0.0
  0
LINE
  5
91C
  8
SHEET
 62
5
 10
117.0
 20
54.0
 30
0.0
 11
118.0
 21
54.0
 31
0.0
  0
LINE
  5
91D
  8
SHEET
 62
5
 10
118.0
 20
54.0
 30
0.0
 11
118.0
 21
55.0
 31
0.0
  0
LINE
  5
91E
  8
SHEET
 62
5
 10
119.0
 20
54.0
 30
0.0
 11
119.0
 21
55.0
 31
0.0
  0
LINE
  5
91F
  8
SHEET
 62
5
 10
121.0
 20
54.0
 30
0.0
 11
122.0
 21
54.0
 31
0.0
  0
LINE
  5
920
  8
SHEET
 62
5
 10
122.0
 20
54.0
 30
0.0
 11
122.0
 21
55.0
 31
0.0
  0
LINE
  5
921
  8
SHEET
 62
5
 10
126.0
 20
55.0
 30
0.0
 11
127.0
 21
55.0
 31
0.0
  0
LINE
  5
922
  8
SHEET
 62
5
 10
126.0
 20
54.0
 30
0.0
 11
126.0
 21
55.0
 31
0.0
  0
LINE
  5
923
  8
SHEET
 62
5
 10
129.0
 20
54.0
 30
0.0
 11
129.0
 21
55.0
 31
0.0
  0
LINE
  5
924
  8
SHEET
 62
5
 10
40.0
 20
53.0
 30
0.0
 11
40.0
 21
54.0
 31
0.0
  0
LINE
  5
925
  8
SHEET
 62
5
 10
43.0
 20
53.0
 30
0.0
 11
43.0
 21
54.0
 31
0.0
  0
LINE
  5
926
  8
SHEET
 62
5
 10
44.0
 20
53.0
 30
0.0
 11
44.0
 21
54.0
 31
0.0
  0
LINE
  5
927
  8
SHEET
 62
5
 10
45.0
 20
53.0
 30
0.0
 11
45.0
 21
54.0
 31
0.0
  0
LINE
  5
928
  8
SHEET
 62
5
 10
62.0
 20
54.0
 30
0.0
 11
63.0
 21
54.0
 31
0.0
  0
LINE
  5
929
  8
SHEET
 62
5
 10
62.0
 20
53.0
 30
0.0
 11
62.0
 21
54.0
 31
0.0
  0
LINE
  5
92A
  8
SHEET
 62
5
 10
63.0
 20
53.0
 30
0.0
 11
63.0
 21
54.0
 31
0.0
  0
LINE
  5
92B
  8
SHEET
 62
5
 10
64.0
 20
53.0
 30
0.0
 11
64.0
 21
54.0
 31
0.0
  0
LINE
  5
92C
  8
SHEET
 62
5
 10
84.0
 20
54.0
 30
0.0
 11
85.0
 21
54.0
 31
0.0
  0
LINE
  5
92D
  8
SHEET
 62
5
 10
85.0
 20
54.0
 30
0.0
 11
86.0
 21
54.0
 31
0.0
  0
LINE
  5
92E
  8
SHEET
 62
5
 10
87.0
 20
54.0
 30
0.0
 11
88.0
 21
54.0
 31
0.0
  0
LINE
  5
92F
  8
SHEET
 62
5
 10
89.0
 20
53.0
 30
0.0
 11
89.0
 21
54.0
 31
0.0
  0
LINE
  5
930
  8
SHEET
 62
5
 10
91.0
 20
53.0
 30
0.0
 11
91.0
 21
54.0
 31
0.0
  0
LINE
  5
931
  8
SHEET
 62
5
 10
92.0
 20
53.0
 30
0.0
 11
92.0
 21
54.0
 31
0.0
  0
LINE
  5
932
  8
SHEET
 62
1
 10
93.0
 20
53.0
 30
0.0
 11
93.0
 21
54.0
 31
0.0
  0
LINE
  5
933
  8
SHEET
 62
5
 10
97.0
 20
53.0
 30
0.0
 11
97.0
 21
54.0
 31
0.0
  0
LINE
  5
934
  8
SHEET
 62
7
 10
99.0
 20
53.0
 30
0.0
 11
99.0
 21
54.0
 31
0.0
  0
LINE
  5
935
  8
SHEET
 62
7
 10
106.0
 20
53.0
 30
0.0
 11
107.0
 21
53.0
 31
0.0
  0
LINE
  5
936
  8
SHEET
 62
5
 10
108.0
 20
53.0
 30
0.0
 11
108.0
 21
54.0
 31
0.0
  0
LINE
  5
937
  8
SHEET
 62
5
 10
109.0
 20
53.0
 30
0.0
 11
110.0
 21
53.0
 31
0.0
  0
LINE
  5
938
  8
SHEET
 62
5
 10
109.0
 20
53.0
 30
0.0
 11
109.0
 21
54.0
 31
0.0
  0
LINE
  5
939
  8
SHEET
 62
7
 10
111.0
 20
53.0
 30
0.0
 11
112.0
 21
53.0
 31
0.0
  0
LINE
  5
93A
  8
SHEET
 62
7
 10
112.0
 20
53.0
 30
0.0
 11
112.0
 21
54.0
 31
0.0
  0
LINE
  5
93B
  8
SHEET
 62
5
 10
115.0
 20
53.0
 30
0.0
 11
115.0
 21
54.0
 31
0.0
  0
LINE
  5
93C
  8
SHEET
 62
5
 10
117.0
 20
53.0
 30
0.0
 11
117.0
 21
54.0
 31
0.0
  0
LINE
  5
93D
  8
SHEET
 62
5
 10
118.0
 20
54.0
 30
0.0
 11
119.0
 21
54.0
 31
0.0
  0
LINE
  5
93E
  8
SHEET
 62
5
 10
118.0
 20
53.0
 30
0.0
 11
118.0
 21
54.0
 31
0.0
  0
LINE
  5
93F
  8
SHEET
 62
5
 10
119.0
 20
53.0
 30
0.0
 11
120.0
 21
53.0
 31
0.0
  0
LINE
  5
940
  8
SHEET
 62
5
 10
121.0
 20
53.0
 30
0.0
 11
121.0
 21
54.0
 31
0.0
  0
LINE
  5
941
  8
SHEET
 62
5
 10
122.0
 20
54.0
 30
0.0
 11
123.0
 21
54.0
 31
0.0
  0
LINE
  5
942
  8
SHEET
 62
5
 10
122.0
 20
53.0
 30
0.0
 11
123.0
 21
53.0
 31
0.0
  0
LINE
  5
943
  8
SHEET
 62
5
 10
122.0
 20
53.0
 30
0.0
 11
122.0
 21
54.0
 31
0.0
  0
LINE
  5
944
  8
SHEET
 62
5
 10
123.0
 20
54.0
 30
0.0
 11
124.0
 21
54.0
 31
0.0
  0
LINE
  5
945
  8
SHEET
 62
5
 10
123.0
 20
53.0
 30
0.0
 11
124.0
 21
53.0
 31
0.0
  0
LINE
  5
946
  8
SHEET
 62
5
 10
124.0
 20
54.0
 30
0.0
 11
125.0
 21
54.0
 31
0.0
  0
LINE
  5
947
  8
SHEET
 62
5
 10
125.0
 20
54.0
 30
0.0
 11
126.0
 21
54.0
 31
0.0
  0
LINE
  5
948
  8
SHEET
 62
5
 10
126.0
 20
53.0
 30
0.0
 11
127.0
 21
53.0
 31
0.0
  0
LINE
  5
949
  8
SHEET
 62
7
 10
127.0
 20
53.0
 30
0.0
 11
128.0
 21
53.0
 31
0.0
  0
LINE
  5
94A
  8
SHEET
 62
5
 10
129.0
 20
53.0
 30
0.0
 11
129.0
 21
54.0
 31
0.0
  0
LINE
  5
94B
  8
SHEET
 62
5
 10
130.0
 20
54.0
 30
0.0
 11
131.0
 21
54.0
 31
0.0
  0
LINE
  5
94C
  8
SHEET
 62
5
 10
130.0
 20
53.0
 30
0.0
 11
130.0
 21
54.0
 31
0.0
  0
LINE
  5
94D
  8
SHEET
 62
5
 10
131.0
 20
54.0
 30
0.0
 11
132.0
 21
54.0
 31
0.0
  0
LINE
  5
94E
  8
SHEET
 62
5
 10
131.0
 20
53.0
 30
0.0
 11
132.0
 21
53.0
 31
0.0
  0
LINE
  5
94F
  8
SHEET
 62
5
 10
132.0
 20
54.0
 30
0.0
 11
133.0
 21
54.0
 31
0.0
  0
LINE
  5
950
  8
SHEET
 62
5
 10
133.0
 20
54.0
 30
0.0
 11
134.0
 21
54.0
 31
0.0
  0
LINE
  5
951
  8
SHEET
 62
5
 10
134.0
 20
54.0
 30
0.0
 11
135.0
 21
54.0
 31
0.0
  0
LINE
  5
952
  8
SHEET
 62
5
 10
134.0
 20
53.0
 30
0.0
 11
135.0
 21
53.0
 31
0.0
  0
LINE
  5
953
  8
SHEET
 62
5
 10
135.0
 20
53.0
 30
0.0
 11
135.0
 21
54.0
 31
0.0
  0
LINE
  5
954
  8
SHEET
 62
5
 10
40.0
 20
52.0
 30
0.0
 11
40.0
 21
53.0
 31
0.0
  0
LINE
  5
955
  8
SHEET
 62
5
 10
43.0
 20
52.0
 30
0.0
 11
43.0
 21
53.0
 31
0.0
  0
LINE
  5
956
  8
SHEET
 62
5
 10
44.0
 20
52.0
 30
0.0
 11
44.0
 21
53.0
 31
0.0
  0
LINE
  5
957
  8
SHEET
 62
5
 10
45.0
 20
52.0
 30
0.0
 11
45.0
 21
53.0
 31
0.0
  0
LINE
  5
958
  8
SHEET
 62
5
 10
60.0
 20
53.0
 30
0.0
 11
61.0
 21
53.0
 31
0.0
  0
LINE
  5
959
  8
SHEET
 62
5
 10
60.0
 20
52.0
 30
0.0
 11
61.0
 21
52.0
 31
0.0
  0
LINE
  5
95A
  8
SHEET
 62
5
 10
60.0
 20
52.0
 30
0.0
 11
60.0
 21
53.0
 31
0.0
  0
LINE
  5
95B
  8
SHEET
 62
5
 10
61.0
 20
53.0
 30
0.0
 11
62.0
 21
53.0
 31
0.0
  0
LINE
  5
95C
  8
SHEET
 62
5
 10
63.0
 20
53.0
 30
0.0
 11
64.0
 21
53.0
 31
0.0
  0
LINE
  5
95D
  8
SHEET
 62
5
 10
89.0
 20
53.0
 30
0.0
 11
90.0
 21
53.0
 31
0.0
  0
LINE
  5
95E
  8
SHEET
 62
5
 10
90.0
 20
52.0
 30
0.0
 11
90.0
 21
53.0
 31
0.0
  0
LINE
  5
95F
  8
SHEET
 62
5
 10
91.0
 20
52.0
 30
0.0
 11
91.0
 21
53.0
 31
0.0
  0
LINE
  5
960
  8
SHEET
 62
5
 10
92.0
 20
52.0
 30
0.0
 11
92.0
 21
53.0
 31
0.0
  0
LINE
  5
961
  8
SHEET
 62
1
 10
93.0
 20
52.0
 30
0.0
 11
93.0
 21
53.0
 31
0.0
  0
LINE
  5
962
  8
SHEET
 62
5
 10
97.0
 20
52.0
 30
0.0
 11
97.0
 21
53.0
 31
0.0
  0
LINE
  5
963
  8
SHEET
 62
1
 10
99.0
 20
52.0
 30
0.0
 11
100.0
 21
52.0
 31
0.0
  0
LINE
  5
964
  8
SHEET
 62
1
 10
99.0
 20
52.0
 30
0.0
 11
99.0
 21
53.0
 31
0.0
  0
LINE
  5
965
  8
SHEET
 62
1
 10
105.0
 20
52.0
 30
0.0
 11
106.0
 21
52.0
 31
0.0
  0
LINE
  5
966
  8
SHEET
 62
1
 10
106.0
 20
52.0
 30
0.0
 11
106.0
 21
53.0
 31
0.0
  0
LINE
  5
967
  8
SHEET
 62
5
 10
107.0
 20
52.0
 30
0.0
 11
108.0
 21
52.0
 31
0.0
  0
LINE
  5
968
  8
SHEET
 62
5
 10
107.0
 20
52.0
 30
0.0
 11
107.0
 21
53.0
 31
0.0
  0
LINE
  5
969
  8
SHEET
 62
5
 10
108.0
 20
53.0
 30
0.0
 11
109.0
 21
53.0
 31
0.0
  0
LINE
  5
96A
  8
SHEET
 62
5
 10
109.0
 20
52.0
 30
0.0
 11
109.0
 21
53.0
 31
0.0
  0
LINE
  5
96B
  8
SHEET
 62
5
 10
110.0
 20
52.0
 30
0.0
 11
111.0
 21
52.0
 31
0.0
  0
LINE
  5
96C
  8
SHEET
 62
5
 10
110.0
 20
52.0
 30
0.0
 11
110.0
 21
53.0
 31
0.0
  0
LINE
  5
96D
  8
SHEET
 62
5
 10
111.0
 20
52.0
 30
0.0
 11
111.0
 21
53.0
 31
0.0
  0
LINE
  5
96E
  8
SHEET
 62
5
 10
112.0
 20
53.0
 30
0.0
 11
113.0
 21
53.0
 31
0.0
  0
LINE
  5
96F
  8
SHEET
 62
5
 10
112.0
 20
52.0
 30
0.0
 11
113.0
 21
52.0
 31
0.0
  0
LINE
  5
970
  8
SHEET
 62
5
 10
112.0
 20
52.0
 30
0.0
 11
112.0
 21
53.0
 31
0.0
  0
LINE
  5
971
  8
SHEET
 62
5
 10
113.0
 20
53.0
 30
0.0
 11
114.0
 21
53.0
 31
0.0
  0
LINE
  5
972
  8
SHEET
 62
5
 10
113.0
 20
52.0
 30
0.0
 11
114.0
 21
52.0
 31
0.0
  0
LINE
  5
973
  8
SHEET
 62
5
 10
114.0
 20
53.0
 30
0.0
 11
115.0
 21
53.0
 31
0.0
  0
LINE
  5
974
  8
SHEET
 62
7
 10
115.0
 20
52.0
 30
0.0
 11
116.0
 21
52.0
 31
0.0
  0
LINE
  5
975
  8
SHEET
 62
7
 10
117.0
 20
53.0
 30
0.0
 11
118.0
 21
53.0
 31
0.0
  0
LINE
  5
976
  8
SHEET
 62
5
 10
119.0
 20
52.0
 30
0.0
 11
119.0
 21
53.0
 31
0.0
  0
LINE
  5
977
  8
SHEET
 62
5
 10
120.0
 20
52.0
 30
0.0
 11
121.0
 21
52.0
 31
0.0
  0
LINE
  5
978
  8
SHEET
 62
5
 10
120.0
 20
52.0
 30
0.0
 11
120.0
 21
53.0
 31
0.0
  0
LINE
  5
979
  8
SHEET
 62
5
 10
121.0
 20
53.0
 30
0.0
 11
122.0
 21
53.0
 31
0.0
  0
LINE
  5
97A
  8
SHEET
 62
5
 10
122.0
 20
52.0
 30
0.0
 11
122.0
 21
53.0
 31
0.0
  0
LINE
  5
97B
  8
SHEET
 62
7
 10
124.0
 20
52.0
 30
0.0
 11
124.0
 21
53.0
 31
0.0
  0
LINE
  5
97C
  8
SHEET
 62
7
 10
126.0
 20
52.0
 30
0.0
 11
126.0
 21
53.0
 31
0.0
  0
LINE
  5
97D
  8
SHEET
 62
5
 10
128.0
 20
52.0
 30
0.0
 11
129.0
 21
52.0
 31
0.0
  0
LINE
  5
97E
  8
SHEET
 62
5
 10
128.0
 20
52.0
 30
0.0
 11
128.0
 21
53.0
 31
0.0
  0
LINE
  5
97F
  8
SHEET
 62
5
 10
129.0
 20
53.0
 30
0.0
 11
130.0
 21
53.0
 31
0.0
  0
LINE
  5
980
  8
SHEET
 62
7
 10
131.0
 20
52.0
 30
0.0
 11
131.0
 21
53.0
 31
0.0
  0
LINE
  5
981
  8
SHEET
 62
7
 10
132.0
 20
52.0
 30
0.0
 11
132.0
 21
53.0
 31
0.0
  0
LINE
  5
982
  8
SHEET
 62
7
 10
134.0
 20
52.0
 30
0.0
 11
134.0
 21
53.0
 31
0.0
  0
LINE
  5
983
  8
SHEET
 62
5
 10
135.0
 20
53.0
 30
0.0
 11
136.0
 21
53.0
 31
0.0
  0
LINE
  5
984
  8
SHEET
 62
5
 10
135.0
 20
52.0
 30
0.0
 11
135.0
 21
53.0
 31
0.0
  0
LINE
  5
985
  8
SHEET
 62
5
 10
136.0
 20
52.0
 30
0.0
 11
136.0
 21
53.0
 31
0.0
  0
LINE
  5
986
  8
SHEET
 62
5
 10
40.0
 20
51.0
 30
0.0
 11
40.0
 21
52.0
 31
0.0
  0
LINE
  5
987
  8
SHEET
 62
5
 10
43.0
 20
51.0
 30
0.0
 11
43.0
 21
52.0
 31
0.0
  0
LINE
  5
988
  8
SHEET
 62
5
 10
44.0
 20
51.0
 30
0.0
 11
44.0
 21
52.0
 31
0.0
  0
LINE
  5
989
  8
SHEET
 62
5
 10
45.0
 20
51.0
 30
0.0
 11
45.0
 21
52.0
 31
0.0
  0
LINE
  5
98A
  8
SHEET
 62
5
 10
59.0
 20
52.0
 30
0.0
 11
60.0
 21
52.0
 31
0.0
  0
LINE
  5
98B
  8
SHEET
 62
5
 10
59.0
 20
51.0
 30
0.0
 11
59.0
 21
52.0
 31
0.0
  0
LINE
  5
98C
  8
SHEET
 62
5
 10
60.0
 20
51.0
 30
0.0
 11
60.0
 21
52.0
 31
0.0
  0
LINE
  5
98D
  8
SHEET
 62
5
 10
61.0
 20
51.0
 30
0.0
 11
61.0
 21
52.0
 31
0.0
  0
LINE
  5
98E
  8
SHEET
 62
5
 10
88.0
 20
51.0
 30
0.0
 11
89.0
 21
51.0
 31
0.0
  0
LINE
  5
98F
  8
SHEET
 62
5
 10
90.0
 20
51.0
 30
0.0
 11
90.0
 21
52.0
 31
0.0
  0
LINE
  5
990
  8
SHEET
 62
5
 10
91.0
 20
51.0
 30
0.0
 11
92.0
 21
51.0
 31
0.0
  0
LINE
  5
991
  8
SHEET
 62
5
 10
91.0
 20
51.0
 30
0.0
 11
91.0
 21
52.0
 31
0.0
  0
LINE
  5
992
  8
SHEET
 62
5
 10
92.0
 20
51.0
 30
0.0
 11
92.0
 21
52.0
 31
0.0
  0
LINE
  5
993
  8
SHEET
 62
1
 10
93.0
 20
51.0
 30
0.0
 11
94.0
 21
51.0
 31
0.0
  0
LINE
  5
994
  8
SHEET
 62
1
 10
93.0
 20
51.0
 30
0.0
 11
93.0
 21
52.0
 31
0.0
  0
LINE
  5
995
  8
SHEET
 62
1
 10
94.0
 20
51.0
 30
0.0
 11
95.0
 21
51.0
 31
0.0
  0
LINE
  5
996
  8
SHEET
 62
5
 10
95.0
 20
51.0
 30
0.0
 11
96.0
 21
51.0
 31
0.0
  0
LINE
  5
997
  8
SHEET
 62
5
 10
96.0
 20
51.0
 30
0.0
 11
97.0
 21
51.0
 31
0.0
  0
LINE
  5
998
  8
SHEET
 62
5
 10
97.0
 20
51.0
 30
0.0
 11
97.0
 21
52.0
 31
0.0
  0
LINE
  5
999
  8
SHEET
 62
5
 10
98.0
 20
52.0
 30
0.0
 11
99.0
 21
52.0
 31
0.0
  0
LINE
  5
99A
  8
SHEET
 62
5
 10
98.0
 20
51.0
 30
0.0
 11
99.0
 21
51.0
 31
0.0
  0
LINE
  5
99B
  8
SHEET
 62
5
 10
98.0
 20
51.0
 30
0.0
 11
98.0
 21
52.0
 31
0.0
  0
LINE
  5
99C
  8
SHEET
 62
5
 10
99.0
 20
51.0
 30
0.0
 11
99.0
 21
52.0
 31
0.0
  0
LINE
  5
99D
  8
SHEET
 62
7
 10
100.0
 20
51.0
 30
0.0
 11
100.0
 21
52.0
 31
0.0
  0
LINE
  5
99E
  8
SHEET
 62
1
 10
102.0
 20
51.0
 30
0.0
 11
103.0
 21
51.0
 31
0.0
  0
LINE
  5
99F
  8
SHEET
 62
7
 10
105.0
 20
51.0
 30
0.0
 11
105.0
 21
52.0
 31
0.0
  0
LINE
  5
9A0
  8
SHEET
 62
5
 10
106.0
 20
52.0
 30
0.0
 11
107.0
 21
52.0
 31
0.0
  0
LINE
  5
9A1
  8
SHEET
 62
5
 10
106.0
 20
51.0
 30
0.0
 11
107.0
 21
51.0
 31
0.0
  0
LINE
  5
9A2
  8
SHEET
 62
5
 10
106.0
 20
51.0
 30
0.0
 11
106.0
 21
52.0
 31
0.0
  0
LINE
  5
9A3
  8
SHEET
 62
5
 10
107.0
 20
51.0
 30
0.0
 11
107.0
 21
52.0
 31
0.0
  0
LINE
  5
9A4
  8
SHEET
 62
5
 10
108.0
 20
51.0
 30
0.0
 11
109.0
 21
51.0
 31
0.0
  0
LINE
  5
9A5
  8
SHEET
 62
5
 10
108.0
 20
51.0
 30
0.0
 11
108.0
 21
52.0
 31
0.0
  0
LINE
  5
9A6
  8
SHEET
 62
5
 10
109.0
 20
51.0
 30
0.0
 11
109.0
 21
52.0
 31
0.0
  0
LINE
  5
9A7
  8
SHEET
 62
5
 10
111.0
 20
52.0
 30
0.0
 11
112.0
 21
52.0
 31
0.0
  0
LINE
  5
9A8
  8
SHEET
 62
5
 10
111.0
 20
51.0
 30
0.0
 11
112.0
 21
51.0
 31
0.0
  0
LINE
  5
9A9
  8
SHEET
 62
5
 10
111.0
 20
51.0
 30
0.0
 11
111.0
 21
52.0
 31
0.0
  0
LINE
  5
9AA
  8
SHEET
 62
5
 10
112.0
 20
51.0
 30
0.0
 11
112.0
 21
52.0
 31
0.0
  0
LINE
  5
9AB
  8
SHEET
 62
5
 10
114.0
 20
51.0
 30
0.0
 11
115.0
 21
51.0
 31
0.0
  0
LINE
  5
9AC
  8
SHEET
 62
5
 10
114.0
 20
51.0
 30
0.0
 11
114.0
 21
52.0
 31
0.0
  0
LINE
  5
9AD
  8
SHEET
 62
5
 10
115.0
 20
51.0
 30
0.0
 11
115.0
 21
52.0
 31
0.0
  0
LINE
  5
9AE
  8
SHEET
 62
7
 10
116.0
 20
51.0
 30
0.0
 11
116.0
 21
52.0
 31
0.0
  0
LINE
  5
9AF
  8
SHEET
 62
5
 10
118.0
 20
51.0
 30
0.0
 11
119.0
 21
51.0
 31
0.0
  0
LINE
  5
9B0
  8
SHEET
 62
5
 10
119.0
 20
52.0
 30
0.0
 11
120.0
 21
52.0
 31
0.0
  0
LINE
  5
9B1
  8
SHEET
 62
5
 10
119.0
 20
51.0
 30
0.0
 11
120.0
 21
51.0
 31
0.0
  0
LINE
  5
9B2
  8
SHEET
 62
5
 10
120.0
 20
51.0
 30
0.0
 11
120.0
 21
52.0
 31
0.0
  0
LINE
  5
9B3
  8
SHEET
 62
7
 10
121.0
 20
51.0
 30
0.0
 11
121.0
 21
52.0
 31
0.0
  0
LINE
  5
9B4
  8
SHEET
 62
7
 10
122.0
 20
52.0
 30
0.0
 11
123.0
 21
52.0
 31
0.0
  0
LINE
  5
9B5
  8
SHEET
 62
7
 10
123.0
 20
52.0
 30
0.0
 11
124.0
 21
52.0
 31
0.0
  0
LINE
  5
9B6
  8
SHEET
 62
5
 10
126.0
 20
51.0
 30
0.0
 11
126.0
 21
52.0
 31
0.0
  0
LINE
  5
9B7
  8
SHEET
 62
5
 10
127.0
 20
52.0
 30
0.0
 11
128.0
 21
52.0
 31
0.0
  0
LINE
  5
9B8
  8
SHEET
 62
5
 10
127.0
 20
51.0
 30
0.0
 11
128.0
 21
51.0
 31
0.0
  0
LINE
  5
9B9
  8
SHEET
 62
5
 10
127.0
 20
51.0
 30
0.0
 11
127.0
 21
52.0
 31
0.0
  0
LINE
  5
9BA
  8
SHEET
 62
5
 10
128.0
 20
51.0
 30
0.0
 11
128.0
 21
52.0
 31
0.0
  0
LINE
  5
9BB
  8
SHEET
 62
7
 10
129.0
 20
51.0
 30
0.0
 11
129.0
 21
52.0
 31
0.0
  0
LINE
  5
9BC
  8
SHEET
 62
7
 10
131.0
 20
52.0
 30
0.0
 11
132.0
 21
52.0
 31
0.0
  0
LINE
  5
9BD
  8
SHEET
 62
7
 10
134.0
 20
51.0
 30
0.0
 11
134.0
 21
52.0
 31
0.0
  0
LINE
  5
9BE
  8
SHEET
 62
5
 10
135.0
 20
51.0
 30
0.0
 11
136.0
 21
51.0
 31
0.0
  0
LINE
  5
9BF
  8
SHEET
 62
5
 10
135.0
 20
51.0
 30
0.0
 11
135.0
 21
52.0
 31
0.0
  0
LINE
  5
9C0
  8
SHEET
 62
5
 10
136.0
 20
51.0
 30
0.0
 11
136.0
 21
52.0
 31
0.0
  0
LINE
  5
9C1
  8
SHEET
 62
5
 10
40.0
 20
50.0
 30
0.0
 11
40.0
 21
51.0
 31
0.0
  0
LINE
  5
9C2
  8
SHEET
 62
5
 10
43.0
 20
50.0
 30
0.0
 11
43.0
 21
51.0
 31
0.0
  0
LINE
  5
9C3
  8
SHEET
 62
5
 10
44.0
 20
50.0
 30
0.0
 11
44.0
 21
51.0
 31
0.0
  0
LINE
  5
9C4
  8
SHEET
 62
5
 10
45.0
 20
50.0
 30
0.0
 11
45.0
 21
51.0
 31
0.0
  0
LINE
  5
9C5
  8
SHEET
 62
5
 10
59.0
 20
50.0
 30
0.0
 11
60.0
 21
50.0
 31
0.0
  0
LINE
  5
9C6
  8
SHEET
 62
5
 10
59.0
 20
50.0
 30
0.0
 11
59.0
 21
51.0
 31
0.0
  0
LINE
  5
9C7
  8
SHEET
 62
5
 10
60.0
 20
50.0
 30
0.0
 11
60.0
 21
51.0
 31
0.0
  0
LINE
  5
9C8
  8
SHEET
 62
5
 10
61.0
 20
50.0
 30
0.0
 11
61.0
 21
51.0
 31
0.0
  0
LINE
  5
9C9
  8
SHEET
 62
5
 10
73.0
 20
50.0
 30
0.0
 11
74.0
 21
50.0
 31
0.0
  0
LINE
  5
9CA
  8
SHEET
 62
5
 10
88.0
 20
50.0
 30
0.0
 11
88.0
 21
51.0
 31
0.0
  0
LINE
  5
9CB
  8
SHEET
 62
5
 10
89.0
 20
50.0
 30
0.0
 11
90.0
 21
50.0
 31
0.0
  0
LINE
  5
9CC
  8
SHEET
 62
5
 10
89.0
 20
50.0
 30
0.0
 11
89.0
 21
51.0
 31
0.0
  0
LINE
  5
9CD
  8
SHEET
 62
5
 10
90.0
 20
50.0
 30
0.0
 11
90.0
 21
51.0
 31
0.0
  0
LINE
  5
9CE
  8
SHEET
 62
5
 10
99.0
 20
51.0
 30
0.0
 11
100.0
 21
51.0
 31
0.0
  0
LINE
  5
9CF
  8
SHEET
 62
5
 10
99.0
 20
50.0
 30
0.0
 11
100.0
 21
50.0
 31
0.0
  0
LINE
  5
9D0
  8
SHEET
 62
5
 10
99.0
 20
50.0
 30
0.0
 11
99.0
 21
51.0
 31
0.0
  0
LINE
  5
9D1
  8
SHEET
 62
5
 10
100.0
 20
50.0
 30
0.0
 11
101.0
 21
50.0
 31
0.0
  0
LINE
  5
9D2
  8
SHEET
 62
5
 10
102.0
 20
50.0
 30
0.0
 11
102.0
 21
51.0
 31
0.0
  0
LINE
  5
9D3
  8
SHEET
 62
5
 10
103.0
 20
50.0
 30
0.0
 11
104.0
 21
50.0
 31
0.0
  0
LINE
  5
9D4
  8
SHEET
 62
5
 10
103.0
 20
50.0
 30
0.0
 11
103.0
 21
51.0
 31
0.0
  0
LINE
  5
9D5
  8
SHEET
 62
5
 10
105.0
 20
51.0
 30
0.0
 11
106.0
 21
51.0
 31
0.0
  0
LINE
  5
9D6
  8
SHEET
 62
5
 10
106.0
 20
50.0
 30
0.0
 11
106.0
 21
51.0
 31
0.0
  0
LINE
  5
9D7
  8
SHEET
 62
5
 10
109.0
 20
51.0
 30
0.0
 11
110.0
 21
51.0
 31
0.0
  0
LINE
  5
9D8
  8
SHEET
 62
5
 10
109.0
 20
50.0
 30
0.0
 11
109.0
 21
51.0
 31
0.0
  0
LINE
  5
9D9
  8
SHEET
 62
5
 10
110.0
 20
51.0
 30
0.0
 11
111.0
 21
51.0
 31
0.0
  0
LINE
  5
9DA
  8
SHEET
 62
5
 10
111.0
 20
50.0
 30
0.0
 11
111.0
 21
51.0
 31
0.0
  0
LINE
  5
9DB
  8
SHEET
 62
5
 10
116.0
 20
50.0
 30
0.0
 11
117.0
 21
50.0
 31
0.0
  0
LINE
  5
9DC
  8
SHEET
 62
5
 10
116.0
 20
50.0
 30
0.0
 11
116.0
 21
51.0
 31
0.0
  0
LINE
  5
9DD
  8
SHEET
 62
5
 10
118.0
 20
50.0
 30
0.0
 11
118.0
 21
51.0
 31
0.0
  0
LINE
  5
9DE
  8
SHEET
 62
5
 10
120.0
 20
51.0
 30
0.0
 11
121.0
 21
51.0
 31
0.0
  0
LINE
  5
9DF
  8
SHEET
 62
5
 10
120.0
 20
50.0
 30
0.0
 11
121.0
 21
50.0
 31
0.0
  0
LINE
  5
9E0
  8
SHEET
 62
5
 10
120.0
 20
50.0
 30
0.0
 11
120.0
 21
51.0
 31
0.0
  0
LINE
  5
9E1
  8
SHEET
 62
5
 10
121.0
 20
50.0
 30
0.0
 11
122.0
 21
50.0
 31
0.0
  0
LINE
  5
9E2
  8
SHEET
 62
5
 10
126.0
 20
50.0
 30
0.0
 11
126.0
 21
51.0
 31
0.0
  0
LINE
  5
9E3
  8
SHEET
 62
5
 10
129.0
 20
50.0
 30
0.0
 11
129.0
 21
51.0
 31
0.0
  0
LINE
  5
9E4
  8
SHEET
 62
5
 10
134.0
 20
51.0
 30
0.0
 11
135.0
 21
51.0
 31
0.0
  0
LINE
  5
9E5
  8
SHEET
 62
5
 10
134.0
 20
50.0
 30
0.0
 11
135.0
 21
50.0
 31
0.0
  0
LINE
  5
9E6
  8
SHEET
 62
5
 10
135.0
 20
50.0
 30
0.0
 11
135.0
 21
51.0
 31
0.0
  0
LINE
  5
9E7
  8
SHEET
 62
5
 10
40.0
 20
49.0
 30
0.0
 11
40.0
 21
50.0
 31
0.0
  0
LINE
  5
9E8
  8
SHEET
 62
5
 10
43.0
 20
49.0
 30
0.0
 11
43.0
 21
50.0
 31
0.0
  0
LINE
  5
9E9
  8
SHEET
 62
5
 10
44.0
 20
49.0
 30
0.0
 11
44.0
 21
50.0
 31
0.0
  0
LINE
  5
9EA
  8
SHEET
 62
5
 10
45.0
 20
49.0
 30
0.0
 11
45.0
 21
50.0
 31
0.0
  0
LINE
  5
9EB
  8
SHEET
 62
5
 10
60.0
 20
50.0
 30
0.0
 11
61.0
 21
50.0
 31
0.0
  0
LINE
  5
9EC
  8
SHEET
 62
5
 10
60.0
 20
49.0
 30
0.0
 11
60.0
 21
50.0
 31
0.0
  0
LINE
  5
9ED
  8
SHEET
 62
5
 10
61.0
 20
49.0
 30
0.0
 11
62.0
 21
49.0
 31
0.0
  0
LINE
  5
9EE
  8
SHEET
 62
5
 10
64.0
 20
49.0
 30
0.0
 11
65.0
 21
49.0
 31
0.0
  0
LINE
  5
9EF
  8
SHEET
 62
5
 10
73.0
 20
49.0
 30
0.0
 11
73.0
 21
50.0
 31
0.0
  0
LINE
  5
9F0
  8
SHEET
 62
5
 10
74.0
 20
49.0
 30
0.0
 11
75.0
 21
49.0
 31
0.0
  0
LINE
  5
9F1
  8
SHEET
 62
5
 10
74.0
 20
49.0
 30
0.0
 11
74.0
 21
50.0
 31
0.0
  0
LINE
  5
9F2
  8
SHEET
 62
5
 10
78.0
 20
49.0
 30
0.0
 11
79.0
 21
49.0
 31
0.0
  0
LINE
  5
9F3
  8
SHEET
 62
5
 10
79.0
 20
49.0
 30
0.0
 11
80.0
 21
49.0
 31
0.0
  0
LINE
  5
9F4
  8
SHEET
 62
5
 10
88.0
 20
50.0
 30
0.0
 11
89.0
 21
50.0
 31
0.0
  0
LINE
  5
9F5
  8
SHEET
 62
5
 10
88.0
 20
49.0
 30
0.0
 11
89.0
 21
49.0
 31
0.0
  0
LINE
  5
9F6
  8
SHEET
 62
5
 10
89.0
 20
49.0
 30
0.0
 11
89.0
 21
50.0
 31
0.0
  0
LINE
  5
9F7
  8
SHEET
 62
5
 10
92.0
 20
50.0
 30
0.0
 11
93.0
 21
50.0
 31
0.0
  0
LINE
  5
9F8
  8
SHEET
 62
5
 10
92.0
 20
49.0
 30
0.0
 11
93.0
 21
49.0
 31
0.0
  0
LINE
  5
9F9
  8
SHEET
 62
5
 10
92.0
 20
49.0
 30
0.0
 11
92.0
 21
50.0
 31
0.0
  0
LINE
  5
9FA
  8
SHEET
 62
5
 10
93.0
 20
50.0
 30
0.0
 11
94.0
 21
50.0
 31
0.0
  0
LINE
  5
9FB
  8
SHEET
 62
5
 10
93.0
 20
49.0
 30
0.0
 11
94.0
 21
49.0
 31
0.0
  0
LINE
  5
9FC
  8
SHEET
 62
5
 10
94.0
 20
50.0
 30
0.0
 11
95.0
 21
50.0
 31
0.0
  0
LINE
  5
9FD
  8
SHEET
 62
5
 10
94.0
 20
49.0
 30
0.0
 11
95.0
 21
49.0
 31
0.0
  0
LINE
  5
9FE
  8
SHEET
 62
5
 10
95.0
 20
50.0
 30
0.0
 11
96.0
 21
50.0
 31
0.0
  0
LINE
  5
9FF
  8
SHEET
 62
5
 10
95.0
 20
49.0
 30
0.0
 11
96.0
 21
49.0
 31
0.0
  0
LINE
  5
A00
  8
SHEET
 62
5
 10
96.0
 20
50.0
 30
0.0
 11
97.0
 21
50.0
 31
0.0
  0
LINE
  5
A01
  8
SHEET
 62
5
 10
96.0
 20
49.0
 30
0.0
 11
97.0
 21
49.0
 31
0.0
  0
LINE
  5
A02
  8
SHEET
 62
5
 10
97.0
 20
50.0
 30
0.0
 11
98.0
 21
50.0
 31
0.0
  0
LINE
  5
A03
  8
SHEET
 62
5
 10
97.0
 20
49.0
 30
0.0
 11
98.0
 21
49.0
 31
0.0
  0
LINE
  5
A04
  8
SHEET
 62
5
 10
98.0
 20
50.0
 30
0.0
 11
99.0
 21
50.0
 31
0.0
  0
LINE
  5
A05
  8
SHEET
 62
5
 10
98.0
 20
49.0
 30
0.0
 11
99.0
 21
49.0
 31
0.0
  0
LINE
  5
A06
  8
SHEET
 62
5
 10
99.0
 20
49.0
 30
0.0
 11
99.0
 21
50.0
 31
0.0
  0
LINE
  5
A07
  8
SHEET
 62
5
 10
101.0
 20
49.0
 30
0.0
 11
101.0
 21
50.0
 31
0.0
  0
LINE
  5
A08
  8
SHEET
 62
5
 10
102.0
 20
50.0
 30
0.0
 11
103.0
 21
50.0
 31
0.0
  0
LINE
  5
A09
  8
SHEET
 62
5
 10
102.0
 20
49.0
 30
0.0
 11
103.0
 21
49.0
 31
0.0
  0
LINE
  5
A0A
  8
SHEET
 62
5
 10
103.0
 20
49.0
 30
0.0
 11
103.0
 21
50.0
 31
0.0
  0
LINE
  5
A0B
  8
SHEET
 62
5
 10
104.0
 20
49.0
 30
0.0
 11
105.0
 21
49.0
 31
0.0
  0
LINE
  5
A0C
  8
SHEET
 62
5
 10
104.0
 20
49.0
 30
0.0
 11
104.0
 21
50.0
 31
0.0
  0
LINE
  5
A0D
  8
SHEET
 62
5
 10
105.0
 20
49.0
 30
0.0
 11
106.0
 21
49.0
 31
0.0
  0
LINE
  5
A0E
  8
SHEET
 62
5
 10
106.0
 20
50.0
 30
0.0
 11
107.0
 21
50.0
 31
0.0
  0
LINE
  5
A0F
  8
SHEET
 62
5
 10
106.0
 20
49.0
 30
0.0
 11
107.0
 21
49.0
 31
0.0
  0
LINE
  5
A10
  8
SHEET
 62
5
 10
107.0
 20
50.0
 30
0.0
 11
108.0
 21
50.0
 31
0.0
  0
LINE
  5
A11
  8
SHEET
 62
5
 10
107.0
 20
49.0
 30
0.0
 11
108.0
 21
49.0
 31
0.0
  0
LINE
  5
A12
  8
SHEET
 62
5
 10
108.0
 20
50.0
 30
0.0
 11
109.0
 21
50.0
 31
0.0
  0
LINE
  5
A13
  8
SHEET
 62
5
 10
108.0
 20
49.0
 30
0.0
 11
109.0
 21
49.0
 31
0.0
  0
LINE
  5
A14
  8
SHEET
 62
5
 10
109.0
 20
49.0
 30
0.0
 11
110.0
 21
49.0
 31
0.0
  0
LINE
  5
A15
  8
SHEET
 62
5
 10
110.0
 20
49.0
 30
0.0
 11
111.0
 21
49.0
 31
0.0
  0
LINE
  5
A16
  8
SHEET
 62
5
 10
111.0
 20
50.0
 30
0.0
 11
112.0
 21
50.0
 31
0.0
  0
LINE
  5
A17
  8
SHEET
 62
5
 10
111.0
 20
49.0
 30
0.0
 11
112.0
 21
49.0
 31
0.0
  0
LINE
  5
A18
  8
SHEET
 62
5
 10
112.0
 20
50.0
 30
0.0
 11
113.0
 21
50.0
 31
0.0
  0
LINE
  5
A19
  8
SHEET
 62
5
 10
112.0
 20
49.0
 30
0.0
 11
113.0
 21
49.0
 31
0.0
  0
LINE
  5
A1A
  8
SHEET
 62
5
 10
113.0
 20
50.0
 30
0.0
 11
114.0
 21
50.0
 31
0.0
  0
LINE
  5
A1B
  8
SHEET
 62
5
 10
113.0
 20
49.0
 30
0.0
 11
114.0
 21
49.0
 31
0.0
  0
LINE
  5
A1C
  8
SHEET
 62
5
 10
114.0
 20
50.0
 30
0.0
 11
115.0
 21
50.0
 31
0.0
  0
LINE
  5
A1D
  8
SHEET
 62
5
 10
114.0
 20
49.0
 30
0.0
 11
115.0
 21
49.0
 31
0.0
  0
LINE
  5
A1E
  8
SHEET
 62
5
 10
115.0
 20
50.0
 30
0.0
 11
116.0
 21
50.0
 31
0.0
  0
LINE
  5
A1F
  8
SHEET
 62
5
 10
115.0
 20
49.0
 30
0.0
 11
116.0
 21
49.0
 31
0.0
  0
LINE
  5
A20
  8
SHEET
 62
5
 10
116.0
 20
49.0
 30
0.0
 11
116.0
 21
50.0
 31
0.0
  0
LINE
  5
A21
  8
SHEET
 62
5
 10
117.0
 20
49.0
 30
0.0
 11
117.0
 21
50.0
 31
0.0
  0
LINE
  5
A22
  8
SHEET
 62
5
 10
118.0
 20
50.0
 30
0.0
 11
119.0
 21
50.0
 31
0.0
  0
LINE
  5
A23
  8
SHEET
 62
5
 10
119.0
 20
50.0
 30
0.0
 11
120.0
 21
50.0
 31
0.0
  0
LINE
  5
A24
  8
SHEET
 62
5
 10
120.0
 20
49.0
 30
0.0
 11
120.0
 21
50.0
 31
0.0
  0
LINE
  5
A25
  8
SHEET
 62
5
 10
122.0
 20
49.0
 30
0.0
 11
123.0
 21
49.0
 31
0.0
  0
LINE
  5
A26
  8
SHEET
 62
5
 10
122.0
 20
49.0
 30
0.0
 11
122.0
 21
50.0
 31
0.0
  0
LINE
  5
A27
  8
SHEET
 62
5
 10
123.0
 20
49.0
 30
0.0
 11
124.0
 21
49.0
 31
0.0
  0
LINE
  5
A28
  8
SHEET
 62
5
 10
124.0
 20
49.0
 30
0.0
 11
125.0
 21
49.0
 31
0.0
  0
LINE
  5
A29
  8
SHEET
 62
5
 10
125.0
 20
49.0
 30
0.0
 11
126.0
 21
49.0
 31
0.0
  0
LINE
  5
A2A
  8
SHEET
 62
5
 10
126.0
 20
50.0
 30
0.0
 11
127.0
 21
50.0
 31
0.0
  0
LINE
  5
A2B
  8
SHEET
 62
5
 10
126.0
 20
49.0
 30
0.0
 11
127.0
 21
49.0
 31
0.0
  0
LINE
  5
A2C
  8
SHEET
 62
5
 10
127.0
 20
50.0
 30
0.0
 11
128.0
 21
50.0
 31
0.0
  0
LINE
  5
A2D
  8
SHEET
 62
5
 10
127.0
 20
49.0
 30
0.0
 11
128.0
 21
49.0
 31
0.0
  0
LINE
  5
A2E
  8
SHEET
 62
5
 10
128.0
 20
50.0
 30
0.0
 11
129.0
 21
50.0
 31
0.0
  0
LINE
  5
A2F
  8
SHEET
 62
5
 10
128.0
 20
49.0
 30
0.0
 11
129.0
 21
49.0
 31
0.0
  0
LINE
  5
A30
  8
SHEET
 62
5
 10
129.0
 20
49.0
 30
0.0
 11
130.0
 21
49.0
 31
0.0
  0
LINE
  5
A31
  8
SHEET
 62
5
 10
130.0
 20
49.0
 30
0.0
 11
131.0
 21
49.0
 31
0.0
  0
LINE
  5
A32
  8
SHEET
 62
5
 10
131.0
 20
49.0
 30
0.0
 11
132.0
 21
49.0
 31
0.0
  0
LINE
  5
A33
  8
SHEET
 62
5
 10
133.0
 20
49.0
 30
0.0
 11
134.0
 21
49.0
 31
0.0
  0
LINE
  5
A34
  8
SHEET
 62
5
 10
134.0
 20
49.0
 30
0.0
 11
134.0
 21
50.0
 31
0.0
  0
LINE
  5
A35
  8
SHEET
 62
5
 10
40.0
 20
48.0
 30
0.0
 11
40.0
 21
49.0
 31
0.0
  0
LINE
  5
A36
  8
SHEET
 62
5
 10
43.0
 20
48.0
 30
0.0
 11
43.0
 21
49.0
 31
0.0
  0
LINE
  5
A37
  8
SHEET
 62
5
 10
44.0
 20
48.0
 30
0.0
 11
44.0
 21
49.0
 31
0.0
  0
LINE
  5
A38
  8
SHEET
 62
5
 10
45.0
 20
48.0
 30
0.0
 11
45.0
 21
49.0
 31
0.0
  0
LINE
  5
A39
  8
SHEET
 62
5
 10
60.0
 20
48.0
 30
0.0
 11
61.0
 21
48.0
 31
0.0
  0
LINE
  5
A3A
  8
SHEET
 62
5
 10
60.0
 20
48.0
 30
0.0
 11
60.0
 21
49.0
 31
0.0
  0
LINE
  5
A3B
  8
SHEET
 62
5
 10
61.0
 20
48.0
 30
0.0
 11
61.0
 21
49.0
 31
0.0
  0
LINE
  5
A3C
  8
SHEET
 62
5
 10
62.0
 20
48.0
 30
0.0
 11
63.0
 21
48.0
 31
0.0
  0
LINE
  5
A3D
  8
SHEET
 62
5
 10
62.0
 20
48.0
 30
0.0
 11
62.0
 21
49.0
 31
0.0
  0
LINE
  5
A3E
  8
SHEET
 62
5
 10
63.0
 20
48.0
 30
0.0
 11
64.0
 21
48.0
 31
0.0
  0
LINE
  5
A3F
  8
SHEET
 62
5
 10
64.0
 20
48.0
 30
0.0
 11
64.0
 21
49.0
 31
0.0
  0
LINE
  5
A40
  8
SHEET
 62
7
 10
65.0
 20
48.0
 30
0.0
 11
65.0
 21
49.0
 31
0.0
  0
LINE
  5
A41
  8
SHEET
 62
5
 10
73.0
 20
49.0
 30
0.0
 11
74.0
 21
49.0
 31
0.0
  0
LINE
  5
A42
  8
SHEET
 62
5
 10
73.0
 20
48.0
 30
0.0
 11
74.0
 21
48.0
 31
0.0
  0
LINE
  5
A43
  8
SHEET
 62
5
 10
74.0
 20
48.0
 30
0.0
 11
74.0
 21
49.0
 31
0.0
  0
LINE
  5
A44
  8
SHEET
 62
5
 10
75.0
 20
48.0
 30
0.0
 11
75.0
 21
49.0
 31
0.0
  0
LINE
  5
A45
  8
SHEET
 62
5
 10
76.0
 20
48.0
 30
0.0
 11
77.0
 21
48.0
 31
0.0
  0
LINE
  5
A46
  8
SHEET
 62
5
 10
77.0
 20
48.0
 30
0.0
 11
78.0
 21
48.0
 31
0.0
  0
LINE
  5
A47
  8
SHEET
 62
5
 10
78.0
 20
48.0
 30
0.0
 11
78.0
 21
49.0
 31
0.0
  0
LINE
  5
A48
  8
SHEET
 62
5
 10
80.0
 20
48.0
 30
0.0
 11
80.0
 21
49.0
 31
0.0
  0
LINE
  5
A49
  8
SHEET
 62
5
 10
87.0
 20
48.0
 30
0.0
 11
88.0
 21
48.0
 31
0.0
  0
LINE
  5
A4A
  8
SHEET
 62
5
 10
88.0
 20
48.0
 30
0.0
 11
88.0
 21
49.0
 31
0.0
  0
LINE
  5
A4B
  8
SHEET
 62
5
 10
91.0
 20
49.0
 30
0.0
 11
92.0
 21
49.0
 31
0.0
  0
LINE
  5
A4C
  8
SHEET
 62
5
 10
91.0
 20
48.0
 30
0.0
 11
92.0
 21
48.0
 31
0.0
  0
LINE
  5
A4D
  8
SHEET
 62
5
 10
91.0
 20
48.0
 30
0.0
 11
91.0
 21
49.0
 31
0.0
  0
LINE
  5
A4E
  8
SHEET
 62
5
 10
92.0
 20
48.0
 30
0.0
 11
92.0
 21
49.0
 31
0.0
  0
LINE
  5
A4F
  8
SHEET
 62
5
 10
99.0
 20
49.0
 30
0.0
 11
100.0
 21
49.0
 31
0.0
  0
LINE
  5
A50
  8
SHEET
 62
5
 10
99.0
 20
48.0
 30
0.0
 11
100.0
 21
48.0
 31
0.0
  0
LINE
  5
A51
  8
SHEET
 62
5
 10
99.0
 20
48.0
 30
0.0
 11
99.0
 21
49.0
 31
0.0
  0
LINE
  5
A52
  8
SHEET
 62
5
 10
100.0
 20
48.0
 30
0.0
 11
100.0
 21
49.0
 31
0.0
  0
LINE
  5
A53
  8
SHEET
 62
7
 10
101.0
 20
48.0
 30
0.0
 11
101.0
 21
49.0
 31
0.0
  0
LINE
  5
A54
  8
SHEET
 62
7
 10
102.0
 20
48.0
 30
0.0
 11
102.0
 21
49.0
 31
0.0
  0
LINE
  5
A55
  8
SHEET
 62
5
 10
103.0
 20
49.0
 30
0.0
 11
104.0
 21
49.0
 31
0.0
  0
LINE
  5
A56
  8
SHEET
 62
5
 10
103.0
 20
48.0
 30
0.0
 11
104.0
 21
48.0
 31
0.0
  0
LINE
  5
A57
  8
SHEET
 62
5
 10
103.0
 20
48.0
 30
0.0
 11
103.0
 21
49.0
 31
0.0
  0
LINE
  5
A58
  8
SHEET
 62
5
 10
104.0
 20
48.0
 30
0.0
 11
104.0
 21
49.0
 31
0.0
  0
LINE
  5
A59
  8
SHEET
 62
7
 10
117.0
 20
48.0
 30
0.0
 11
117.0
 21
49.0
 31
0.0
  0
LINE
  5
A5A
  8
SHEET
 62
7
 10
120.0
 20
48.0
 30
0.0
 11
120.0
 21
49.0
 31
0.0
  0
LINE
  5
A5B
  8
SHEET
 62
5
 10
121.0
 20
49.0
 30
0.0
 11
122.0
 21
49.0
 31
0.0
  0
LINE
  5
A5C
  8
SHEET
 62
5
 10
121.0
 20
48.0
 30
0.0
 11
122.0
 21
48.0
 31
0.0
  0
LINE
  5
A5D
  8
SHEET
 62
5
 10
121.0
 20
48.0
 30
0.0
 11
121.0
 21
49.0
 31
0.0
  0
LINE
  5
A5E
  8
SHEET
 62
5
 10
122.0
 20
48.0
 30
0.0
 11
122.0
 21
49.0
 31
0.0
  0
LINE
  5
A5F
  8
SHEET
 62
7
 10
132.0
 20
48.0
 30
0.0
 11
132.0
 21
49.0
 31
0.0
  0
LINE
  5
A60
  8
SHEET
 62
7
 10
133.0
 20
48.0
 30
0.0
 11
133.0
 21
49.0
 31
0.0
  0
LINE
  5
A61
  8
SHEET
 62
5
 10
40.0
 20
47.0
 30
0.0
 11
40.0
 21
48.0
 31
0.0
  0
LINE
  5
A62
  8
SHEET
 62
5
 10
43.0
 20
47.0
 30
0.0
 11
43.0
 21
48.0
 31
0.0
  0
LINE
  5
A63
  8
SHEET
 62
5
 10
44.0
 20
47.0
 30
0.0
 11
44.0
 21
48.0
 31
0.0
  0
LINE
  5
A64
  8
SHEET
 62
5
 10
45.0
 20
47.0
 30
0.0
 11
45.0
 21
48.0
 31
0.0
  0
LINE
  5
A65
  8
SHEET
 62
5
 10
61.0
 20
48.0
 30
0.0
 11
62.0
 21
48.0
 31
0.0
  0
LINE
  5
A66
  8
SHEET
 62
5
 10
61.0
 20
47.0
 30
0.0
 11
62.0
 21
47.0
 31
0.0
  0
LINE
  5
A67
  8
SHEET
 62
5
 10
61.0
 20
47.0
 30
0.0
 11
61.0
 21
48.0
 31
0.0
  0
LINE
  5
A68
  8
SHEET
 62
5
 10
62.0
 20
47.0
 30
0.0
 11
62.0
 21
48.0
 31
0.0
  0
LINE
  5
A69
  8
SHEET
 62
5
 10
65.0
 20
47.0
 30
0.0
 11
65.0
 21
48.0
 31
0.0
  0
LINE
  5
A6A
  8
SHEET
 62
5
 10
70.0
 20
47.0
 30
0.0
 11
71.0
 21
47.0
 31
0.0
  0
LINE
  5
A6B
  8
SHEET
 62
5
 10
73.0
 20
47.0
 30
0.0
 11
73.0
 21
48.0
 31
0.0
  0
LINE
  5
A6C
  8
SHEET
 62
5
 10
74.0
 20
48.0
 30
0.0
 11
75.0
 21
48.0
 31
0.0
  0
LINE
  5
A6D
  8
SHEET
 62
5
 10
74.0
 20
47.0
 30
0.0
 11
74.0
 21
48.0
 31
0.0
  0
LINE
  5
A6E
  8
SHEET
 62
5
 10
75.0
 20
47.0
 30
0.0
 11
76.0
 21
47.0
 31
0.0
  0
LINE
  5
A6F
  8
SHEET
 62
5
 10
76.0
 20
47.0
 30
0.0
 11
76.0
 21
48.0
 31
0.0
  0
LINE
  5
A70
  8
SHEET
 62
5
 10
79.0
 20
48.0
 30
0.0
 11
80.0
 21
48.0
 31
0.0
  0
LINE
  5
A71
  8
SHEET
 62
5
 10
79.0
 20
47.0
 30
0.0
 11
79.0
 21
48.0
 31
0.0
  0
LINE
  5
A72
  8
SHEET
 62
5
 10
87.0
 20
47.0
 30
0.0
 11
87.0
 21
48.0
 31
0.0
  0
LINE
  5
A73
  8
SHEET
 62
5
 10
88.0
 20
48.0
 30
0.0
 11
89.0
 21
48.0
 31
0.0
  0
LINE
  5
A74
  8
SHEET
 62
5
 10
88.0
 20
47.0
 30
0.0
 11
88.0
 21
48.0
 31
0.0
  0
LINE
  5
A75
  8
SHEET
 62
5
 10
89.0
 20
47.0
 30
0.0
 11
89.0
 21
48.0
 31
0.0
  0
LINE
  5
A76
  8
SHEET
 62
5
 10
90.0
 20
48.0
 30
0.0
 11
91.0
 21
48.0
 31
0.0
  0
LINE
  5
A77
  8
SHEET
 62
5
 10
90.0
 20
47.0
 30
0.0
 11
90.0
 21
48.0
 31
0.0
  0
LINE
  5
A78
  8
SHEET
 62
5
 10
91.0
 20
47.0
 30
0.0
 11
91.0
 21
48.0
 31
0.0
  0
LINE
  5
A79
  8
SHEET
 62
5
 10
92.0
 20
48.0
 30
0.0
 11
93.0
 21
48.0
 31
0.0
  0
LINE
  5
A7A
  8
SHEET
 62
5
 10
92.0
 20
47.0
 30
0.0
 11
93.0
 21
47.0
 31
0.0
  0
LINE
  5
A7B
  8
SHEET
 62
5
 10
92.0
 20
47.0
 30
0.0
 11
92.0
 21
48.0
 31
0.0
  0
LINE
  5
A7C
  8
SHEET
 62
5
 10
93.0
 20
48.0
 30
0.0
 11
94.0
 21
48.0
 31
0.0
  0
LINE
  5
A7D
  8
SHEET
 62
5
 10
93.0
 20
47.0
 30
0.0
 11
94.0
 21
47.0
 31
0.0
  0
LINE
  5
A7E
  8
SHEET
 62
7
 10
94.0
 20
48.0
 30
0.0
 11
95.0
 21
48.0
 31
0.0
  0
LINE
  5
A7F
  8
SHEET
 62
7
 10
94.0
 20
47.0
 30
0.0
 11
95.0
 21
47.0
 31
0.0
  0
LINE
  5
A80
  8
SHEET
 62
5
 10
95.0
 20
48.0
 30
0.0
 11
96.0
 21
48.0
 31
0.0
  0
LINE
  5
A81
  8
SHEET
 62
5
 10
95.0
 20
47.0
 30
0.0
 11
96.0
 21
47.0
 31
0.0
  0
LINE
  5
A82
  8
SHEET
 62
7
 10
96.0
 20
48.0
 30
0.0
 11
97.0
 21
48.0
 31
0.0
  0
LINE
  5
A83
  8
SHEET
 62
7
 10
96.0
 20
47.0
 30
0.0
 11
97.0
 21
47.0
 31
0.0
  0
LINE
  5
A84
  8
SHEET
 62
5
 10
97.0
 20
48.0
 30
0.0
 11
98.0
 21
48.0
 31
0.0
  0
LINE
  5
A85
  8
SHEET
 62
5
 10
97.0
 20
47.0
 30
0.0
 11
98.0
 21
47.0
 31
0.0
  0
LINE
  5
A86
  8
SHEET
 62
5
 10
98.0
 20
48.0
 30
0.0
 11
99.0
 21
48.0
 31
0.0
  0
LINE
  5
A87
  8
SHEET
 62
5
 10
98.0
 20
47.0
 30
0.0
 11
99.0
 21
47.0
 31
0.0
  0
LINE
  5
A88
  8
SHEET
 62
5
 10
99.0
 20
47.0
 30
0.0
 11
99.0
 21
48.0
 31
0.0
  0
LINE
  5
A89
  8
SHEET
 62
5
 10
101.0
 20
47.0
 30
0.0
 11
102.0
 21
47.0
 31
0.0
  0
LINE
  5
A8A
  8
SHEET
 62
5
 10
101.0
 20
47.0
 30
0.0
 11
101.0
 21
48.0
 31
0.0
  0
LINE
  5
A8B
  8
SHEET
 62
5
 10
102.0
 20
47.0
 30
0.0
 11
102.0
 21
48.0
 31
0.0
  0
LINE
  5
A8C
  8
SHEET
 62
7
 10
104.0
 20
48.0
 30
0.0
 11
105.0
 21
48.0
 31
0.0
  0
LINE
  5
A8D
  8
SHEET
 62
7
 10
104.0
 20
47.0
 30
0.0
 11
105.0
 21
47.0
 31
0.0
  0
LINE
  5
A8E
  8
SHEET
 62
7
 10
104.0
 20
47.0
 30
0.0
 11
104.0
 21
48.0
 31
0.0
  0
LINE
  5
A8F
  8
SHEET
 62
7
 10
105.0
 20
47.0
 30
0.0
 11
105.0
 21
48.0
 31
0.0
  0
LINE
  5
A90
  8
SHEET
 62
5
 10
106.0
 20
48.0
 30
0.0
 11
107.0
 21
48.0
 31
0.0
  0
LINE
  5
A91
  8
SHEET
 62
5
 10
106.0
 20
47.0
 30
0.0
 11
107.0
 21
47.0
 31
0.0
  0
LINE
  5
A92
  8
SHEET
 62
5
 10
106.0
 20
47.0
 30
0.0
 11
106.0
 21
48.0
 31
0.0
  0
LINE
  5
A93
  8
SHEET
 62
7
 10
107.0
 20
48.0
 30
0.0
 11
108.0
 21
48.0
 31
0.0
  0
LINE
  5
A94
  8
SHEET
 62
7
 10
107.0
 20
47.0
 30
0.0
 11
108.0
 21
47.0
 31
0.0
  0
LINE
  5
A95
  8
SHEET
 62
5
 10
108.0
 20
48.0
 30
0.0
 11
109.0
 21
48.0
 31
0.0
  0
LINE
  5
A96
  8
SHEET
 62
5
 10
108.0
 20
47.0
 30
0.0
 11
109.0
 21
47.0
 31
0.0
  0
LINE
  5
A97
  8
SHEET
 62
5
 10
109.0
 20
48.0
 30
0.0
 11
110.0
 21
48.0
 31
0.0
  0
LINE
  5
A98
  8
SHEET
 62
5
 10
110.0
 20
48.0
 30
0.0
 11
111.0
 21
48.0
 31
0.0
  0
LINE
  5
A99
  8
SHEET
 62
5
 10
110.0
 20
47.0
 30
0.0
 11
111.0
 21
47.0
 31
0.0
  0
LINE
  5
A9A
  8
SHEET
 62
5
 10
111.0
 20
48.0
 30
0.0
 11
112.0
 21
48.0
 31
0.0
  0
LINE
  5
A9B
  8
SHEET
 62
5
 10
111.0
 20
47.0
 30
0.0
 11
112.0
 21
47.0
 31
0.0
  0
LINE
  5
A9C
  8
SHEET
 62
5
 10
112.0
 20
48.0
 30
0.0
 11
113.0
 21
48.0
 31
0.0
  0
LINE
  5
A9D
  8
SHEET
 62
5
 10
112.0
 20
47.0
 30
0.0
 11
113.0
 21
47.0
 31
0.0
  0
LINE
  5
A9E
  8
SHEET
 62
7
 10
113.0
 20
48.0
 30
0.0
 11
114.0
 21
48.0
 31
0.0
  0
LINE
  5
A9F
  8
SHEET
 62
7
 10
113.0
 20
47.0
 30
0.0
 11
114.0
 21
47.0
 31
0.0
  0
LINE
  5
AA0
  8
SHEET
 62
7
 10
114.0
 20
48.0
 30
0.0
 11
115.0
 21
48.0
 31
0.0
  0
LINE
  5
AA1
  8
SHEET
 62
7
 10
114.0
 20
47.0
 30
0.0
 11
115.0
 21
47.0
 31
0.0
  0
LINE
  5
AA2
  8
SHEET
 62
5
 10
115.0
 20
48.0
 30
0.0
 11
116.0
 21
48.0
 31
0.0
  0
LINE
  5
AA3
  8
SHEET
 62
5
 10
115.0
 20
47.0
 30
0.0
 11
116.0
 21
47.0
 31
0.0
  0
LINE
  5
AA4
  8
SHEET
 62
7
 10
116.0
 20
48.0
 30
0.0
 11
117.0
 21
48.0
 31
0.0
  0
LINE
  5
AA5
  8
SHEET
 62
7
 10
116.0
 20
47.0
 30
0.0
 11
117.0
 21
47.0
 31
0.0
  0
LINE
  5
AA6
  8
SHEET
 62
5
 10
117.0
 20
47.0
 30
0.0
 11
118.0
 21
47.0
 31
0.0
  0
LINE
  5
AA7
  8
SHEET
 62
5
 10
118.0
 20
47.0
 30
0.0
 11
119.0
 21
47.0
 31
0.0
  0
LINE
  5
AA8
  8
SHEET
 62
5
 10
119.0
 20
47.0
 30
0.0
 11
120.0
 21
47.0
 31
0.0
  0
LINE
  5
AA9
  8
SHEET
 62
7
 10
120.0
 20
48.0
 30
0.0
 11
121.0
 21
48.0
 31
0.0
  0
LINE
  5
AAA
  8
SHEET
 62
7
 10
120.0
 20
47.0
 30
0.0
 11
121.0
 21
47.0
 31
0.0
  0
LINE
  5
AAB
  8
SHEET
 62
7
 10
121.0
 20
47.0
 30
0.0
 11
121.0
 21
48.0
 31
0.0
  0
LINE
  5
AAC
  8
SHEET
 62
7
 10
122.0
 20
48.0
 30
0.0
 11
123.0
 21
48.0
 31
0.0
  0
LINE
  5
AAD
  8
SHEET
 62
7
 10
122.0
 20
47.0
 30
0.0
 11
123.0
 21
47.0
 31
0.0
  0
LINE
  5
AAE
  8
SHEET
 62
7
 10
122.0
 20
47.0
 30
0.0
 11
122.0
 21
48.0
 31
0.0
  0
LINE
  5
AAF
  8
SHEET
 62
7
 10
123.0
 20
47.0
 30
0.0
 11
123.0
 21
48.0
 31
0.0
  0
LINE
  5
AB0
  8
SHEET
 62
5
 10
124.0
 20
48.0
 30
0.0
 11
125.0
 21
48.0
 31
0.0
  0
LINE
  5
AB1
  8
SHEET
 62
5
 10
124.0
 20
47.0
 30
0.0
 11
125.0
 21
47.0
 31
0.0
  0
LINE
  5
AB2
  8
SHEET
 62
5
 10
124.0
 20
47.0
 30
0.0
 11
124.0
 21
48.0
 31
0.0
  0
LINE
  5
AB3
  8
SHEET
 62
7
 10
125.0
 20
48.0
 30
0.0
 11
126.0
 21
48.0
 31
0.0
  0
LINE
  5
AB4
  8
SHEET
 62
7
 10
125.0
 20
47.0
 30
0.0
 11
126.0
 21
47.0
 31
0.0
  0
LINE
  5
AB5
  8
SHEET
 62
7
 10
126.0
 20
48.0
 30
0.0
 11
127.0
 21
48.0
 31
0.0
  0
LINE
  5
AB6
  8
SHEET
 62
7
 10
126.0
 20
47.0
 30
0.0
 11
127.0
 21
47.0
 31
0.0
  0
LINE
  5
AB7
  8
SHEET
 62
5
 10
127.0
 20
48.0
 30
0.0
 11
128.0
 21
48.0
 31
0.0
  0
LINE
  5
AB8
  8
SHEET
 62
5
 10
127.0
 20
47.0
 30
0.0
 11
128.0
 21
47.0
 31
0.0
  0
LINE
  5
AB9
  8
SHEET
 62
5
 10
128.0
 20
48.0
 30
0.0
 11
129.0
 21
48.0
 31
0.0
  0
LINE
  5
ABA
  8
SHEET
 62
5
 10
128.0
 20
47.0
 30
0.0
 11
129.0
 21
47.0
 31
0.0
  0
LINE
  5
ABB
  8
SHEET
 62
7
 10
129.0
 20
48.0
 30
0.0
 11
130.0
 21
48.0
 31
0.0
  0
LINE
  5
ABC
  8
SHEET
 62
7
 10
129.0
 20
47.0
 30
0.0
 11
130.0
 21
47.0
 31
0.0
  0
LINE
  5
ABD
  8
SHEET
 62
7
 10
130.0
 20
48.0
 30
0.0
 11
131.0
 21
48.0
 31
0.0
  0
LINE
  5
ABE
  8
SHEET
 62
7
 10
130.0
 20
47.0
 30
0.0
 11
131.0
 21
47.0
 31
0.0
  0
LINE
  5
ABF
  8
SHEET
 62
5
 10
131.0
 20
48.0
 30
0.0
 11
132.0
 21
48.0
 31
0.0
  0
LINE
  5
AC0
  8
SHEET
 62
5
 10
131.0
 20
47.0
 30
0.0
 11
132.0
 21
47.0
 31
0.0
  0
LINE
  5
AC1
  8
SHEET
 62
5
 10
132.0
 20
47.0
 30
0.0
 11
133.0
 21
47.0
 31
0.0
  0
LINE
  5
AC2
  8
SHEET
 62
5
 10
133.0
 20
48.0
 30
0.0
 11
134.0
 21
48.0
 31
0.0
  0
LINE
  5
AC3
  8
SHEET
 62
5
 10
133.0
 20
47.0
 30
0.0
 11
134.0
 21
47.0
 31
0.0
  0
LINE
  5
AC4
  8
SHEET
 62
5
 10
134.0
 20
47.0
 30
0.0
 11
134.0
 21
48.0
 31
0.0
  0
LINE
  5
AC5
  8
SHEET
 62
5
 10
135.0
 20
48.0
 30
0.0
 11
136.0
 21
48.0
 31
0.0
  0
LINE
  5
AC6
  8
SHEET
 62
5
 10
135.0
 20
47.0
 30
0.0
 11
136.0
 21
47.0
 31
0.0
  0
LINE
  5
AC7
  8
SHEET
 62
5
 10
135.0
 20
47.0
 30
0.0
 11
135.0
 21
48.0
 31
0.0
  0
LINE
  5
AC8
  8
SHEET
 62
5
 10
136.0
 20
47.0
 30
0.0
 11
136.0
 21
48.0
 31
0.0
  0
LINE
  5
AC9
  8
SHEET
 62
5
 10
40.0
 20
46.0
 30
0.0
 11
40.0
 21
47.0
 31
0.0
  0
LINE
  5
ACA
  8
SHEET
 62
5
 10
43.0
 20
46.0
 30
0.0
 11
43.0
 21
47.0
 31
0.0
  0
LINE
  5
ACB
  8
SHEET
 62
5
 10
44.0
 20
46.0
 30
0.0
 11
44.0
 21
47.0
 31
0.0
  0
LINE
  5
ACC
  8
SHEET
 62
5
 10
45.0
 20
46.0
 30
0.0
 11
45.0
 21
47.0
 31
0.0
  0
LINE
  5
ACD
  8
SHEET
 62
5
 10
62.0
 20
47.0
 30
0.0
 11
63.0
 21
47.0
 31
0.0
  0
LINE
  5
ACE
  8
SHEET
 62
5
 10
62.0
 20
46.0
 30
0.0
 11
63.0
 21
46.0
 31
0.0
  0
LINE
  5
ACF
  8
SHEET
 62
5
 10
62.0
 20
46.0
 30
0.0
 11
62.0
 21
47.0
 31
0.0
  0
LINE
  5
AD0
  8
SHEET
 62
5
 10
63.0
 20
47.0
 30
0.0
 11
64.0
 21
47.0
 31
0.0
  0
LINE
  5
AD1
  8
SHEET
 62
5
 10
64.0
 20
47.0
 30
0.0
 11
65.0
 21
47.0
 31
0.0
  0
LINE
  5
AD2
  8
SHEET
 62
5
 10
64.0
 20
46.0
 30
0.0
 11
65.0
 21
46.0
 31
0.0
  0
LINE
  5
AD3
  8
SHEET
 62
5
 10
70.0
 20
46.0
 30
0.0
 11
70.0
 21
47.0
 31
0.0
  0
LINE
  5
AD4
  8
SHEET
 62
5
 10
71.0
 20
46.0
 30
0.0
 11
72.0
 21
46.0
 31
0.0
  0
LINE
  5
AD5
  8
SHEET
 62
5
 10
71.0
 20
46.0
 30
0.0
 11
71.0
 21
47.0
 31
0.0
  0
LINE
  5
AD6
  8
SHEET
 62
5
 10
72.0
 20
46.0
 30
0.0
 11
73.0
 21
46.0
 31
0.0
  0
LINE
  5
AD7
  8
SHEET
 62
5
 10
73.0
 20
46.0
 30
0.0
 11
73.0
 21
47.0
 31
0.0
  0
LINE
  5
AD8
  8
SHEET
 62
5
 10
74.0
 20
46.0
 30
0.0
 11
75.0
 21
46.0
 31
0.0
  0
LINE
  5
AD9
  8
SHEET
 62
5
 10
74.0
 20
46.0
 30
0.0
 11
74.0
 21
47.0
 31
0.0
  0
LINE
  5
ADA
  8
SHEET
 62
5
 10
75.0
 20
46.0
 30
0.0
 11
75.0
 21
47.0
 31
0.0
  0
LINE
  5
ADB
  8
SHEET
 62
5
 10
77.0
 20
47.0
 30
0.0
 11
78.0
 21
47.0
 31
0.0
  0
LINE
  5
ADC
  8
SHEET
 62
5
 10
77.0
 20
46.0
 30
0.0
 11
78.0
 21
46.0
 31
0.0
  0
LINE
  5
ADD
  8
SHEET
 62
5
 10
77.0
 20
46.0
 30
0.0
 11
77.0
 21
47.0
 31
0.0
  0
LINE
  5
ADE
  8
SHEET
 62
5
 10
78.0
 20
47.0
 30
0.0
 11
79.0
 21
47.0
 31
0.0
  0
LINE
  5
ADF
  8
SHEET
 62
5
 10
78.0
 20
46.0
 30
0.0
 11
79.0
 21
46.0
 31
0.0
  0
LINE
  5
AE0
  8
SHEET
 62
5
 10
84.0
 20
46.0
 30
0.0
 11
85.0
 21
46.0
 31
0.0
  0
LINE
  5
AE1
  8
SHEET
 62
5
 10
87.0
 20
46.0
 30
0.0
 11
87.0
 21
47.0
 31
0.0
  0
LINE
  5
AE2
  8
SHEET
 62
5
 10
88.0
 20
46.0
 30
0.0
 11
89.0
 21
46.0
 31
0.0
  0
LINE
  5
AE3
  8
SHEET
 62
5
 10
88.0
 20
46.0
 30
0.0
 11
88.0
 21
47.0
 31
0.0
  0
LINE
  5
AE4
  8
SHEET
 62
5
 10
89.0
 20
46.0
 30
0.0
 11
89.0
 21
47.0
 31
0.0
  0
LINE
  5
AE5
  8
SHEET
 62
5
 10
90.0
 20
46.0
 30
0.0
 11
91.0
 21
46.0
 31
0.0
  0
LINE
  5
AE6
  8
SHEET
 62
5
 10
90.0
 20
46.0
 30
0.0
 11
90.0
 21
47.0
 31
0.0
  0
LINE
  5
AE7
  8
SHEET
 62
5
 10
91.0
 20
46.0
 30
0.0
 11
91.0
 21
47.0
 31
0.0
  0
LINE
  5
AE8
  8
SHEET
 62
5
 10
103.0
 20
47.0
 30
0.0
 11
104.0
 21
47.0
 31
0.0
  0
LINE
  5
AE9
  8
SHEET
 62
5
 10
103.0
 20
46.0
 30
0.0
 11
104.0
 21
46.0
 31
0.0
  0
LINE
  5
AEA
  8
SHEET
 62
5
 10
103.0
 20
46.0
 30
0.0
 11
103.0
 21
47.0
 31
0.0
  0
LINE
  5
AEB
  8
SHEET
 62
5
 10
104.0
 20
46.0
 30
0.0
 11
104.0
 21
47.0
 31
0.0
  0
LINE
  5
AEC
  8
SHEET
 62
7
 10
109.0
 20
46.0
 30
0.0
 11
109.0
 21
47.0
 31
0.0
  0
LINE
  5
AED
  8
SHEET
 62
7
 10
110.0
 20
46.0
 30
0.0
 11
110.0
 21
47.0
 31
0.0
  0
LINE
  5
AEE
  8
SHEET
 62
5
 10
40.0
 20
45.0
 30
0.0
 11
40.0
 21
46.0
 31
0.0
  0
LINE
  5
AEF
  8
SHEET
 62
5
 10
43.0
 20
45.0
 30
0.0
 11
43.0
 21
46.0
 31
0.0
  0
LINE
  5
AF0
  8
SHEET
 62
5
 10
44.0
 20
45.0
 30
0.0
 11
44.0
 21
46.0
 31
0.0
  0
LINE
  5
AF1
  8
SHEET
 62
5
 10
45.0
 20
45.0
 30
0.0
 11
45.0
 21
46.0
 31
0.0
  0
LINE
  5
AF2
  8
SHEET
 62
5
 10
63.0
 20
45.0
 30
0.0
 11
64.0
 21
45.0
 31
0.0
  0
LINE
  5
AF3
  8
SHEET
 62
5
 10
63.0
 20
45.0
 30
0.0
 11
63.0
 21
46.0
 31
0.0
  0
LINE
  5
AF4
  8
SHEET
 62
5
 10
64.0
 20
45.0
 30
0.0
 11
64.0
 21
46.0
 31
0.0
  0
LINE
  5
AF5
  8
SHEET
 62
5
 10
65.0
 20
45.0
 30
0.0
 11
65.0
 21
46.0
 31
0.0
  0
LINE
  5
AF6
  8
SHEET
 62
5
 10
68.0
 20
45.0
 30
0.0
 11
69.0
 21
45.0
 31
0.0
  0
LINE
  5
AF7
  8
SHEET
 62
5
 10
70.0
 20
46.0
 30
0.0
 11
71.0
 21
46.0
 31
0.0
  0
LINE
  5
AF8
  8
SHEET
 62
5
 10
70.0
 20
45.0
 30
0.0
 11
71.0
 21
45.0
 31
0.0
  0
LINE
  5
AF9
  8
SHEET
 62
5
 10
71.0
 20
45.0
 30
0.0
 11
71.0
 21
46.0
 31
0.0
  0
LINE
  5
AFA
  8
SHEET
 62
5
 10
73.0
 20
46.0
 30
0.0
 11
74.0
 21
46.0
 31
0.0
  0
LINE
  5
AFB
  8
SHEET
 62
5
 10
73.0
 20
45.0
 30
0.0
 11
74.0
 21
45.0
 31
0.0
  0
LINE
  5
AFC
  8
SHEET
 62
5
 10
73.0
 20
45.0
 30
0.0
 11
73.0
 21
46.0
 31
0.0
  0
LINE
  5
AFD
  8
SHEET
 62
5
 10
74.0
 20
45.0
 30
0.0
 11
74.0
 21
46.0
 31
0.0
  0
LINE
  5
AFE
  8
SHEET
 62
5
 10
79.0
 20
45.0
 30
0.0
 11
79.0
 21
46.0
 31
0.0
  0
LINE
  5
AFF
  8
SHEET
 62
5
 10
82.0
 20
45.0
 30
0.0
 11
83.0
 21
45.0
 31
0.0
  0
LINE
  5
B00
  8
SHEET
 62
5
 10
84.0
 20
45.0
 30
0.0
 11
84.0
 21
46.0
 31
0.0
  0
LINE
  5
B01
  8
SHEET
 62
5
 10
85.0
 20
45.0
 30
0.0
 11
86.0
 21
45.0
 31
0.0
  0
LINE
  5
B02
  8
SHEET
 62
5
 10
85.0
 20
45.0
 30
0.0
 11
85.0
 21
46.0
 31
0.0
  0
LINE
  5
B03
  8
SHEET
 62
5
 10
86.0
 20
45.0
 30
0.0
 11
87.0
 21
45.0
 31
0.0
  0
LINE
  5
B04
  8
SHEET
 62
5
 10
87.0
 20
46.0
 30
0.0
 11
88.0
 21
46.0
 31
0.0
  0
LINE
  5
B05
  8
SHEET
 62
5
 10
87.0
 20
45.0
 30
0.0
 11
88.0
 21
45.0
 31
0.0
  0
LINE
  5
B06
  8
SHEET
 62
5
 10
88.0
 20
45.0
 30
0.0
 11
88.0
 21
46.0
 31
0.0
  0
LINE
  5
B07
  8
SHEET
 62
5
 10
91.0
 20
46.0
 30
0.0
 11
92.0
 21
46.0
 31
0.0
  0
LINE
  5
B08
  8
SHEET
 62
5
 10
91.0
 20
45.0
 30
0.0
 11
92.0
 21
45.0
 31
0.0
  0
LINE
  5
B09
  8
SHEET
 62
5
 10
91.0
 20
45.0
 30
0.0
 11
91.0
 21
46.0
 31
0.0
  0
LINE
  5
B0A
  8
SHEET
 62
5
 10
92.0
 20
46.0
 30
0.0
 11
93.0
 21
46.0
 31
0.0
  0
LINE
  5
B0B
  8
SHEET
 62
5
 10
92.0
 20
45.0
 30
0.0
 11
93.0
 21
45.0
 31
0.0
  0
LINE
  5
B0C
  8
SHEET
 62
5
 10
93.0
 20
46.0
 30
0.0
 11
94.0
 21
46.0
 31
0.0
  0
LINE
  5
B0D
  8
SHEET
 62
5
 10
93.0
 20
45.0
 30
0.0
 11
94.0
 21
45.0
 31
0.0
  0
LINE
  5
B0E
  8
SHEET
 62
5
 10
94.0
 20
46.0
 30
0.0
 11
95.0
 21
46.0
 31
0.0
  0
LINE
  5
B0F
  8
SHEET
 62
5
 10
94.0
 20
45.0
 30
0.0
 11
95.0
 21
45.0
 31
0.0
  0
LINE
  5
B10
  8
SHEET
 62
5
 10
95.0
 20
46.0
 30
0.0
 11
96.0
 21
46.0
 31
0.0
  0
LINE
  5
B11
  8
SHEET
 62
5
 10
95.0
 20
45.0
 30
0.0
 11
96.0
 21
45.0
 31
0.0
  0
LINE
  5
B12
  8
SHEET
 62
5
 10
96.0
 20
46.0
 30
0.0
 11
97.0
 21
46.0
 31
0.0
  0
LINE
  5
B13
  8
SHEET
 62
5
 10
96.0
 20
45.0
 30
0.0
 11
97.0
 21
45.0
 31
0.0
  0
LINE
  5
B14
  8
SHEET
 62
5
 10
97.0
 20
46.0
 30
0.0
 11
98.0
 21
46.0
 31
0.0
  0
LINE
  5
B15
  8
SHEET
 62
5
 10
97.0
 20
45.0
 30
0.0
 11
98.0
 21
45.0
 31
0.0
  0
LINE
  5
B16
  8
SHEET
 62
5
 10
98.0
 20
46.0
 30
0.0
 11
99.0
 21
46.0
 31
0.0
  0
LINE
  5
B17
  8
SHEET
 62
5
 10
98.0
 20
45.0
 30
0.0
 11
99.0
 21
45.0
 31
0.0
  0
LINE
  5
B18
  8
SHEET
 62
5
 10
99.0
 20
46.0
 30
0.0
 11
100.0
 21
46.0
 31
0.0
  0
LINE
  5
B19
  8
SHEET
 62
5
 10
99.0
 20
45.0
 30
0.0
 11
100.0
 21
45.0
 31
0.0
  0
LINE
  5
B1A
  8
SHEET
 62
5
 10
100.0
 20
45.0
 30
0.0
 11
100.0
 21
46.0
 31
0.0
  0
LINE
  5
B1B
  8
SHEET
 62
5
 10
101.0
 20
46.0
 30
0.0
 11
102.0
 21
46.0
 31
0.0
  0
LINE
  5
B1C
  8
SHEET
 62
5
 10
101.0
 20
45.0
 30
0.0
 11
102.0
 21
45.0
 31
0.0
  0
LINE
  5
B1D
  8
SHEET
 62
5
 10
101.0
 20
45.0
 30
0.0
 11
101.0
 21
46.0
 31
0.0
  0
LINE
  5
B1E
  8
SHEET
 62
5
 10
102.0
 20
46.0
 30
0.0
 11
103.0
 21
46.0
 31
0.0
  0
LINE
  5
B1F
  8
SHEET
 62
5
 10
102.0
 20
45.0
 30
0.0
 11
103.0
 21
45.0
 31
0.0
  0
LINE
  5
B20
  8
SHEET
 62
5
 10
103.0
 20
45.0
 30
0.0
 11
103.0
 21
46.0
 31
0.0
  0
LINE
  5
B21
  8
SHEET
 62
5
 10
104.0
 20
46.0
 30
0.0
 11
105.0
 21
46.0
 31
0.0
  0
LINE
  5
B22
  8
SHEET
 62
5
 10
104.0
 20
45.0
 30
0.0
 11
105.0
 21
45.0
 31
0.0
  0
LINE
  5
B23
  8
SHEET
 62
5
 10
104.0
 20
45.0
 30
0.0
 11
104.0
 21
46.0
 31
0.0
  0
LINE
  5
B24
  8
SHEET
 62
5
 10
105.0
 20
46.0
 30
0.0
 11
106.0
 21
46.0
 31
0.0
  0
LINE
  5
B25
  8
SHEET
 62
5
 10
105.0
 20
45.0
 30
0.0
 11
106.0
 21
45.0
 31
0.0
  0
LINE
  5
B26
  8
SHEET
 62
5
 10
106.0
 20
46.0
 30
0.0
 11
107.0
 21
46.0
 31
0.0
  0
LINE
  5
B27
  8
SHEET
 62
5
 10
106.0
 20
45.0
 30
0.0
 11
107.0
 21
45.0
 31
0.0
  0
LINE
  5
B28
  8
SHEET
 62
5
 10
107.0
 20
46.0
 30
0.0
 11
108.0
 21
46.0
 31
0.0
  0
LINE
  5
B29
  8
SHEET
 62
5
 10
107.0
 20
45.0
 30
0.0
 11
108.0
 21
45.0
 31
0.0
  0
LINE
  5
B2A
  8
SHEET
 62
5
 10
108.0
 20
46.0
 30
0.0
 11
109.0
 21
46.0
 31
0.0
  0
LINE
  5
B2B
  8
SHEET
 62
5
 10
108.0
 20
45.0
 30
0.0
 11
109.0
 21
45.0
 31
0.0
  0
LINE
  5
B2C
  8
SHEET
 62
5
 10
109.0
 20
45.0
 30
0.0
 11
110.0
 21
45.0
 31
0.0
  0
LINE
  5
B2D
  8
SHEET
 62
5
 10
110.0
 20
46.0
 30
0.0
 11
111.0
 21
46.0
 31
0.0
  0
LINE
  5
B2E
  8
SHEET
 62
5
 10
110.0
 20
45.0
 30
0.0
 11
111.0
 21
45.0
 31
0.0
  0
LINE
  5
B2F
  8
SHEET
 62
5
 10
111.0
 20
46.0
 30
0.0
 11
112.0
 21
46.0
 31
0.0
  0
LINE
  5
B30
  8
SHEET
 62
5
 10
111.0
 20
45.0
 30
0.0
 11
112.0
 21
45.0
 31
0.0
  0
LINE
  5
B31
  8
SHEET
 62
5
 10
112.0
 20
46.0
 30
0.0
 11
113.0
 21
46.0
 31
0.0
  0
LINE
  5
B32
  8
SHEET
 62
5
 10
112.0
 20
45.0
 30
0.0
 11
113.0
 21
45.0
 31
0.0
  0
LINE
  5
B33
  8
SHEET
 62
5
 10
113.0
 20
46.0
 30
0.0
 11
114.0
 21
46.0
 31
0.0
  0
LINE
  5
B34
  8
SHEET
 62
5
 10
113.0
 20
45.0
 30
0.0
 11
114.0
 21
45.0
 31
0.0
  0
LINE
  5
B35
  8
SHEET
 62
5
 10
114.0
 20
46.0
 30
0.0
 11
115.0
 21
46.0
 31
0.0
  0
LINE
  5
B36
  8
SHEET
 62
5
 10
114.0
 20
45.0
 30
0.0
 11
115.0
 21
45.0
 31
0.0
  0
LINE
  5
B37
  8
SHEET
 62
5
 10
115.0
 20
46.0
 30
0.0
 11
116.0
 21
46.0
 31
0.0
  0
LINE
  5
B38
  8
SHEET
 62
5
 10
115.0
 20
45.0
 30
0.0
 11
116.0
 21
45.0
 31
0.0
  0
LINE
  5
B39
  8
SHEET
 62
5
 10
116.0
 20
46.0
 30
0.0
 11
117.0
 21
46.0
 31
0.0
  0
LINE
  5
B3A
  8
SHEET
 62
5
 10
116.0
 20
45.0
 30
0.0
 11
117.0
 21
45.0
 31
0.0
  0
LINE
  5
B3B
  8
SHEET
 62
5
 10
117.0
 20
46.0
 30
0.0
 11
118.0
 21
46.0
 31
0.0
  0
LINE
  5
B3C
  8
SHEET
 62
5
 10
117.0
 20
45.0
 30
0.0
 11
118.0
 21
45.0
 31
0.0
  0
LINE
  5
B3D
  8
SHEET
 62
5
 10
118.0
 20
46.0
 30
0.0
 11
119.0
 21
46.0
 31
0.0
  0
LINE
  5
B3E
  8
SHEET
 62
5
 10
118.0
 20
45.0
 30
0.0
 11
119.0
 21
45.0
 31
0.0
  0
LINE
  5
B3F
  8
SHEET
 62
5
 10
119.0
 20
46.0
 30
0.0
 11
120.0
 21
46.0
 31
0.0
  0
LINE
  5
B40
  8
SHEET
 62
5
 10
119.0
 20
45.0
 30
0.0
 11
120.0
 21
45.0
 31
0.0
  0
LINE
  5
B41
  8
SHEET
 62
5
 10
120.0
 20
45.0
 30
0.0
 11
120.0
 21
46.0
 31
0.0
  0
LINE
  5
B42
  8
SHEET
 62
5
 10
122.0
 20
46.0
 30
0.0
 11
123.0
 21
46.0
 31
0.0
  0
LINE
  5
B43
  8
SHEET
 62
5
 10
122.0
 20
45.0
 30
0.0
 11
123.0
 21
45.0
 31
0.0
  0
LINE
  5
B44
  8
SHEET
 62
5
 10
122.0
 20
45.0
 30
0.0
 11
122.0
 21
46.0
 31
0.0
  0
LINE
  5
B45
  8
SHEET
 62
5
 10
123.0
 20
46.0
 30
0.0
 11
124.0
 21
46.0
 31
0.0
  0
LINE
  5
B46
  8
SHEET
 62
5
 10
123.0
 20
45.0
 30
0.0
 11
124.0
 21
45.0
 31
0.0
  0
LINE
  5
B47
  8
SHEET
 62
5
 10
124.0
 20
46.0
 30
0.0
 11
125.0
 21
46.0
 31
0.0
  0
LINE
  5
B48
  8
SHEET
 62
5
 10
124.0
 20
45.0
 30
0.0
 11
125.0
 21
45.0
 31
0.0
  0
LINE
  5
B49
  8
SHEET
 62
5
 10
125.0
 20
46.0
 30
0.0
 11
126.0
 21
46.0
 31
0.0
  0
LINE
  5
B4A
  8
SHEET
 62
5
 10
125.0
 20
45.0
 30
0.0
 11
126.0
 21
45.0
 31
0.0
  0
LINE
  5
B4B
  8
SHEET
 62
5
 10
126.0
 20
46.0
 30
0.0
 11
127.0
 21
46.0
 31
0.0
  0
LINE
  5
B4C
  8
SHEET
 62
5
 10
126.0
 20
45.0
 30
0.0
 11
127.0
 21
45.0
 31
0.0
  0
LINE
  5
B4D
  8
SHEET
 62
5
 10
127.0
 20
46.0
 30
0.0
 11
128.0
 21
46.0
 31
0.0
  0
LINE
  5
B4E
  8
SHEET
 62
5
 10
127.0
 20
45.0
 30
0.0
 11
128.0
 21
45.0
 31
0.0
  0
LINE
  5
B4F
  8
SHEET
 62
5
 10
128.0
 20
46.0
 30
0.0
 11
129.0
 21
46.0
 31
0.0
  0
LINE
  5
B50
  8
SHEET
 62
5
 10
128.0
 20
45.0
 30
0.0
 11
129.0
 21
45.0
 31
0.0
  0
LINE
  5
B51
  8
SHEET
 62
5
 10
129.0
 20
46.0
 30
0.0
 11
130.0
 21
46.0
 31
0.0
  0
LINE
  5
B52
  8
SHEET
 62
5
 10
129.0
 20
45.0
 30
0.0
 11
130.0
 21
45.0
 31
0.0
  0
LINE
  5
B53
  8
SHEET
 62
5
 10
130.0
 20
46.0
 30
0.0
 11
131.0
 21
46.0
 31
0.0
  0
LINE
  5
B54
  8
SHEET
 62
5
 10
130.0
 20
45.0
 30
0.0
 11
131.0
 21
45.0
 31
0.0
  0
LINE
  5
B55
  8
SHEET
 62
5
 10
131.0
 20
46.0
 30
0.0
 11
132.0
 21
46.0
 31
0.0
  0
LINE
  5
B56
  8
SHEET
 62
5
 10
131.0
 20
45.0
 30
0.0
 11
132.0
 21
45.0
 31
0.0
  0
LINE
  5
B57
  8
SHEET
 62
5
 10
132.0
 20
46.0
 30
0.0
 11
133.0
 21
46.0
 31
0.0
  0
LINE
  5
B58
  8
SHEET
 62
5
 10
132.0
 20
45.0
 30
0.0
 11
133.0
 21
45.0
 31
0.0
  0
LINE
  5
B59
  8
SHEET
 62
5
 10
133.0
 20
46.0
 30
0.0
 11
134.0
 21
46.0
 31
0.0
  0
LINE
  5
B5A
  8
SHEET
 62
5
 10
133.0
 20
45.0
 30
0.0
 11
134.0
 21
45.0
 31
0.0
  0
LINE
  5
B5B
  8
SHEET
 62
5
 10
134.0
 20
46.0
 30
0.0
 11
135.0
 21
46.0
 31
0.0
  0
LINE
  5
B5C
  8
SHEET
 62
5
 10
134.0
 20
45.0
 30
0.0
 11
135.0
 21
45.0
 31
0.0
  0
LINE
  5
B5D
  8
SHEET
 62
5
 10
135.0
 20
45.0
 30
0.0
 11
135.0
 21
46.0
 31
0.0
  0
LINE
  5
B5E
  8
SHEET
 62
5
 10
40.0
 20
44.0
 30
0.0
 11
40.0
 21
45.0
 31
0.0
  0
LINE
  5
B5F
  8
SHEET
 62
5
 10
43.0
 20
44.0
 30
0.0
 11
43.0
 21
45.0
 31
0.0
  0
LINE
  5
B60
  8
SHEET
 62
5
 10
44.0
 20
44.0
 30
0.0
 11
44.0
 21
45.0
 31
0.0
  0
LINE
  5
B61
  8
SHEET
 62
5
 10
45.0
 20
44.0
 30
0.0
 11
45.0
 21
45.0
 31
0.0
  0
LINE
  5
B62
  8
SHEET
 62
5
 10
64.0
 20
45.0
 30
0.0
 11
65.0
 21
45.0
 31
0.0
  0
LINE
  5
B63
  8
SHEET
 62
5
 10
64.0
 20
44.0
 30
0.0
 11
65.0
 21
44.0
 31
0.0
  0
LINE
  5
B64
  8
SHEET
 62
5
 10
64.0
 20
44.0
 30
0.0
 11
64.0
 21
45.0
 31
0.0
  0
LINE
  5
B65
  8
SHEET
 62
5
 10
65.0
 20
44.0
 30
0.0
 11
66.0
 21
44.0
 31
0.0
  0
LINE
  5
B66
  8
SHEET
 62
5
 10
68.0
 20
44.0
 30
0.0
 11
68.0
 21
45.0
 31
0.0
  0
LINE
  5
B67
  8
SHEET
 62
5
 10
69.0
 20
44.0
 30
0.0
 11
70.0
 21
44.0
 31
0.0
  0
LINE
  5
B68
  8
SHEET
 62
5
 10
69.0
 20
44.0
 30
0.0
 11
69.0
 21
45.0
 31
0.0
  0
LINE
  5
B69
  8
SHEET
 62
5
 10
70.0
 20
44.0
 30
0.0
 11
70.0
 21
45.0
 31
0.0
  0
LINE
  5
B6A
  8
SHEET
 62
5
 10
71.0
 20
45.0
 30
0.0
 11
72.0
 21
45.0
 31
0.0
  0
LINE
  5
B6B
  8
SHEET
 62
5
 10
71.0
 20
44.0
 30
0.0
 11
72.0
 21
44.0
 31
0.0
  0
LINE
  5
B6C
  8
SHEET
 62
5
 10
71.0
 20
44.0
 30
0.0
 11
71.0
 21
45.0
 31
0.0
  0
LINE
  5
B6D
  8
SHEET
 62
5
 10
72.0
 20
45.0
 30
0.0
 11
73.0
 21
45.0
 31
0.0
  0
LINE
  5
B6E
  8
SHEET
 62
5
 10
72.0
 20
44.0
 30
0.0
 11
73.0
 21
44.0
 31
0.0
  0
LINE
  5
B6F
  8
SHEET
 62
5
 10
73.0
 20
44.0
 30
0.0
 11
73.0
 21
45.0
 31
0.0
  0
LINE
  5
B70
  8
SHEET
 62
5
 10
78.0
 20
45.0
 30
0.0
 11
79.0
 21
45.0
 31
0.0
  0
LINE
  5
B71
  8
SHEET
 62
5
 10
78.0
 20
44.0
 30
0.0
 11
79.0
 21
44.0
 31
0.0
  0
LINE
  5
B72
  8
SHEET
 62
5
 10
78.0
 20
44.0
 30
0.0
 11
78.0
 21
45.0
 31
0.0
  0
LINE
  5
B73
  8
SHEET
 62
5
 10
79.0
 20
44.0
 30
0.0
 11
80.0
 21
44.0
 31
0.0
  0
LINE
  5
B74
  8
SHEET
 62
5
 10
82.0
 20
44.0
 30
0.0
 11
82.0
 21
45.0
 31
0.0
  0
LINE
  5
B75
  8
SHEET
 62
5
 10
83.0
 20
44.0
 30
0.0
 11
84.0
 21
44.0
 31
0.0
  0
LINE
  5
B76
  8
SHEET
 62
5
 10
83.0
 20
44.0
 30
0.0
 11
83.0
 21
45.0
 31
0.0
  0
LINE
  5
B77
  8
SHEET
 62
5
 10
84.0
 20
44.0
 30
0.0
 11
84.0
 21
45.0
 31
0.0
  0
LINE
  5
B78
  8
SHEET
 62
5
 10
40.0
 20
43.0
 30
0.0
 11
40.0
 21
44.0
 31
0.0
  0
LINE
  5
B79
  8
SHEET
 62
5
 10
43.0
 20
43.0
 30
0.0
 11
43.0
 21
44.0
 31
0.0
  0
LINE
  5
B7A
  8
SHEET
 62
5
 10
44.0
 20
43.0
 30
0.0
 11
44.0
 21
44.0
 31
0.0
  0
LINE
  5
B7B
  8
SHEET
 62
5
 10
45.0
 20
43.0
 30
0.0
 11
45.0
 21
44.0
 31
0.0
  0
LINE
  5
B7C
  8
SHEET
 62
5
 10
66.0
 20
43.0
 30
0.0
 11
67.0
 21
43.0
 31
0.0
  0
LINE
  5
B7D
  8
SHEET
 62
5
 10
66.0
 20
43.0
 30
0.0
 11
66.0
 21
44.0
 31
0.0
  0
LINE
  5
B7E
  8
SHEET
 62
5
 10
67.0
 20
43.0
 30
0.0
 11
68.0
 21
43.0
 31
0.0
  0
LINE
  5
B7F
  8
SHEET
 62
5
 10
68.0
 20
44.0
 30
0.0
 11
69.0
 21
44.0
 31
0.0
  0
LINE
  5
B80
  8
SHEET
 62
5
 10
68.0
 20
43.0
 30
0.0
 11
69.0
 21
43.0
 31
0.0
  0
LINE
  5
B81
  8
SHEET
 62
5
 10
69.0
 20
43.0
 30
0.0
 11
69.0
 21
44.0
 31
0.0
  0
LINE
  5
B82
  8
SHEET
 62
5
 10
80.0
 20
43.0
 30
0.0
 11
81.0
 21
43.0
 31
0.0
  0
LINE
  5
B83
  8
SHEET
 62
5
 10
80.0
 20
43.0
 30
0.0
 11
80.0
 21
44.0
 31
0.0
  0
LINE
  5
B84
  8
SHEET
 62
5
 10
81.0
 20
43.0
 30
0.0
 11
82.0
 21
43.0
 31
0.0
  0
LINE
  5
B85
  8
SHEET
 62
5
 10
82.0
 20
44.0
 30
0.0
 11
83.0
 21
44.0
 31
0.0
  0
LINE
  5
B86
  8
SHEET
 62
5
 10
82.0
 20
43.0
 30
0.0
 11
83.0
 21
43.0
 31
0.0
  0
LINE
  5
B87
  8
SHEET
 62
5
 10
83.0
 20
43.0
 30
0.0
 11
83.0
 21
44.0
 31
0.0
  0
LINE
  5
B88
  8
SHEET
 62
5
 10
40.0
 20
42.0
 30
0.0
 11
40.0
 21
43.0
 31
0.0
  0
LINE
  5
B89
  8
SHEET
 62
5
 10
43.0
 20
42.0
 30
0.0
 11
43.0
 21
43.0
 31
0.0
  0
LINE
  5
B8A
  8
SHEET
 62
5
 10
44.0
 20
42.0
 30
0.0
 11
44.0
 21
43.0
 31
0.0
  0
LINE
  5
B8B
  8
SHEET
 62
5
 10
45.0
 20
42.0
 30
0.0
 11
45.0
 21
43.0
 31
0.0
  0
LINE
  5
B8C
  8
SHEET
 62
5
 10
40.0
 20
41.0
 30
0.0
 11
40.0
 21
42.0
 31
0.0
  0
LINE
  5
B8D
  8
SHEET
 62
5
 10
43.0
 20
41.0
 30
0.0
 11
43.0
 21
42.0
 31
0.0
  0
LINE
  5
B8E
  8
SHEET
 62
5
 10
44.0
 20
41.0
 30
0.0
 11
44.0
 21
42.0
 31
0.0
  0
LINE
  5
B8F
  8
SHEET
 62
5
 10
45.0
 20
41.0
 30
0.0
 11
45.0
 21
42.0
 31
0.0
  0
LINE
  5
B90
  8
SHEET
 62
5
 10
40.0
 20
40.0
 30
0.0
 11
40.0
 21
41.0
 31
0.0
  0
LINE
  5
B91
  8
SHEET
 62
5
 10
43.0
 20
40.0
 30
0.0
 11
43.0
 21
41.0
 31
0.0
  0
LINE
  5
B92
  8
SHEET
 62
5
 10
44.0
 20
40.0
 30
0.0
 11
44.0
 21
41.0
 31
0.0
  0
LINE
  5
B93
  8
SHEET
 62
5
 10
45.0
 20
40.0
 30
0.0
 11
45.0
 21
41.0
 31
0.0
  0
LINE
  5
B94
  8
SHEET
 62
5
 10
40.0
 20
39.0
 30
0.0
 11
40.0
 21
40.0
 31
0.0
  0
LINE
  5
B95
  8
SHEET
 62
5
 10
43.0
 20
39.0
 30
0.0
 11
43.0
 21
40.0
 31
0.0
  0
LINE
  5
B96
  8
SHEET
 62
5
 10
44.0
 20
39.0
 30
0.0
 11
44.0
 21
40.0
 31
0.0
  0
LINE
  5
B97
  8
SHEET
 62
5
 10
45.0
 20
39.0
 30
0.0
 11
45.0
 21
40.0
 31
0.0
  0
LINE
  5
B98
  8
SHEET
 62
5
 10
40.0
 20
38.0
 30
0.0
 11
40.0
 21
39.0
 31
0.0
  0
LINE
  5
B99
  8
SHEET
 62
5
 10
43.0
 20
38.0
 30
0.0
 11
43.0
 21
39.0
 31
0.0
  0
LINE
  5
B9A
  8
SHEET
 62
5
 10
44.0
 20
38.0
 30
0.0
 11
44.0
 21
39.0
 31
0.0
  0
LINE
  5
B9B
  8
SHEET
 62
5
 10
45.0
 20
38.0
 30
0.0
 11
45.0
 21
39.0
 31
0.0
  0
LINE
  5
B9C
  8
SHEET
 62
5
 10
40.0
 20
37.0
 30
0.0
 11
40.0
 21
38.0
 31
0.0
  0
LINE
  5
B9D
  8
SHEET
 62
5
 10
43.0
 20
37.0
 30
0.0
 11
43.0
 21
38.0
 31
0.0
  0
LINE
  5
B9E
  8
SHEET
 62
5
 10
44.0
 20
37.0
 30
0.0
 11
44.0
 21
38.0
 31
0.0
  0
LINE
  5
B9F
  8
SHEET
 62
5
 10
45.0
 20
37.0
 30
0.0
 11
45.0
 21
38.0
 31
0.0
  0
LINE
  5
BA0
  8
SHEET
 62
5
 10
40.0
 20
36.0
 30
0.0
 11
40.0
 21
37.0
 31
0.0
  0
LINE
  5
BA1
  8
SHEET
 62
5
 10
43.0
 20
36.0
 30
0.0
 11
43.0
 21
37.0
 31
0.0
  0
LINE
  5
BA2
  8
SHEET
 62
5
 10
44.0
 20
36.0
 30
0.0
 11
44.0
 21
37.0
 31
0.0
  0
LINE
  5
BA3
  8
SHEET
 62
5
 10
45.0
 20
36.0
 30
0.0
 11
45.0
 21
37.0
 31
0.0
  0
LINE
  5
BA4
  8
SHEET
 62
5
 10
40.0
 20
35.0
 30
0.0
 11
40.0
 21
36.0
 31
0.0
  0
LINE
  5
BA5
  8
SHEET
 62
5
 10
43.0
 20
35.0
 30
0.0
 11
43.0
 21
36.0
 31
0.0
  0
LINE
  5
BA6
  8
SHEET
 62
5
 10
44.0
 20
35.0
 30
0.0
 11
44.0
 21
36.0
 31
0.0
  0
LINE
  5
BA7
  8
SHEET
 62
5
 10
45.0
 20
35.0
 30
0.0
 11
45.0
 21
36.0
 31
0.0
  0
LINE
  5
BA8
  8
SHEET
 62
5
 10
40.0
 20
34.0
 30
0.0
 11
40.0
 21
35.0
 31
0.0
  0
LINE
  5
BA9
  8
SHEET
 62
5
 10
43.0
 20
34.0
 30
0.0
 11
43.0
 21
35.0
 31
0.0
  0
LINE
  5
BAA
  8
SHEET
 62
5
 10
44.0
 20
34.0
 30
0.0
 11
44.0
 21
35.0
 31
0.0
  0
LINE
  5
BAB
  8
SHEET
 62
5
 10
45.0
 20
34.0
 30
0.0
 11
45.0
 21
35.0
 31
0.0
  0
LINE
  5
BAC
  8
SHEET
 62
5
 10
40.0
 20
33.0
 30
0.0
 11
40.0
 21
34.0
 31
0.0
  0
LINE
  5
BAD
  8
SHEET
 62
5
 10
43.0
 20
33.0
 30
0.0
 11
43.0
 21
34.0
 31
0.0
  0
LINE
  5
BAE
  8
SHEET
 62
5
 10
44.0
 20
33.0
 30
0.0
 11
44.0
 21
34.0
 31
0.0
  0
LINE
  5
BAF
  8
SHEET
 62
5
 10
45.0
 20
33.0
 30
0.0
 11
45.0
 21
34.0
 31
0.0
  0
LINE
  5
BB0
  8
SHEET
 62
5
 10
40.0
 20
32.0
 30
0.0
 11
40.0
 21
33.0
 31
0.0
  0
LINE
  5
BB1
  8
SHEET
 62
5
 10
43.0
 20
32.0
 30
0.0
 11
43.0
 21
33.0
 31
0.0
  0
LINE
  5
BB2
  8
SHEET
 62
5
 10
44.0
 20
32.0
 30
0.0
 11
44.0
 21
33.0
 31
0.0
  0
LINE
  5
BB3
  8
SHEET
 62
5
 10
45.0
 20
32.0
 30
0.0
 11
45.0
 21
33.0
 31
0.0
  0
LINE
  5
BB4
  8
SHEET
 62
5
 10
40.0
 20
31.0
 30
0.0
 11
40.0
 21
32.0
 31
0.0
  0
LINE
  5
BB5
  8
SHEET
 62
5
 10
43.0
 20
31.0
 30
0.0
 11
43.0
 21
32.0
 31
0.0
  0
LINE
  5
BB6
  8
SHEET
 62
5
 10
44.0
 20
31.0
 30
0.0
 11
44.0
 21
32.0
 31
0.0
  0
LINE
  5
BB7
  8
SHEET
 62
5
 10
45.0
 20
31.0
 30
0.0
 11
45.0
 21
32.0
 31
0.0
  0
LINE
  5
BB8
  8
SHEET
 62
5
 10
40.0
 20
30.0
 30
0.0
 11
40.0
 21
31.0
 31
0.0
  0
LINE
  5
BB9
  8
SHEET
 62
5
 10
43.0
 20
30.0
 30
0.0
 11
43.0
 21
31.0
 31
0.0
  0
LINE
  5
BBA
  8
SHEET
 62
5
 10
44.0
 20
30.0
 30
0.0
 11
44.0
 21
31.0
 31
0.0
  0
LINE
  5
BBB
  8
SHEET
 62
5
 10
45.0
 20
30.0
 30
0.0
 11
45.0
 21
31.0
 31
0.0
  0
LINE
  5
BBC
  8
SHEET
 62
5
 10
40.0
 20
29.0
 30
0.0
 11
40.0
 21
30.0
 31
0.0
  0
LINE
  5
BBD
  8
SHEET
 62
5
 10
43.0
 20
29.0
 30
0.0
 11
43.0
 21
30.0
 31
0.0
  0
LINE
  5
BBE
  8
SHEET
 62
5
 10
44.0
 20
29.0
 30
0.0
 11
44.0
 21
30.0
 31
0.0
  0
LINE
  5
BBF
  8
SHEET
 62
5
 10
45.0
 20
29.0
 30
0.0
 11
45.0
 21
30.0
 31
0.0
  0
LINE
  5
BC0
  8
SHEET
 62
5
 10
40.0
 20
28.0
 30
0.0
 11
40.0
 21
29.0
 31
0.0
  0
LINE
  5
BC1
  8
SHEET
 62
5
 10
43.0
 20
28.0
 30
0.0
 11
43.0
 21
29.0
 31
0.0
  0
LINE
  5
BC2
  8
SHEET
 62
5
 10
44.0
 20
28.0
 30
0.0
 11
45.0
 21
28.0
 31
0.0
  0
LINE
  5
BC3
  8
SHEET
 62
5
 10
44.0
 20
28.0
 30
0.0
 11
44.0
 21
29.0
 31
0.0
  0
LINE
  5
BC4
  8
SHEET
 62
5
 10
45.0
 20
28.0
 30
0.0
 11
45.0
 21
29.0
 31
0.0
  0
LINE
  5
BC5
  8
SHEET
 62
5
 10
40.0
 20
27.0
 30
0.0
 11
40.0
 21
28.0
 31
0.0
  0
LINE
  5
BC6
  8
SHEET
 62
5
 10
43.0
 20
27.0
 30
0.0
 11
43.0
 21
28.0
 31
0.0
  0
LINE
  5
BC7
  8
SHEET
 62
5
 10
40.0
 20
26.0
 30
0.0
 11
40.0
 21
27.0
 31
0.0
  0
LINE
  5
BC8
  8
SHEET
 62
5
 10
43.0
 20
27.0
 30
0.0
 11
44.0
 21
27.0
 31
0.0
  0
LINE
  5
BC9
  8
SHEET
 62
5
 10
44.0
 20
27.0
 30
0.0
 11
45.0
 21
27.0
 31
0.0
  0
LINE
  5
BCA
  8
SHEET
 62
5
 10
45.0
 20
27.0
 30
0.0
 11
46.0
 21
27.0
 31
0.0
  0
LINE
  5
BCB
  8
SHEET
 62
5
 10
46.0
 20
27.0
 30
0.0
 11
47.0
 21
27.0
 31
0.0
  0
LINE
  5
BCC
  8
SHEET
 62
5
 10
47.0
 20
27.0
 30
0.0
 11
48.0
 21
27.0
 31
0.0
  0
LINE
  5
BCD
  8
SHEET
 62
5
 10
48.0
 20
27.0
 30
0.0
 11
49.0
 21
27.0
 31
0.0
  0
LINE
  5
BCE
  8
SHEET
 62
5
 10
49.0
 20
27.0
 30
0.0
 11
50.0
 21
27.0
 31
0.0
  0
LINE
  5
BCF
  8
SHEET
 62
5
 10
50.0
 20
27.0
 30
0.0
 11
51.0
 21
27.0
 31
0.0
  0
LINE
  5
BD0
  8
SHEET
 62
5
 10
51.0
 20
27.0
 30
0.0
 11
52.0
 21
27.0
 31
0.0
  0
LINE
  5
BD1
  8
SHEET
 62
5
 10
52.0
 20
27.0
 30
0.0
 11
53.0
 21
27.0
 31
0.0
  0
LINE
  5
BD2
  8
SHEET
 62
5
 10
53.0
 20
27.0
 30
0.0
 11
54.0
 21
27.0
 31
0.0
  0
LINE
  5
BD3
  8
SHEET
 62
5
 10
54.0
 20
27.0
 30
0.0
 11
55.0
 21
27.0
 31
0.0
  0
LINE
  5
BD4
  8
SHEET
 62
5
 10
55.0
 20
27.0
 30
0.0
 11
56.0
 21
27.0
 31
0.0
  0
LINE
  5
BD5
  8
SHEET
 62
5
 10
56.0
 20
27.0
 30
0.0
 11
57.0
 21
27.0
 31
0.0
  0
LINE
  5
BD6
  8
SHEET
 62
5
 10
57.0
 20
27.0
 30
0.0
 11
58.0
 21
27.0
 31
0.0
  0
LINE
  5
BD7
  8
SHEET
 62
5
 10
58.0
 20
27.0
 30
0.0
 11
59.0
 21
27.0
 31
0.0
  0
LINE
  5
BD8
  8
SHEET
 62
5
 10
59.0
 20
27.0
 30
0.0
 11
60.0
 21
27.0
 31
0.0
  0
LINE
  5
BD9
  8
SHEET
 62
5
 10
60.0
 20
27.0
 30
0.0
 11
61.0
 21
27.0
 31
0.0
  0
LINE
  5
BDA
  8
SHEET
 62
5
 10
61.0
 20
27.0
 30
0.0
 11
62.0
 21
27.0
 31
0.0
  0
LINE
  5
BDB
  8
SHEET
 62
5
 10
62.0
 20
27.0
 30
0.0
 11
63.0
 21
27.0
 31
0.0
  0
LINE
  5
BDC
  8
SHEET
 62
5
 10
63.0
 20
27.0
 30
0.0
 11
64.0
 21
27.0
 31
0.0
  0
LINE
  5
BDD
  8
SHEET
 62
5
 10
64.0
 20
27.0
 30
0.0
 11
65.0
 21
27.0
 31
0.0
  0
LINE
  5
BDE
  8
SHEET
 62
5
 10
65.0
 20
27.0
 30
0.0
 11
66.0
 21
27.0
 31
0.0
  0
LINE
  5
BDF
  8
SHEET
 62
5
 10
66.0
 20
27.0
 30
0.0
 11
67.0
 21
27.0
 31
0.0
  0
LINE
  5
BE0
  8
SHEET
 62
5
 10
67.0
 20
27.0
 30
0.0
 11
68.0
 21
27.0
 31
0.0
  0
LINE
  5
BE1
  8
SHEET
 62
5
 10
68.0
 20
27.0
 30
0.0
 11
69.0
 21
27.0
 31
0.0
  0
LINE
  5
BE2
  8
SHEET
 62
5
 10
69.0
 20
27.0
 30
0.0
 11
70.0
 21
27.0
 31
0.0
  0
LINE
  5
BE3
  8
SHEET
 62
5
 10
70.0
 20
27.0
 30
0.0
 11
71.0
 21
27.0
 31
0.0
  0
LINE
  5
BE4
  8
SHEET
 62
5
 10
71.0
 20
27.0
 30
0.0
 11
72.0
 21
27.0
 31
0.0
  0
LINE
  5
BE5
  8
SHEET
 62
5
 10
72.0
 20
27.0
 30
0.0
 11
73.0
 21
27.0
 31
0.0
  0
LINE
  5
BE6
  8
SHEET
 62
5
 10
73.0
 20
27.0
 30
0.0
 11
74.0
 21
27.0
 31
0.0
  0
LINE
  5
BE7
  8
SHEET
 62
5
 10
74.0
 20
27.0
 30
0.0
 11
75.0
 21
27.0
 31
0.0
  0
LINE
  5
BE8
  8
SHEET
 62
5
 10
75.0
 20
27.0
 30
0.0
 11
76.0
 21
27.0
 31
0.0
  0
LINE
  5
BE9
  8
SHEET
 62
5
 10
76.0
 20
27.0
 30
0.0
 11
77.0
 21
27.0
 31
0.0
  0
LINE
  5
BEA
  8
SHEET
 62
5
 10
77.0
 20
27.0
 30
0.0
 11
78.0
 21
27.0
 31
0.0
  0
LINE
  5
BEB
  8
SHEET
 62
5
 10
78.0
 20
27.0
 30
0.0
 11
79.0
 21
27.0
 31
0.0
  0
LINE
  5
BEC
  8
SHEET
 62
5
 10
79.0
 20
27.0
 30
0.0
 11
80.0
 21
27.0
 31
0.0
  0
LINE
  5
BED
  8
SHEET
 62
5
 10
80.0
 20
27.0
 30
0.0
 11
81.0
 21
27.0
 31
0.0
  0
LINE
  5
BEE
  8
SHEET
 62
5
 10
81.0
 20
27.0
 30
0.0
 11
82.0
 21
27.0
 31
0.0
  0
LINE
  5
BEF
  8
SHEET
 62
5
 10
82.0
 20
27.0
 30
0.0
 11
83.0
 21
27.0
 31
0.0
  0
LINE
  5
BF0
  8
SHEET
 62
5
 10
83.0
 20
27.0
 30
0.0
 11
84.0
 21
27.0
 31
0.0
  0
LINE
  5
BF1
  8
SHEET
 62
5
 10
84.0
 20
27.0
 30
0.0
 11
85.0
 21
27.0
 31
0.0
  0
LINE
  5
BF2
  8
SHEET
 62
5
 10
85.0
 20
27.0
 30
0.0
 11
86.0
 21
27.0
 31
0.0
  0
LINE
  5
BF3
  8
SHEET
 62
5
 10
86.0
 20
27.0
 30
0.0
 11
87.0
 21
27.0
 31
0.0
  0
LINE
  5
BF4
  8
SHEET
 62
5
 10
87.0
 20
27.0
 30
0.0
 11
88.0
 21
27.0
 31
0.0
  0
LINE
  5
BF5
  8
SHEET
 62
5
 10
88.0
 20
27.0
 30
0.0
 11
89.0
 21
27.0
 31
0.0
  0
LINE
  5
BF6
  8
SHEET
 62
5
 10
89.0
 20
27.0
 30
0.0
 11
90.0
 21
27.0
 31
0.0
  0
LINE
  5
BF7
  8
SHEET
 62
5
 10
90.0
 20
27.0
 30
0.0
 11
91.0
 21
27.0
 31
0.0
  0
LINE
  5
BF8
  8
SHEET
 62
5
 10
91.0
 20
27.0
 30
0.0
 11
92.0
 21
27.0
 31
0.0
  0
LINE
  5
BF9
  8
SHEET
 62
5
 10
92.0
 20
27.0
 30
0.0
 11
93.0
 21
27.0
 31
0.0
  0
LINE
  5
BFA
  8
SHEET
 62
5
 10
93.0
 20
27.0
 30
0.0
 11
94.0
 21
27.0
 31
0.0
  0
LINE
  5
BFB
  8
SHEET
 62
5
 10
94.0
 20
27.0
 30
0.0
 11
95.0
 21
27.0
 31
0.0
  0
LINE
  5
BFC
  8
SHEET
 62
5
 10
95.0
 20
27.0
 30
0.0
 11
96.0
 21
27.0
 31
0.0
  0
LINE
  5
BFD
  8
SHEET
 62
5
 10
96.0
 20
27.0
 30
0.0
 11
97.0
 21
27.0
 31
0.0
  0
LINE
  5
BFE
  8
SHEET
 62
5
 10
97.0
 20
27.0
 30
0.0
 11
98.0
 21
27.0
 31
0.0
  0
LINE
  5
BFF
  8
SHEET
 62
5
 10
98.0
 20
27.0
 30
0.0
 11
99.0
 21
27.0
 31
0.0
  0
LINE
  5
C00
  8
SHEET
 62
5
 10
99.0
 20
27.0
 30
0.0
 11
100.0
 21
27.0
 31
0.0
  0
LINE
  5
C01
  8
SHEET
 62
5
 10
100.0
 20
27.0
 30
0.0
 11
101.0
 21
27.0
 31
0.0
  0
LINE
  5
C02
  8
SHEET
 62
5
 10
101.0
 20
27.0
 30
0.0
 11
102.0
 21
27.0
 31
0.0
  0
LINE
  5
C03
  8
SHEET
 62
5
 10
102.0
 20
27.0
 30
0.0
 11
103.0
 21
27.0
 31
0.0
  0
LINE
  5
C04
  8
SHEET
 62
5
 10
103.0
 20
27.0
 30
0.0
 11
104.0
 21
27.0
 31
0.0
  0
LINE
  5
C05
  8
SHEET
 62
5
 10
104.0
 20
27.0
 30
0.0
 11
105.0
 21
27.0
 31
0.0
  0
LINE
  5
C06
  8
SHEET
 62
5
 10
105.0
 20
27.0
 30
0.0
 11
106.0
 21
27.0
 31
0.0
  0
LINE
  5
C07
  8
SHEET
 62
5
 10
106.0
 20
27.0
 30
0.0
 11
107.0
 21
27.0
 31
0.0
  0
LINE
  5
C08
  8
SHEET
 62
5
 10
107.0
 20
27.0
 30
0.0
 11
108.0
 21
27.0
 31
0.0
  0
LINE
  5
C09
  8
SHEET
 62
5
 10
108.0
 20
27.0
 30
0.0
 11
109.0
 21
27.0
 31
0.0
  0
LINE
  5
C0A
  8
SHEET
 62
5
 10
109.0
 20
27.0
 30
0.0
 11
110.0
 21
27.0
 31
0.0
  0
LINE
  5
C0B
  8
SHEET
 62
5
 10
110.0
 20
27.0
 30
0.0
 11
111.0
 21
27.0
 31
0.0
  0
LINE
  5
C0C
  8
SHEET
 62
5
 10
111.0
 20
27.0
 30
0.0
 11
112.0
 21
27.0
 31
0.0
  0
LINE
  5
C0D
  8
SHEET
 62
5
 10
112.0
 20
27.0
 30
0.0
 11
113.0
 21
27.0
 31
0.0
  0
LINE
  5
C0E
  8
SHEET
 62
5
 10
113.0
 20
27.0
 30
0.0
 11
114.0
 21
27.0
 31
0.0
  0
LINE
  5
C0F
  8
SHEET
 62
5
 10
114.0
 20
27.0
 30
0.0
 11
115.0
 21
27.0
 31
0.0
  0
LINE
  5
C10
  8
SHEET
 62
5
 10
115.0
 20
27.0
 30
0.0
 11
116.0
 21
27.0
 31
0.0
  0
LINE
  5
C11
  8
SHEET
 62
5
 10
116.0
 20
27.0
 30
0.0
 11
117.0
 21
27.0
 31
0.0
  0
LINE
  5
C12
  8
SHEET
 62
5
 10
117.0
 20
27.0
 30
0.0
 11
118.0
 21
27.0
 31
0.0
  0
LINE
  5
C13
  8
SHEET
 62
5
 10
118.0
 20
27.0
 30
0.0
 11
119.0
 21
27.0
 31
0.0
  0
LINE
  5
C14
  8
SHEET
 62
5
 10
119.0
 20
27.0
 30
0.0
 11
120.0
 21
27.0
 31
0.0
  0
LINE
  5
C15
  8
SHEET
 62
5
 10
120.0
 20
27.0
 30
0.0
 11
121.0
 21
27.0
 31
0.0
  0
LINE
  5
C16
  8
SHEET
 62
5
 10
121.0
 20
27.0
 30
0.0
 11
122.0
 21
27.0
 31
0.0
  0
LINE
  5
C17
  8
SHEET
 62
5
 10
122.0
 20
27.0
 30
0.0
 11
123.0
 21
27.0
 31
0.0
  0
LINE
  5
C18
  8
SHEET
 62
5
 10
123.0
 20
27.0
 30
0.0
 11
124.0
 21
27.0
 31
0.0
  0
LINE
  5
C19
  8
SHEET
 62
5
 10
124.0
 20
27.0
 30
0.0
 11
125.0
 21
27.0
 31
0.0
  0
LINE
  5
C1A
  8
SHEET
 62
5
 10
125.0
 20
27.0
 30
0.0
 11
126.0
 21
27.0
 31
0.0
  0
LINE
  5
C1B
  8
SHEET
 62
5
 10
126.0
 20
27.0
 30
0.0
 11
127.0
 21
27.0
 31
0.0
  0
LINE
  5
C1C
  8
SHEET
 62
5
 10
127.0
 20
27.0
 30
0.0
 11
128.0
 21
27.0
 31
0.0
  0
LINE
  5
C1D
  8
SHEET
 62
5
 10
128.0
 20
27.0
 30
0.0
 11
129.0
 21
27.0
 31
0.0
  0
LINE
  5
C1E
  8
SHEET
 62
5
 10
129.0
 20
27.0
 30
0.0
 11
130.0
 21
27.0
 31
0.0
  0
LINE
  5
C1F
  8
SHEET
 62
5
 10
130.0
 20
27.0
 30
0.0
 11
131.0
 21
27.0
 31
0.0
  0
LINE
  5
C20
  8
SHEET
 62
5
 10
131.0
 20
27.0
 30
0.0
 11
132.0
 21
27.0
 31
0.0
  0
LINE
  5
C21
  8
SHEET
 62
5
 10
132.0
 20
27.0
 30
0.0
 11
133.0
 21
27.0
 31
0.0
  0
LINE
  5
C22
  8
SHEET
 62
5
 10
133.0
 20
27.0
 30
0.0
 11
134.0
 21
27.0
 31
0.0
  0
LINE
  5
C23
  8
SHEET
 62
5
 10
134.0
 20
27.0
 30
0.0
 11
135.0
 21
27.0
 31
0.0
  0
LINE
  5
C24
  8
SHEET
 62
5
 10
135.0
 20
27.0
 30
0.0
 11
136.0
 21
27.0
 31
0.0
  0
LINE
  5
C25
  8
SHEET
 62
5
 10
136.0
 20
27.0
 30
0.0
 11
137.0
 21
27.0
 31
0.0
  0
LINE
  5
C26
  8
SHEET
 62
5
 10
137.0
 20
27.0
 30
0.0
 11
138.0
 21
27.0
 31
0.0
  0
LINE
  5
C27
  8
SHEET
 62
5
 10
138.0
 20
27.0
 30
0.0
 11
139.0
 21
27.0
 31
0.0
  0
LINE
  5
C28
  8
SHEET
 62
5
 10
139.0
 20
27.0
 30
0.0
 11
140.0
 21
27.0
 31
0.0
  0
LINE
  5
C29
  8
SHEET
 62
5
 10
140.0
 20
27.0
 30
0.0
 11
141.0
 21
27.0
 31
0.0
  0
LINE
  5
C2A
  8
SHEET
 62
5
 10
141.0
 20
27.0
 30
0.0
 11
142.0
 21
27.0
 31
0.0
  0
LINE
  5
C2B
  8
SHEET
 62
5
 10
142.0
 20
27.0
 30
0.0
 11
143.0
 21
27.0
 31
0.0
  0
LINE
  5
C2C
  8
SHEET
 62
5
 10
143.0
 20
27.0
 30
0.0
 11
144.0
 21
27.0
 31
0.0
  0
LINE
  5
C2D
  8
SHEET
 62
5
 10
144.0
 20
27.0
 30
0.0
 11
145.0
 21
27.0
 31
0.0
  0
LINE
  5
C2E
  8
SHEET
 62
5
 10
145.0
 20
27.0
 30
0.0
 11
146.0
 21
27.0
 31
0.0
  0
LINE
  5
C2F
  8
SHEET
 62
5
 10
146.0
 20
27.0
 30
0.0
 11
147.0
 21
27.0
 31
0.0
  0
LINE
  5
C30
  8
SHEET
 62
5
 10
147.0
 20
27.0
 30
0.0
 11
148.0
 21
27.0
 31
0.0
  0
LINE
  5
C31
  8
SHEET
 62
5
 10
148.0
 20
27.0
 30
0.0
 11
149.0
 21
27.0
 31
0.0
  0
LINE
  5
C32
  8
SHEET
 62
5
 10
149.0
 20
27.0
 30
0.0
 11
150.0
 21
27.0
 31
0.0
  0
LINE
  5
C33
  8
SHEET
 62
5
 10
150.0
 20
27.0
 30
0.0
 11
151.0
 21
27.0
 31
0.0
  0
LINE
  5
C34
  8
SHEET
 62
5
 10
151.0
 20
27.0
 30
0.0
 11
152.0
 21
27.0
 31
0.0
  0
LINE
  5
C35
  8
SHEET
 62
5
 10
152.0
 20
27.0
 30
0.0
 11
153.0
 21
27.0
 31
0.0
  0
LINE
  5
C36
  8
SHEET
 62
5
 10
153.0
 20
27.0
 30
0.0
 11
154.0
 21
27.0
 31
0.0
  0
LINE
  5
C37
  8
SHEET
 62
5
 10
154.0
 20
27.0
 30
0.0
 11
155.0
 21
27.0
 31
0.0
  0
LINE
  5
C38
  8
SHEET
 62
5
 10
155.0
 20
27.0
 30
0.0
 11
156.0
 21
27.0
 31
0.0
  0
LINE
  5
C39
  8
SHEET
 62
5
 10
156.0
 20
27.0
 30
0.0
 11
157.0
 21
27.0
 31
0.0
  0
LINE
  5
C3A
  8
SHEET
 62
5
 10
157.0
 20
27.0
 30
0.0
 11
158.0
 21
27.0
 31
0.0
  0
LINE
  5
C3B
  8
SHEET
 62
5
 10
158.0
 20
27.0
 30
0.0
 11
159.0
 21
27.0
 31
0.0
  0
LINE
  5
C3C
  8
SHEET
 62
5
 10
159.0
 20
27.0
 30
0.0
 11
160.0
 21
27.0
 31
0.0
  0
LINE
  5
C3D
  8
SHEET
 62
5
 10
160.0
 20
27.0
 30
0.0
 11
161.0
 21
27.0
 31
0.0
  0
LINE
  5
C3E
  8
SHEET
 62
5
 10
161.0
 20
27.0
 30
0.0
 11
162.0
 21
27.0
 31
0.0
  0
LINE
  5
C3F
  8
SHEET
 62
5
 10
162.0
 20
27.0
 30
0.0
 11
163.0
 21
27.0
 31
0.0
  0
LINE
  5
C40
  8
SHEET
 62
5
 10
163.0
 20
27.0
 30
0.0
 11
164.0
 21
27.0
 31
0.0
  0
LINE
  5
C41
  8
SHEET
 62
5
 10
164.0
 20
27.0
 30
0.0
 11
165.0
 21
27.0
 31
0.0
  0
LINE
  5
C42
  8
SHEET
 62
5
 10
165.0
 20
27.0
 30
0.0
 11
166.0
 21
27.0
 31
0.0
  0
LINE
  5
C43
  8
SHEET
 62
5
 10
166.0
 20
27.0
 30
0.0
 11
167.0
 21
27.0
 31
0.0
  0
LINE
  5
C44
  8
SHEET
 62
5
 10
167.0
 20
27.0
 30
0.0
 11
168.0
 21
27.0
 31
0.0
  0
LINE
  5
C45
  8
SHEET
 62
5
 10
168.0
 20
27.0
 30
0.0
 11
169.0
 21
27.0
 31
0.0
  0
LINE
  5
C46
  8
SHEET
 62
5
 10
169.0
 20
27.0
 30
0.0
 11
170.0
 21
27.0
 31
0.0
  0
LINE
  5
C47
  8
SHEET
 62
5
 10
170.0
 20
27.0
 30
0.0
 11
171.0
 21
27.0
 31
0.0
  0
LINE
  5
C48
  8
SHEET
 62
5
 10
171.0
 20
27.0
 30
0.0
 11
172.0
 21
27.0
 31
0.0
  0
LINE
  5
C49
  8
SHEET
 62
5
 10
172.0
 20
27.0
 30
0.0
 11
173.0
 21
27.0
 31
0.0
  0
LINE
  5
C4A
  8
SHEET
 62
5
 10
173.0
 20
27.0
 30
0.0
 11
174.0
 21
27.0
 31
0.0
  0
LINE
  5
C4B
  8
SHEET
 62
5
 10
174.0
 20
27.0
 30
0.0
 11
175.0
 21
27.0
 31
0.0
  0
LINE
  5
C4C
  8
SHEET
 62
5
 10
175.0
 20
27.0
 30
0.0
 11
176.0
 21
27.0
 31
0.0
  0
LINE
  5
C4D
  8
SHEET
 62
5
 10
176.0
 20
27.0
 30
0.0
 11
177.0
 21
27.0
 31
0.0
  0
LINE
  5
C4E
  8
SHEET
 62
5
 10
177.0
 20
27.0
 30
0.0
 11
178.0
 21
27.0
 31
0.0
  0
LINE
  5
C4F
  8
SHEET
 62
5
 10
178.0
 20
27.0
 30
0.0
 11
179.0
 21
27.0
 31
0.0
  0
LINE
  5
C50
  8
SHEET
 62
5
 10
179.0
 20
27.0
 30
0.0
 11
180.0
 21
27.0
 31
0.0
  0
LINE
  5
C51
  8
SHEET
 62
5
 10
180.0
 20
26.0
 30
0.0
 11
180.0
 21
27.0
 31
0.0
  0
LINE
  5
C52
  8
SHEET
 62
5
 10
40.0
 20
25.0
 30
0.0
 11
40.0
 21
26.0
 31
0.0
  0
LINE
  5
C53
  8
SHEET
 62
5
 10
180.0
 20
25.0
 30
0.0
 11
180.0
 21
26.0
 31
0.0
  0
LINE
  5
C54
  8
SHEET
 62
5
 10
40.0
 20
24.0
 30
0.0
 11
40.0
 21
25.0
 31
0.0
  0
LINE
  5
C55
  8
SHEET
 62
5
 10
180.0
 20
24.0
 30
0.0
 11
180.0
 21
25.0
 31
0.0
  0
LINE
  5
C56
  8
SHEET
 62
5
 10
40.0
 20
23.0
 30
0.0
 11
40.0
 21
24.0
 31
0.0
  0
LINE
  5
C57
  8
SHEET
 62
5
 10
43.0
 20
23.0
 30
0.0
 11
44.0
 21
23.0
 31
0.0
  0
LINE
  5
C58
  8
SHEET
 62
5
 10
45.0
 20
23.0
 30
0.0
 11
46.0
 21
23.0
 31
0.0
  0
LINE
  5
C59
  8
SHEET
 62
5
 10
46.0
 20
23.0
 30
0.0
 11
47.0
 21
23.0
 31
0.0
  0
LINE
  5
C5A
  8
SHEET
 62
5
 10
47.0
 20
23.0
 30
0.0
 11
48.0
 21
23.0
 31
0.0
  0
LINE
  5
C5B
  8
SHEET
 62
5
 10
48.0
 20
23.0
 30
0.0
 11
49.0
 21
23.0
 31
0.0
  0
LINE
  5
C5C
  8
SHEET
 62
5
 10
49.0
 20
23.0
 30
0.0
 11
50.0
 21
23.0
 31
0.0
  0
LINE
  5
C5D
  8
SHEET
 62
5
 10
50.0
 20
23.0
 30
0.0
 11
51.0
 21
23.0
 31
0.0
  0
LINE
  5
C5E
  8
SHEET
 62
5
 10
51.0
 20
23.0
 30
0.0
 11
52.0
 21
23.0
 31
0.0
  0
LINE
  5
C5F
  8
SHEET
 62
5
 10
52.0
 20
23.0
 30
0.0
 11
53.0
 21
23.0
 31
0.0
  0
LINE
  5
C60
  8
SHEET
 62
5
 10
53.0
 20
23.0
 30
0.0
 11
54.0
 21
23.0
 31
0.0
  0
LINE
  5
C61
  8
SHEET
 62
5
 10
54.0
 20
23.0
 30
0.0
 11
55.0
 21
23.0
 31
0.0
  0
LINE
  5
C62
  8
SHEET
 62
5
 10
55.0
 20
23.0
 30
0.0
 11
56.0
 21
23.0
 31
0.0
  0
LINE
  5
C63
  8
SHEET
 62
5
 10
56.0
 20
23.0
 30
0.0
 11
57.0
 21
23.0
 31
0.0
  0
LINE
  5
C64
  8
SHEET
 62
5
 10
57.0
 20
23.0
 30
0.0
 11
58.0
 21
23.0
 31
0.0
  0
LINE
  5
C65
  8
SHEET
 62
5
 10
58.0
 20
23.0
 30
0.0
 11
59.0
 21
23.0
 31
0.0
  0
LINE
  5
C66
  8
SHEET
 62
5
 10
59.0
 20
23.0
 30
0.0
 11
60.0
 21
23.0
 31
0.0
  0
LINE
  5
C67
  8
SHEET
 62
5
 10
60.0
 20
23.0
 30
0.0
 11
61.0
 21
23.0
 31
0.0
  0
LINE
  5
C68
  8
SHEET
 62
5
 10
61.0
 20
23.0
 30
0.0
 11
62.0
 21
23.0
 31
0.0
  0
LINE
  5
C69
  8
SHEET
 62
5
 10
62.0
 20
23.0
 30
0.0
 11
63.0
 21
23.0
 31
0.0
  0
LINE
  5
C6A
  8
SHEET
 62
5
 10
63.0
 20
23.0
 30
0.0
 11
64.0
 21
23.0
 31
0.0
  0
LINE
  5
C6B
  8
SHEET
 62
5
 10
64.0
 20
23.0
 30
0.0
 11
65.0
 21
23.0
 31
0.0
  0
LINE
  5
C6C
  8
SHEET
 62
5
 10
65.0
 20
23.0
 30
0.0
 11
66.0
 21
23.0
 31
0.0
  0
LINE
  5
C6D
  8
SHEET
 62
5
 10
66.0
 20
23.0
 30
0.0
 11
67.0
 21
23.0
 31
0.0
  0
LINE
  5
C6E
  8
SHEET
 62
5
 10
67.0
 20
23.0
 30
0.0
 11
68.0
 21
23.0
 31
0.0
  0
LINE
  5
C6F
  8
SHEET
 62
5
 10
68.0
 20
23.0
 30
0.0
 11
69.0
 21
23.0
 31
0.0
  0
LINE
  5
C70
  8
SHEET
 62
5
 10
69.0
 20
23.0
 30
0.0
 11
70.0
 21
23.0
 31
0.0
  0
LINE
  5
C71
  8
SHEET
 62
5
 10
70.0
 20
23.0
 30
0.0
 11
71.0
 21
23.0
 31
0.0
  0
LINE
  5
C72
  8
SHEET
 62
5
 10
71.0
 20
23.0
 30
0.0
 11
72.0
 21
23.0
 31
0.0
  0
LINE
  5
C73
  8
SHEET
 62
5
 10
72.0
 20
23.0
 30
0.0
 11
73.0
 21
23.0
 31
0.0
  0
LINE
  5
C74
  8
SHEET
 62
5
 10
73.0
 20
23.0
 30
0.0
 11
74.0
 21
23.0
 31
0.0
  0
LINE
  5
C75
  8
SHEET
 62
5
 10
74.0
 20
23.0
 30
0.0
 11
75.0
 21
23.0
 31
0.0
  0
LINE
  5
C76
  8
SHEET
 62
5
 10
75.0
 20
23.0
 30
0.0
 11
76.0
 21
23.0
 31
0.0
  0
LINE
  5
C77
  8
SHEET
 62
5
 10
76.0
 20
23.0
 30
0.0
 11
77.0
 21
23.0
 31
0.0
  0
LINE
  5
C78
  8
SHEET
 62
5
 10
77.0
 20
23.0
 30
0.0
 11
78.0
 21
23.0
 31
0.0
  0
LINE
  5
C79
  8
SHEET
 62
5
 10
78.0
 20
23.0
 30
0.0
 11
79.0
 21
23.0
 31
0.0
  0
LINE
  5
C7A
  8
SHEET
 62
5
 10
79.0
 20
23.0
 30
0.0
 11
80.0
 21
23.0
 31
0.0
  0
LINE
  5
C7B
  8
SHEET
 62
5
 10
80.0
 20
23.0
 30
0.0
 11
81.0
 21
23.0
 31
0.0
  0
LINE
  5
C7C
  8
SHEET
 62
5
 10
81.0
 20
23.0
 30
0.0
 11
82.0
 21
23.0
 31
0.0
  0
LINE
  5
C7D
  8
SHEET
 62
5
 10
82.0
 20
23.0
 30
0.0
 11
83.0
 21
23.0
 31
0.0
  0
LINE
  5
C7E
  8
SHEET
 62
5
 10
83.0
 20
23.0
 30
0.0
 11
84.0
 21
23.0
 31
0.0
  0
LINE
  5
C7F
  8
SHEET
 62
5
 10
84.0
 20
23.0
 30
0.0
 11
85.0
 21
23.0
 31
0.0
  0
LINE
  5
C80
  8
SHEET
 62
5
 10
85.0
 20
23.0
 30
0.0
 11
86.0
 21
23.0
 31
0.0
  0
LINE
  5
C81
  8
SHEET
 62
5
 10
86.0
 20
23.0
 30
0.0
 11
87.0
 21
23.0
 31
0.0
  0
LINE
  5
C82
  8
SHEET
 62
5
 10
87.0
 20
23.0
 30
0.0
 11
88.0
 21
23.0
 31
0.0
  0
LINE
  5
C83
  8
SHEET
 62
5
 10
88.0
 20
23.0
 30
0.0
 11
89.0
 21
23.0
 31
0.0
  0
LINE
  5
C84
  8
SHEET
 62
5
 10
89.0
 20
23.0
 30
0.0
 11
90.0
 21
23.0
 31
0.0
  0
LINE
  5
C85
  8
SHEET
 62
5
 10
90.0
 20
23.0
 30
0.0
 11
91.0
 21
23.0
 31
0.0
  0
LINE
  5
C86
  8
SHEET
 62
5
 10
91.0
 20
23.0
 30
0.0
 11
92.0
 21
23.0
 31
0.0
  0
LINE
  5
C87
  8
SHEET
 62
5
 10
92.0
 20
23.0
 30
0.0
 11
93.0
 21
23.0
 31
0.0
  0
LINE
  5
C88
  8
SHEET
 62
5
 10
93.0
 20
23.0
 30
0.0
 11
94.0
 21
23.0
 31
0.0
  0
LINE
  5
C89
  8
SHEET
 62
5
 10
94.0
 20
23.0
 30
0.0
 11
95.0
 21
23.0
 31
0.0
  0
LINE
  5
C8A
  8
SHEET
 62
5
 10
95.0
 20
23.0
 30
0.0
 11
96.0
 21
23.0
 31
0.0
  0
LINE
  5
C8B
  8
SHEET
 62
5
 10
96.0
 20
23.0
 30
0.0
 11
97.0
 21
23.0
 31
0.0
  0
LINE
  5
C8C
  8
SHEET
 62
5
 10
97.0
 20
23.0
 30
0.0
 11
98.0
 21
23.0
 31
0.0
  0
LINE
  5
C8D
  8
SHEET
 62
5
 10
98.0
 20
23.0
 30
0.0
 11
99.0
 21
23.0
 31
0.0
  0
LINE
  5
C8E
  8
SHEET
 62
5
 10
99.0
 20
23.0
 30
0.0
 11
100.0
 21
23.0
 31
0.0
  0
LINE
  5
C8F
  8
SHEET
 62
5
 10
100.0
 20
23.0
 30
0.0
 11
101.0
 21
23.0
 31
0.0
  0
LINE
  5
C90
  8
SHEET
 62
5
 10
101.0
 20
23.0
 30
0.0
 11
102.0
 21
23.0
 31
0.0
  0
LINE
  5
C91
  8
SHEET
 62
5
 10
102.0
 20
23.0
 30
0.0
 11
103.0
 21
23.0
 31
0.0
  0
LINE
  5
C92
  8
SHEET
 62
5
 10
103.0
 20
23.0
 30
0.0
 11
104.0
 21
23.0
 31
0.0
  0
LINE
  5
C93
  8
SHEET
 62
5
 10
104.0
 20
23.0
 30
0.0
 11
105.0
 21
23.0
 31
0.0
  0
LINE
  5
C94
  8
SHEET
 62
5
 10
105.0
 20
23.0
 30
0.0
 11
106.0
 21
23.0
 31
0.0
  0
LINE
  5
C95
  8
SHEET
 62
5
 10
106.0
 20
23.0
 30
0.0
 11
107.0
 21
23.0
 31
0.0
  0
LINE
  5
C96
  8
SHEET
 62
5
 10
107.0
 20
23.0
 30
0.0
 11
108.0
 21
23.0
 31
0.0
  0
LINE
  5
C97
  8
SHEET
 62
5
 10
108.0
 20
23.0
 30
0.0
 11
109.0
 21
23.0
 31
0.0
  0
LINE
  5
C98
  8
SHEET
 62
5
 10
109.0
 20
23.0
 30
0.0
 11
110.0
 21
23.0
 31
0.0
  0
LINE
  5
C99
  8
SHEET
 62
5
 10
110.0
 20
23.0
 30
0.0
 11
111.0
 21
23.0
 31
0.0
  0
LINE
  5
C9A
  8
SHEET
 62
5
 10
111.0
 20
23.0
 30
0.0
 11
112.0
 21
23.0
 31
0.0
  0
LINE
  5
C9B
  8
SHEET
 62
5
 10
112.0
 20
23.0
 30
0.0
 11
113.0
 21
23.0
 31
0.0
  0
LINE
  5
C9C
  8
SHEET
 62
5
 10
113.0
 20
23.0
 30
0.0
 11
114.0
 21
23.0
 31
0.0
  0
LINE
  5
C9D
  8
SHEET
 62
5
 10
114.0
 20
23.0
 30
0.0
 11
115.0
 21
23.0
 31
0.0
  0
LINE
  5
C9E
  8
SHEET
 62
5
 10
115.0
 20
23.0
 30
0.0
 11
116.0
 21
23.0
 31
0.0
  0
LINE
  5
C9F
  8
SHEET
 62
5
 10
116.0
 20
23.0
 30
0.0
 11
117.0
 21
23.0
 31
0.0
  0
LINE
  5
CA0
  8
SHEET
 62
5
 10
117.0
 20
23.0
 30
0.0
 11
118.0
 21
23.0
 31
0.0
  0
LINE
  5
CA1
  8
SHEET
 62
5
 10
118.0
 20
23.0
 30
0.0
 11
119.0
 21
23.0
 31
0.0
  0
LINE
  5
CA2
  8
SHEET
 62
5
 10
119.0
 20
23.0
 30
0.0
 11
120.0
 21
23.0
 31
0.0
  0
LINE
  5
CA3
  8
SHEET
 62
5
 10
120.0
 20
23.0
 30
0.0
 11
121.0
 21
23.0
 31
0.0
  0
LINE
  5
CA4
  8
SHEET
 62
5
 10
121.0
 20
23.0
 30
0.0
 11
122.0
 21
23.0
 31
0.0
  0
LINE
  5
CA5
  8
SHEET
 62
5
 10
122.0
 20
23.0
 30
0.0
 11
123.0
 21
23.0
 31
0.0
  0
LINE
  5
CA6
  8
SHEET
 62
5
 10
123.0
 20
23.0
 30
0.0
 11
124.0
 21
23.0
 31
0.0
  0
LINE
  5
CA7
  8
SHEET
 62
5
 10
124.0
 20
23.0
 30
0.0
 11
125.0
 21
23.0
 31
0.0
  0
LINE
  5
CA8
  8
SHEET
 62
5
 10
125.0
 20
23.0
 30
0.0
 11
126.0
 21
23.0
 31
0.0
  0
LINE
  5
CA9
  8
SHEET
 62
5
 10
126.0
 20
23.0
 30
0.0
 11
127.0
 21
23.0
 31
0.0
  0
LINE
  5
CAA
  8
SHEET
 62
5
 10
127.0
 20
23.0
 30
0.0
 11
128.0
 21
23.0
 31
0.0
  0
LINE
  5
CAB
  8
SHEET
 62
5
 10
128.0
 20
23.0
 30
0.0
 11
129.0
 21
23.0
 31
0.0
  0
LINE
  5
CAC
  8
SHEET
 62
5
 10
129.0
 20
23.0
 30
0.0
 11
130.0
 21
23.0
 31
0.0
  0
LINE
  5
CAD
  8
SHEET
 62
5
 10
130.0
 20
23.0
 30
0.0
 11
131.0
 21
23.0
 31
0.0
  0
LINE
  5
CAE
  8
SHEET
 62
5
 10
131.0
 20
23.0
 30
0.0
 11
132.0
 21
23.0
 31
0.0
  0
LINE
  5
CAF
  8
SHEET
 62
5
 10
132.0
 20
23.0
 30
0.0
 11
133.0
 21
23.0
 31
0.0
  0
LINE
  5
CB0
  8
SHEET
 62
5
 10
133.0
 20
23.0
 30
0.0
 11
134.0
 21
23.0
 31
0.0
  0
LINE
  5
CB1
  8
SHEET
 62
5
 10
134.0
 20
23.0
 30
0.0
 11
135.0
 21
23.0
 31
0.0
  0
LINE
  5
CB2
  8
SHEET
 62
5
 10
135.0
 20
23.0
 30
0.0
 11
136.0
 21
23.0
 31
0.0
  0
LINE
  5
CB3
  8
SHEET
 62
5
 10
136.0
 20
23.0
 30
0.0
 11
137.0
 21
23.0
 31
0.0
  0
LINE
  5
CB4
  8
SHEET
 62
5
 10
137.0
 20
23.0
 30
0.0
 11
138.0
 21
23.0
 31
0.0
  0
LINE
  5
CB5
  8
SHEET
 62
5
 10
138.0
 20
23.0
 30
0.0
 11
139.0
 21
23.0
 31
0.0
  0
LINE
  5
CB6
  8
SHEET
 62
5
 10
139.0
 20
23.0
 30
0.0
 11
140.0
 21
23.0
 31
0.0
  0
LINE
  5
CB7
  8
SHEET
 62
5
 10
140.0
 20
23.0
 30
0.0
 11
141.0
 21
23.0
 31
0.0
  0
LINE
  5
CB8
  8
SHEET
 62
5
 10
141.0
 20
23.0
 30
0.0
 11
142.0
 21
23.0
 31
0.0
  0
LINE
  5
CB9
  8
SHEET
 62
5
 10
142.0
 20
23.0
 30
0.0
 11
143.0
 21
23.0
 31
0.0
  0
LINE
  5
CBA
  8
SHEET
 62
5
 10
143.0
 20
23.0
 30
0.0
 11
144.0
 21
23.0
 31
0.0
  0
LINE
  5
CBB
  8
SHEET
 62
5
 10
144.0
 20
23.0
 30
0.0
 11
145.0
 21
23.0
 31
0.0
  0
LINE
  5
CBC
  8
SHEET
 62
5
 10
145.0
 20
23.0
 30
0.0
 11
146.0
 21
23.0
 31
0.0
  0
LINE
  5
CBD
  8
SHEET
 62
5
 10
146.0
 20
23.0
 30
0.0
 11
147.0
 21
23.0
 31
0.0
  0
LINE
  5
CBE
  8
SHEET
 62
5
 10
147.0
 20
23.0
 30
0.0
 11
148.0
 21
23.0
 31
0.0
  0
LINE
  5
CBF
  8
SHEET
 62
5
 10
148.0
 20
23.0
 30
0.0
 11
149.0
 21
23.0
 31
0.0
  0
LINE
  5
CC0
  8
SHEET
 62
5
 10
149.0
 20
23.0
 30
0.0
 11
150.0
 21
23.0
 31
0.0
  0
LINE
  5
CC1
  8
SHEET
 62
5
 10
150.0
 20
23.0
 30
0.0
 11
151.0
 21
23.0
 31
0.0
  0
LINE
  5
CC2
  8
SHEET
 62
5
 10
151.0
 20
23.0
 30
0.0
 11
152.0
 21
23.0
 31
0.0
  0
LINE
  5
CC3
  8
SHEET
 62
5
 10
152.0
 20
23.0
 30
0.0
 11
153.0
 21
23.0
 31
0.0
  0
LINE
  5
CC4
  8
SHEET
 62
5
 10
153.0
 20
23.0
 30
0.0
 11
154.0
 21
23.0
 31
0.0
  0
LINE
  5
CC5
  8
SHEET
 62
5
 10
154.0
 20
23.0
 30
0.0
 11
155.0
 21
23.0
 31
0.0
  0
LINE
  5
CC6
  8
SHEET
 62
5
 10
155.0
 20
23.0
 30
0.0
 11
156.0
 21
23.0
 31
0.0
  0
LINE
  5
CC7
  8
SHEET
 62
5
 10
156.0
 20
23.0
 30
0.0
 11
157.0
 21
23.0
 31
0.0
  0
LINE
  5
CC8
  8
SHEET
 62
5
 10
157.0
 20
23.0
 30
0.0
 11
158.0
 21
23.0
 31
0.0
  0
LINE
  5
CC9
  8
SHEET
 62
5
 10
158.0
 20
23.0
 30
0.0
 11
159.0
 21
23.0
 31
0.0
  0
LINE
  5
CCA
  8
SHEET
 62
5
 10
159.0
 20
23.0
 30
0.0
 11
160.0
 21
23.0
 31
0.0
  0
LINE
  5
CCB
  8
SHEET
 62
5
 10
160.0
 20
23.0
 30
0.0
 11
161.0
 21
23.0
 31
0.0
  0
LINE
  5
CCC
  8
SHEET
 62
5
 10
161.0
 20
23.0
 30
0.0
 11
162.0
 21
23.0
 31
0.0
  0
LINE
  5
CCD
  8
SHEET
 62
5
 10
162.0
 20
23.0
 30
0.0
 11
163.0
 21
23.0
 31
0.0
  0
LINE
  5
CCE
  8
SHEET
 62
5
 10
163.0
 20
23.0
 30
0.0
 11
164.0
 21
23.0
 31
0.0
  0
LINE
  5
CCF
  8
SHEET
 62
5
 10
164.0
 20
23.0
 30
0.0
 11
165.0
 21
23.0
 31
0.0
  0
LINE
  5
CD0
  8
SHEET
 62
5
 10
165.0
 20
23.0
 30
0.0
 11
166.0
 21
23.0
 31
0.0
  0
LINE
  5
CD1
  8
SHEET
 62
5
 10
166.0
 20
23.0
 30
0.0
 11
167.0
 21
23.0
 31
0.0
  0
LINE
  5
CD2
  8
SHEET
 62
5
 10
167.0
 20
23.0
 30
0.0
 11
168.0
 21
23.0
 31
0.0
  0
LINE
  5
CD3
  8
SHEET
 62
5
 10
168.0
 20
23.0
 30
0.0
 11
169.0
 21
23.0
 31
0.0
  0
LINE
  5
CD4
  8
SHEET
 62
5
 10
169.0
 20
23.0
 30
0.0
 11
170.0
 21
23.0
 31
0.0
  0
LINE
  5
CD5
  8
SHEET
 62
5
 10
170.0
 20
23.0
 30
0.0
 11
171.0
 21
23.0
 31
0.0
  0
LINE
  5
CD6
  8
SHEET
 62
5
 10
171.0
 20
23.0
 30
0.0
 11
172.0
 21
23.0
 31
0.0
  0
LINE
  5
CD7
  8
SHEET
 62
5
 10
172.0
 20
23.0
 30
0.0
 11
173.0
 21
23.0
 31
0.0
  0
LINE
  5
CD8
  8
SHEET
 62
5
 10
173.0
 20
23.0
 30
0.0
 11
174.0
 21
23.0
 31
0.0
  0
LINE
  5
CD9
  8
SHEET
 62
5
 10
174.0
 20
23.0
 30
0.0
 11
175.0
 21
23.0
 31
0.0
  0
LINE
  5
CDA
  8
SHEET
 62
5
 10
175.0
 20
23.0
 30
0.0
 11
176.0
 21
23.0
 31
0.0
  0
LINE
  5
CDB
  8
SHEET
 62
5
 10
176.0
 20
23.0
 30
0.0
 11
177.0
 21
23.0
 31
0.0
  0
LINE
  5
CDC
  8
SHEET
 62
5
 10
177.0
 20
23.0
 30
0.0
 11
178.0
 21
23.0
 31
0.0
  0
LINE
  5
CDD
  8
SHEET
 62
5
 10
178.0
 20
23.0
 30
0.0
 11
179.0
 21
23.0
 31
0.0
  0
LINE
  5
CDE
  8
SHEET
 62
5
 10
179.0
 20
23.0
 30
0.0
 11
180.0
 21
23.0
 31
0.0
  0
LINE
  5
CDF
  8
SHEET
 62
5
 10
180.0
 20
23.0
 30
0.0
 11
180.0
 21
24.0
 31
0.0
  0
LINE
  5
CE0
  8
SHEET
 62
5
 10
40.0
 20
22.0
 30
0.0
 11
40.0
 21
23.0
 31
0.0
  0
LINE
  5
CE1
  8
SHEET
 62
5
 10
43.0
 20
22.0
 30
0.0
 11
43.0
 21
23.0
 31
0.0
  0
LINE
  5
CE2
  8
SHEET
 62
5
 10
44.0
 20
22.0
 30
0.0
 11
44.0
 21
23.0
 31
0.0
  0
LINE
  5
CE3
  8
SHEET
 62
5
 10
45.0
 20
22.0
 30
0.0
 11
45.0
 21
23.0
 31
0.0
  0
LINE
  5
CE4
  8
SHEET
 62
5
 10
40.0
 20
21.0
 30
0.0
 11
40.0
 21
22.0
 31
0.0
  0
LINE
  5
CE5
  8
SHEET
 62
5
 10
43.0
 20
21.0
 30
0.0
 11
43.0
 21
22.0
 31
0.0
  0
LINE
  5
CE6
  8
SHEET
 62
5
 10
44.0
 20
21.0
 30
0.0
 11
44.0
 21
22.0
 31
0.0
  0
LINE
  5
CE7
  8
SHEET
 62
5
 10
45.0
 20
21.0
 30
0.0
 11
45.0
 21
22.0
 31
0.0
  0
LINE
  5
CE8
  8
SHEET
 62
5
 10
40.0
 20
20.0
 30
0.0
 11
40.0
 21
21.0
 31
0.0
  0
LINE
  5
CE9
  8
SHEET
 62
5
 10
43.0
 20
20.0
 30
0.0
 11
43.0
 21
21.0
 31
0.0
  0
LINE
  5
CEA
  8
SHEET
 62
5
 10
44.0
 20
20.0
 30
0.0
 11
44.0
 21
21.0
 31
0.0
  0
LINE
  5
CEB
  8
SHEET
 62
5
 10
45.0
 20
20.0
 30
0.0
 11
45.0
 21
21.0
 31
0.0
  0
LINE
  5
CEC
  8
SHEET
 62
5
 10
40.0
 20
19.0
 30
0.0
 11
40.0
 21
20.0
 31
0.0
  0
LINE
  5
CED
  8
SHEET
 62
5
 10
43.0
 20
19.0
 30
0.0
 11
43.0
 21
20.0
 31
0.0
  0
LINE
  5
CEE
  8
SHEET
 62
5
 10
44.0
 20
19.0
 30
0.0
 11
44.0
 21
20.0
 31
0.0
  0
LINE
  5
CEF
  8
SHEET
 62
5
 10
45.0
 20
19.0
 30
0.0
 11
45.0
 21
20.0
 31
0.0
  0
LINE
  5
CF0
  8
SHEET
 62
5
 10
40.0
 20
18.0
 30
0.0
 11
40.0
 21
19.0
 31
0.0
  0
LINE
  5
CF1
  8
SHEET
 62
5
 10
43.0
 20
18.0
 30
0.0
 11
43.0
 21
19.0
 31
0.0
  0
LINE
  5
CF2
  8
SHEET
 62
5
 10
44.0
 20
18.0
 30
0.0
 11
44.0
 21
19.0
 31
0.0
  0
LINE
  5
CF3
  8
SHEET
 62
5
 10
45.0
 20
18.0
 30
0.0
 11
45.0
 21
19.0
 31
0.0
  0
LINE
  5
CF4
  8
SHEET
 62
5
 10
40.0
 20
17.0
 30
0.0
 11
40.0
 21
18.0
 31
0.0
  0
LINE
  5
CF5
  8
SHEET
 62
5
 10
43.0
 20
17.0
 30
0.0
 11
43.0
 21
18.0
 31
0.0
  0
LINE
  5
CF6
  8
SHEET
 62
5
 10
44.0
 20
17.0
 30
0.0
 11
44.0
 21
18.0
 31
0.0
  0
LINE
  5
CF7
  8
SHEET
 62
5
 10
45.0
 20
17.0
 30
0.0
 11
45.0
 21
18.0
 31
0.0
  0
LINE
  5
CF8
  8
SHEET
 62
5
 10
40.0
 20
16.0
 30
0.0
 11
40.0
 21
17.0
 31
0.0
  0
LINE
  5
CF9
  8
SHEET
 62
5
 10
43.0
 20
16.0
 30
0.0
 11
43.0
 21
17.0
 31
0.0
  0
LINE
  5
CFA
  8
SHEET
 62
5
 10
44.0
 20
16.0
 30
0.0
 11
44.0
 21
17.0
 31
0.0
  0
LINE
  5
CFB
  8
SHEET
 62
5
 10
45.0
 20
16.0
 30
0.0
 11
45.0
 21
17.0
 31
0.0
  0
LINE
  5
CFC
  8
SHEET
 62
5
 10
40.0
 20
15.0
 30
0.0
 11
40.0
 21
16.0
 31
0.0
  0
LINE
  5
CFD
  8
SHEET
 62
5
 10
43.0
 20
15.0
 30
0.0
 11
43.0
 21
16.0
 31
0.0
  0
LINE
  5
CFE
  8
SHEET
 62
5
 10
44.0
 20
15.0
 30
0.0
 11
44.0
 21
16.0
 31
0.0
  0
LINE
  5
CFF
  8
SHEET
 62
5
 10
45.0
 20
15.0
 30
0.0
 11
45.0
 21
16.0
 31
0.0
  0
LINE
  5
D00
  8
SHEET
 62
5
 10
40.0
 20
14.0
 30
0.0
 11
40.0
 21
15.0
 31
0.0
  0
LINE
  5
D01
  8
SHEET
 62
5
 10
43.0
 20
14.0
 30
0.0
 11
43.0
 21
15.0
 31
0.0
  0
LINE
  5
D02
  8
SHEET
 62
5
 10
44.0
 20
14.0
 30
0.0
 11
44.0
 21
15.0
 31
0.0
  0
LINE
  5
D03
  8
SHEET
 62
5
 10
45.0
 20
14.0
 30
0.0
 11
45.0
 21
15.0
 31
0.0
  0
LINE
  5
D04
  8
SHEET
 62
5
 10
40.0
 20
13.0
 30
0.0
 11
40.0
 21
14.0
 31
0.0
  0
LINE
  5
D05
  8
SHEET
 62
5
 10
43.0
 20
13.0
 30
0.0
 11
43.0
 21
14.0
 31
0.0
  0
LINE
  5
D06
  8
SHEET
 62
5
 10
44.0
 20
13.0
 30
0.0
 11
44.0
 21
14.0
 31
0.0
  0
LINE
  5
D07
  8
SHEET
 62
5
 10
45.0
 20
13.0
 30
0.0
 11
45.0
 21
14.0
 31
0.0
  0
LINE
  5
D08
  8
SHEET
 62
5
 10
40.0
 20
12.0
 30
0.0
 11
40.0
 21
13.0
 31
0.0
  0
LINE
  5
D09
  8
SHEET
 62
5
 10
43.0
 20
12.0
 30
0.0
 11
43.0
 21
13.0
 31
0.0
  0
LINE
  5
D0A
  8
SHEET
 62
5
 10
44.0
 20
12.0
 30
0.0
 11
44.0
 21
13.0
 31
0.0
  0
LINE
  5
D0B
  8
SHEET
 62
5
 10
45.0
 20
12.0
 30
0.0
 11
45.0
 21
13.0
 31
0.0
  0
LINE
  5
D0C
  8
SHEET
 62
5
 10
40.0
 20
11.0
 30
0.0
 11
40.0
 21
12.0
 31
0.0
  0
LINE
  5
D0D
  8
SHEET
 62
5
 10
43.0
 20
11.0
 30
0.0
 11
43.0
 21
12.0
 31
0.0
  0
LINE
  5
D0E
  8
SHEET
 62
5
 10
44.0
 20
11.0
 30
0.0
 11
44.0
 21
12.0
 31
0.0
  0
LINE
  5
D0F
  8
SHEET
 62
5
 10
45.0
 20
11.0
 30
0.0
 11
45.0
 21
12.0
 31
0.0
  0
LINE
  5
D10
  8
SHEET
 62
5
 10
40.0
 20
10.0
 30
0.0
 11
40.0
 21
11.0
 31
0.0
  0
LINE
  5
D11
  8
SHEET
 62
5
 10
43.0
 20
10.0
 30
0.0
 11
43.0
 21
11.0
 31
0.0
  0
LINE
  5
D12
  8
SHEET
 62
5
 10
44.0
 20
10.0
 30
0.0
 11
44.0
 21
11.0
 31
0.0
  0
LINE
  5
D13
  8
SHEET
 62
5
 10
45.0
 20
10.0
 30
0.0
 11
45.0
 21
11.0
 31
0.0
  0
LINE
  5
D14
  8
SHEET
 62
5
 10
40.0
 20
9.0
 30
0.0
 11
40.0
 21
10.0
 31
0.0
  0
LINE
  5
D15
  8
SHEET
 62
5
 10
43.0
 20
9.0
 30
0.0
 11
43.0
 21
10.0
 31
0.0
  0
LINE
  5
D16
  8
SHEET
 62
5
 10
44.0
 20
9.0
 30
0.0
 11
44.0
 21
10.0
 31
0.0
  0
LINE
  5
D17
  8
SHEET
 62
5
 10
45.0
 20
9.0
 30
0.0
 11
45.0
 21
10.0
 31
0.0
  0
LINE
  5
D18
  8
SHEET
 62
5
 10
40.0
 20
8.0
 30
0.0
 11
40.0
 21
9.0
 31
0.0
  0
LINE
  5
D19
  8
SHEET
 62
5
 10
43.0
 20
8.0
 30
0.0
 11
43.0
 21
9.0
 31
0.0
  0
LINE
  5
D1A
  8
SHEET
 62
5
 10
44.0
 20
8.0
 30
0.0
 11
44.0
 21
9.0
 31
0.0
  0
LINE
  5
D1B
  8
SHEET
 62
5
 10
45.0
 20
8.0
 30
0.0
 11
45.0
 21
9.0
 31
0.0
  0
LINE
  5
D1C
  8
SHEET
 62
5
 10
40.0
 20
7.0
 30
0.0
 11
40.0
 21
8.0
 31
0.0
  0
LINE
  5
D1D
  8
SHEET
 62
5
 10
43.0
 20
7.0
 30
0.0
 11
43.0
 21
8.0
 31
0.0
  0
LINE
  5
D1E
  8
SHEET
 62
5
 10
44.0
 20
7.0
 30
0.0
 11
44.0
 21
8.0
 31
0.0
  0
LINE
  5
D1F
  8
SHEET
 62
5
 10
45.0
 20
7.0
 30
0.0
 11
45.0
 21
8.0
 31
0.0
  0
LINE
  5
D20
  8
SHEET
 62
5
 10
40.0
 20
6.0
 30
0.0
 11
40.0
 21
7.0
 31
0.0
  0
LINE
  5
D21
  8
SHEET
 62
5
 10
43.0
 20
6.0
 30
0.0
 11
43.0
 21
7.0
 31
0.0
  0
LINE
  5
D22
  8
SHEET
 62
5
 10
44.0
 20
6.0
 30
0.0
 11
44.0
 21
7.0
 31
0.0
  0
LINE
  5
D23
  8
SHEET
 62
5
 10
45.0
 20
6.0
 30
0.0
 11
45.0
 21
7.0
 31
0.0
  0
LINE
  5
D24
  8
SHEET
 62
5
 10
40.0
 20
5.0
 30
0.0
 11
40.0
 21
6.0
 31
0.0
  0
LINE
  5
D25
  8
SHEET
 62
5
 10
43.0
 20
5.0
 30
0.0
 11
43.0
 21
6.0
 31
0.0
  0
LINE
  5
D26
  8
SHEET
 62
5
 10
44.0
 20
5.0
 30
0.0
 11
44.0
 21
6.0
 31
0.0
  0
LINE
  5
D27
  8
SHEET
 62
5
 10
45.0
 20
5.0
 30
0.0
 11
45.0
 21
6.0
 31
0.0
  0
LINE
  5
D28
  8
SHEET
 62
5
 10
40.0
 20
4.0
 30
0.0
 11
40.0
 21
5.0
 31
0.0
  0
LINE
  5
D29
  8
SHEET
 62
5
 10
43.0
 20
4.0
 30
0.0
 11
43.0
 21
5.0
 31
0.0
  0
LINE
  5
D2A
  8
SHEET
 62
5
 10
44.0
 20
4.0
 30
0.0
 11
44.0
 21
5.0
 31
0.0
  0
LINE
  5
D2B
  8
SHEET
 62
5
 10
45.0
 20
4.0
 30
0.0
 11
45.0
 21
5.0
 31
0.0
  0
LINE
  5
D2C
  8
SHEET
 62
5
 10
40.0
 20
3.0
 30
0.0
 11
40.0
 21
4.0
 31
0.0
  0
LINE
  5
D2D
  8
SHEET
 62
5
 10
43.0
 20
3.0
 30
0.0
 11
43.0
 21
4.0
 31
0.0
  0
LINE
  5
D2E
  8
SHEET
 62
5
 10
44.0
 20
3.0
 30
0.0
 11
44.0
 21
4.0
 31
0.0
  0
LINE
  5
D2F
  8
SHEET
 62
5
 10
45.0
 20
3.0
 30
0.0
 11
45.0
 21
4.0
 31
0.0
  0
LINE
  5
D30
  8
SHEET
 62
5
 10
40.0
 20
2.0
 30
0.0
 11
40.0
 21
3.0
 31
0.0
  0
LINE
  5
D31
  8
SHEET
 62
5
 10
43.0
 20
2.0
 30
0.0
 11
43.0
 21
3.0
 31
0.0
  0
LINE
  5
D32
  8
SHEET
 62
5
 10
44.0
 20
2.0
 30
0.0
 11
44.0
 21
3.0
 31
0.0
  0
LINE
  5
D33
  8
SHEET
 62
5
 10
45.0
 20
2.0
 30
0.0
 11
45.0
 21
3.0
 31
0.0
  0
LINE
  5
D34
  8
SHEET
 62
5
 10
40.0
 20
1.0
 30
0.0
 11
40.0
 21
2.0
 31
0.0
  0
LINE
  5
D35
  8
SHEET
 62
5
 10
43.0
 20
1.0
 30
0.0
 11
43.0
 21
2.0
 31
0.0
  0
LINE
  5
D36
  8
SHEET
 62
5
 10
44.0
 20
1.0
 30
0.0
 11
44.0
 21
2.0
 31
0.0
  0
LINE
  5
D37
  8
SHEET
 62
5
 10
45.0
 20
1.0
 30
0.0
 11
45.0
 21
2.0
 31
0.0
  0
LINE
  5
D38
  8
SHEET
 62
5
 10
40.0
 20
0.0
 30
0.0
 11
41.0
 21
0.0
 31
0.0
  0
LINE
  5
D39
  8
SHEET
 62
5
 10
40.0
 20
0.0
 30
0.0
 11
40.0
 21
1.0
 31
0.0
  0
LINE
  5
D3A
  8
SHEET
 62
7
 10
41.0
 20
0.0
 30
0.0
 11
42.0
 21
0.0
 31
0.0
  0
LINE
  5
D3B
  8
SHEET
 62
5
 10
42.0
 20
0.0
 30
0.0
 11
43.0
 21
0.0
 31
0.0
  0
LINE
  5
D3C
  8
SHEET
 62
5
 10
43.0
 20
0.0
 30
0.0
 11
43.0
 21
1.0
 31
0.0
  0
LINE
  5
D3D
  8
SHEET
 62
5
 10
44.0
 20
0.0
 30
0.0
 11
45.0
 21
0.0
 31
0.0
  0
LINE
  5
D3E
  8
SHEET
 62
5
 10
44.0
 20
0.0
 30
0.0
 11
44.0
 21
1.0
 31
0.0
  0
LINE
  5
D3F
  8
SHEET
 62
5
 10
45.0
 20
0.0
 30
0.0
 11
45.0
 21
1.0
 31
0.0
  0
ENDSEC
  0
EOF
